sessionId,model,actionId,s_t_img,s_t1_img,after_yaw,after_pitch,delta_yaw,delta_pitch,init_yaw,init_pitch,t_start_ms,t_end_ms,duration_ms,server_received_ms
VCURIOSITY_13,Set_11_elong_glossy_3.glb,-1,,,,,,,269.12961532502,4.923849754810817,,,,1760044477604
VCURIOSITY_13,Set_11_elong_glossy_3.glb,3,1760044483278-88147_before.png,1760044483278-88147_after.png,274.12961532502,4.923849754810817,5,0,,,1760044483278,1760044483334,56,1760044483339
VCURIOSITY_13,Set_11_elong_glossy_3.glb,3,1760044483454-572322_before.png,1760044483454-572322_after.png,279.12961532502,4.923849754810817,5,0,,,1760044483454,1760044483506,52,1760044483511
VCURIOSITY_13,Set_11_elong_glossy_3.glb,3,1760044483727-513370_before.png,1760044483727-513370_after.png,284.12961532502,4.923849754810817,5,0,,,1760044483726,1760044483781,55,1760044483787
VCURIOSITY_13,Set_11_elong_glossy_3.glb,3,1760044483918-520958_before.png,1760044483918-520958_after.png,289.12961532502,4.923849754810817,5,0,,,1760044483918,1760044483969,51,1760044483975
VCURIOSITY_13,Set_11_elong_glossy_3.glb,3,1760044484094-879811_before.png,1760044484094-879811_after.png,294.12961532502,4.923849754810817,5,0,,,1760044484094,1760044484152,58,1760044484154
VCURIOSITY_13,Set_11_elong_glossy_3.glb,3,1760044484270-411904_before.png,1760044484270-411904_after.png,299.12961532502,4.923849754810817,5,0,,,1760044484270,1760044484323,53,1760044484330
VCURIOSITY_13,Set_11_elong_glossy_3.glb,3,1760044484431-229601_before.png,1760044484431-229601_after.png,304.12961532502,4.923849754810817,5,0,,,1760044484431,1760044484489,58,1760044484490
VCURIOSITY_13,Set_11_elong_glossy_3.glb,3,1760044484623-647618_before.png,1760044484623-647618_after.png,309.12961532502,4.923849754810817,5,0,,,1760044484623,1760044484676,53,1760044484684
VCURIOSITY_13,Set_11_elong_glossy_3.glb,3,1760044484798-836830_before.png,1760044484798-836830_after.png,314.12961532502,4.923849754810817,5,0,,,1760044484798,1760044484855,57,1760044484863
VCURIOSITY_13,Set_11_elong_glossy_3.glb,3,1760044484991-337069_before.png,1760044484991-337069_after.png,319.12961532502,4.923849754810817,5,0,,,1760044484991,1760044485042,51,1760044485045
VCURIOSITY_13,Set_11_elong_glossy_3.glb,3,1760044485198-525987_before.png,1760044485198-525987_after.png,324.12961532502,4.923849754810817,5,0,,,1760044485198,1760044485250,52,1760044485253
VCURIOSITY_13,Set_11_elong_glossy_3.glb,3,1760044485407-631016_before.png,1760044485407-631016_after.png,329.12961532502,4.923849754810817,5,0,,,1760044485407,1760044485465,58,1760044485470
VCURIOSITY_13,Set_11_elong_glossy_3.glb,3,1760044485598-75416_before.png,1760044485598-75416_after.png,334.12961532502,4.923849754810817,5,0,,,1760044485598,1760044485649,51,1760044485655
VCURIOSITY_13,Set_11_elong_glossy_3.glb,3,1760044485774-457122_before.png,1760044485774-457122_after.png,339.12961532502,4.923849754810817,5,0,,,1760044485774,1760044485829,55,1760044485834
VCURIOSITY_13,Set_11_elong_glossy_3.glb,3,1760044485967-159451_before.png,1760044485967-159451_after.png,344.12961532502,4.923849754810817,5,0,,,1760044485967,1760044486019,52,1760044486015
VCURIOSITY_13,Set_11_elong_glossy_3.glb,3,1760044486159-927375_before.png,1760044486159-927375_after.png,349.12961532502,4.923849754810817,5,0,,,1760044486159,1760044486220,61,1760044486222
VCURIOSITY_13,Set_11_elong_glossy_3.glb,3,1760044486414-659338_before.png,1760044486414-659338_after.png,354.12961532502004,4.923849754810817,5,0,,,1760044486414,1760044486473,59,1760044486480
VCURIOSITY_13,Set_11_elong_glossy_3.glb,3,1760044486990-466563_before.png,1760044486990-466563_after.png,359.12961532502004,4.923849754810817,5,0,,,1760044486990,1760044487049,59,1760044487052
VCURIOSITY_13,Set_11_elong_glossy_3.glb,3,1760044487230-299718_before.png,1760044487230-299718_after.png,4.1296153250200405,4.923849754810817,5,0,,,1760044487230,1760044487285,55,1760044487291
VCURIOSITY_13,Set_11_elong_glossy_3.glb,3,1760044487391-200602_before.png,1760044487391-200602_after.png,9.12961532502004,4.923849754810817,5,0,,,1760044487390,1760044487448,58,1760044487454
VCURIOSITY_13,Set_11_elong_glossy_3.glb,3,1760044487566-213949_before.png,1760044487566-213949_after.png,14.12961532502004,4.923849754810817,5,0,,,1760044487566,1760044487624,58,1760044487624
VCURIOSITY_13,Set_11_elong_glossy_3.glb,3,1760044487774-590138_before.png,1760044487774-590138_after.png,19.12961532502004,4.92384975481076,5,0,,,1760044487774,1760044487832,58,1760044487838
VCURIOSITY_13,Set_11_elong_glossy_3.glb,3,1760044487982-526032_before.png,1760044487982-526032_after.png,24.12961532502004,4.92384975481076,5,0,,,1760044487982,1760044488037,55,1760044488043
VCURIOSITY_13,Set_11_elong_glossy_3.glb,3,1760044488174-40746_before.png,1760044488174-40746_after.png,29.12961532502004,4.92384975481076,5,0,,,1760044488174,1760044488225,51,1760044488229
VCURIOSITY_13,Set_11_elong_glossy_3.glb,3,1760044488367-193345_before.png,1760044488367-193345_after.png,34.1296153250201,4.92384975481076,5,0,,,1760044488367,1760044488417,50,1760044488422
VCURIOSITY_13,Set_11_elong_glossy_3.glb,3,1760044488558-798245_before.png,1760044488558-798245_after.png,39.1296153250201,4.92384975481076,5,0,,,1760044488558,1760044488612,54,1760044488613
VCURIOSITY_13,Set_11_elong_glossy_3.glb,3,1760044488749-687307_before.png,1760044488749-687307_after.png,44.1296153250201,4.92384975481076,5,0,,,1760044488749,1760044488806,57,1760044488806
VCURIOSITY_13,Set_11_elong_glossy_3.glb,3,1760044488974-604137_before.png,1760044488974-604137_after.png,49.1296153250201,4.923849754810703,5,0,,,1760044488974,1760044489025,51,1760044489019
VCURIOSITY_13,Set_11_elong_glossy_3.glb,3,1760044489197-965945_before.png,1760044489197-965945_after.png,54.129615325020154,4.923849754810703,5,0,,,1760044489197,1760044489249,52,1760044489254
VCURIOSITY_13,Set_11_elong_glossy_3.glb,3,1760044489390-333221_before.png,1760044489390-333221_after.png,59.129615325020154,4.923849754810703,5,0,,,1760044489390,1760044489451,61,1760044489453
VCURIOSITY_13,Set_11_elong_glossy_3.glb,3,1760044489598-7665_before.png,1760044489598-7665_after.png,64.12961532502015,4.923849754810703,5,0,,,1760044489598,1760044489652,54,1760044489657
VCURIOSITY_13,Set_11_elong_glossy_3.glb,3,1760044489741-758699_before.png,1760044489741-758699_after.png,69.12961532502021,4.923849754810703,5,0,,,1760044489741,1760044489796,55,1760044489789
VCURIOSITY_13,Set_11_elong_glossy_3.glb,3,1760044489935-196759_before.png,1760044489935-196759_after.png,74.12961532502027,4.923849754810703,5,0,,,1760044489935,1760044489996,61,1760044490002
VCURIOSITY_13,Set_11_elong_glossy_3.glb,3,1760044490110-890862_before.png,1760044490110-890862_after.png,79.12961532502027,4.923849754810647,5,0,,,1760044490110,1760044490164,54,1760044490167
VCURIOSITY_13,Set_11_elong_glossy_3.glb,3,1760044490302-466235_before.png,1760044490302-466235_after.png,84.12961532502032,4.923849754810647,5,0,,,1760044490302,1760044490354,52,1760044490356
VCURIOSITY_13,Set_11_elong_glossy_3.glb,3,1760044490493-144411_before.png,1760044490493-144411_after.png,89.12961532502038,4.923849754810647,5,0,,,1760044490493,1760044490547,54,1760044490550
VCURIOSITY_13,Set_11_elong_glossy_3.glb,3,1760044490718-217038_before.png,1760044490718-217038_after.png,94.12961532502044,4.923849754810647,5,0,,,1760044490718,1760044490770,52,1760044490771
VCURIOSITY_13,Set_11_elong_glossy_3.glb,3,1760044490990-952846_before.png,1760044490990-952846_after.png,99.1296153250205,4.923849754810647,5,0,,,1760044490990,1760044491043,53,1760044491044
VCURIOSITY_13,Set_11_elong_glossy_3.glb,3,1760044491422-242215_before.png,1760044491422-242215_after.png,104.12961532502004,4.923849754810703,4.999999999999545,0,,,1760044491422,1760044491475,53,1760044491478
VCURIOSITY_13,Set_11_elong_glossy_3.glb,3,1760044491646-664571_before.png,1760044491646-664571_after.png,109.12961532502004,4.923849754810703,5,0,,,1760044491646,1760044491699,53,1760044491704
VCURIOSITY_13,Set_11_elong_glossy_3.glb,3,1760044491838-715449_before.png,1760044491838-715449_after.png,114.12961532502004,4.923849754810703,5,0,,,1760044491838,1760044491892,54,1760044491898
VCURIOSITY_13,Set_11_elong_glossy_3.glb,3,1760044492494-549521_before.png,1760044492494-549521_after.png,119.12961532502004,4.923849754810703,5,0,,,1760044492494,1760044492548,54,1760044492539
VCURIOSITY_13,Set_11_elong_glossy_3.glb,3,1760044492719-668135_before.png,1760044492719-668135_after.png,124.1296153250201,4.923849754810703,5,0,,,1760044492719,1760044492770,51,1760044492774
VCURIOSITY_13,Set_11_elong_glossy_3.glb,3,1760044492911-318561_before.png,1760044492911-318561_after.png,129.12961532502004,4.923849754810703,5,0,,,1760044492911,1760044492964,53,1760044492972
VCURIOSITY_13,Set_11_elong_glossy_3.glb,3,1760044493199-970161_before.png,1760044493199-970161_after.png,134.12961532502004,4.923849754810703,5,0,,,1760044493199,1760044493255,56,1760044493260
VCURIOSITY_13,Set_11_elong_glossy_3.glb,3,1760044493470-226639_before.png,1760044493470-226639_after.png,139.12961532502004,4.923849754810703,5,0,,,1760044493470,1760044493524,54,1760044493531
VCURIOSITY_13,Set_11_elong_glossy_3.glb,3,1760044494158-445113_before.png,1760044494158-445113_after.png,144.12961532502004,4.92384975481076,5,0,,,1760044494158,1760044494209,51,1760044494215
VCURIOSITY_13,Set_11_elong_glossy_3.glb,0,1760044494622-860071_before.png,1760044494622-860071_after.png,143.77093847864364,8.96729098034126,-0.3586768463763974,4.043441225530501,,,1760044494622,1760044494676,54,1760044494681
VCURIOSITY_13,Set_11_elong_glossy_3.glb,0,1760044495150-302715_before.png,1760044495150-302715_after.png,143.19345984253903,12.98660512871436,-0.5774786361046154,4.0193141483730415,,,1760044495150,1760044495211,61,1760044495221
VCURIOSITY_13,Set_11_elong_glossy_3.glb,0,1760044495343-798772_before.png,1760044495343-798772_after.png,142.3839559452632,16.969682427148882,-0.8095038972758175,3.983077298434523,,,1760044495343,1760044495394,51,1760044495396
VCURIOSITY_13,Set_11_elong_glossy_3.glb,0,1760044495534-861921_before.png,1760044495534-861921_after.png,141.3237009767994,20.902990414375267,-1.0602549684638234,3.933307987226385,,,1760044495534,1760044495585,51,1760044495590
VCURIOSITY_13,Set_11_elong_glossy_3.glb,0,1760044495726-465804_before.png,1760044495726-465804_after.png,139.98791585715617,24.770996687589104,-1.3357851196432193,3.8680062732138367,,,1760044495726,1760044495779,53,1760044495784
VCURIOSITY_13,Set_11_elong_glossy_3.glb,0,1760044495918-906333_before.png,1760044495918-906333_after.png,138.34515114645677,28.55547814293959,-1.642764710699339,3.7844814553504875,,,1760044495918,1760044495972,54,1760044495980
VCURIOSITY_13,Set_11_elong_glossy_3.glb,0,1760044496174-100439_before.png,1760044496174-100439_after.png,136.35672797977293,32.234689245516506,-1.9884231666837877,3.6792111025769145,,,1760044496174,1760044496227,53,1760044496232
VCURIOSITY_13,Set_11_elong_glossy_3.glb,0,1760044496398-953404_before.png,1760044496398-953404_after.png,133.97647909851992,35.78237235255318,-2.38024888125301,3.547683107036619,,,1760044496398,1760044496451,53,1760044496457
VCURIOSITY_13,Set_11_elong_glossy_3.glb,0,1760044496637-909608_before.png,1760044496637-909608_after.png,131.151229727378,39.16662218195074,-2.825249371141922,3.384249829397504,,,1760044496637,1760044496700,63,1760044496703
VCURIOSITY_13,Set_11_elong_glossy_3.glb,0,1760044496878-858722_before.png,1760044496878-858722_after.png,127.82275800076536,42.34868117128684,-3.3284717266126336,3.1820589893361557,,,1760044496878,1760044496932,54,1760044496937
VCURIOSITY_13,Set_11_elong_glossy_3.glb,0,1760044497102-619389_before.png,1760044497102-619389_after.png,123.93235716237143,45.281867159753745,-3.89040083839393,2.933185988466903,,,1760044497102,1760044497152,50,1760044497156
VCURIOSITY_13,Set_11_elong_glossy_3.glb,0,1760044497374-274666_before.png,1760044497374-274666_after.png,119.42943498608037,47.91104313705341,-4.502922176291122,2.62917597729961,,,1760044497374,1760044497426,52,1760044497430
VCURIOSITY_13,Set_11_elong_glossy_3.glb,0,1760044497565-659853_before.png,1760044497565-659853_after.png,114.28539596210754,50.17332192208903,-5.144039023972823,2.262278785035619,,,1760044497565,1760044497620,55,1760044497624
VCURIOSITY_13,Set_11_elong_glossy_3.glb,0,1760044497774-550847_before.png,1760044497774-550847_after.png,108.51255119630207,52.000944953842634,-5.77284476580553,1.8276230317535465,,,1760044497774,1760044497832,58,1760044497837
VCURIOSITY_13,Set_11_elong_glossy_3.glb,0,1760044497918-620046_before.png,1760044497918-620046_after.png,102.18420018061778,53.327184965042704,-6.328351015684348,1.3262400112000705,,,1760044497918,1760044497969,51,1760044497971
VCURIOSITY_13,Set_11_elong_glossy_3.glb,0,1760044498110-996765_before.png,1760044498110-996765_after.png,95.44701791438592,54.095262503789,-6.737182266231912,0.7680775387462973,,,1760044498110,1760044498174,64,1760044498176
VCURIOSITY_13,Set_11_elong_glossy_3.glb,0,1760044498286-663806_before.png,1760044498286-663806_after.png,88.5144789276909,54.26850755004932,-6.932538986695022,0.17324504626026282,,,1760044498286,1760044498343,57,1760044498346
VCURIOSITY_13,Set_11_elong_glossy_3.glb,0,1760044498462-757105_before.png,1760044498462-757105_after.png,81.63603495087762,53.83822609695494,-6.878443976813287,-0.4302814530943806,,,1760044498462,1760044498519,57,1760044498524
VCURIOSITY_13,Set_11_elong_glossy_3.glb,0,1760044498654-899439_before.png,1760044498654-899439_after.png,75.05090618474316,52.825717958409314,-6.585128766134403,-1.012508138545627,,,1760044498654,1760044498711,57,1760044498715
VCURIOSITY_13,Set_11_elong_glossy_3.glb,0,1760044498830-935122_before.png,1760044498830-935122_after.png,68.94640233529321,51.277437621250044,-6.104503849449884,-1.5482803371592126,,,1760044498830,1760044498881,51,1760044498885
VCURIOSITY_13,Set_11_elong_glossy_3.glb,0,1760044499038-671889_before.png,1760044499038-671889_after.png,63.43730128501005,49.255652232352816,-5.509101050283107,-2.0217853888972286,,,1760044499038,1760044499093,55,1760044499094
VCURIOSITY_13,Set_11_elong_glossy_3.glb,0,1760044499245-200587_before.png,1760044499245-200587_after.png,58.568614887700164,46.82846283527516,-4.86868639730983,-2.4271893970776546,,,1760044499245,1760044499300,55,1760044499294
VCURIOSITY_13,Set_11_elong_glossy_3.glb,0,1760044499629-245083_before.png,1760044499629-245083_after.png,54.33263631395198,44.062078269314725,-4.235978573748184,-2.7663845659603794,,,1760044499629,1760044499683,54,1760044499683
VCURIOSITY_13,Set_11_elong_glossy_3.glb,0,1760044499902-403676_before.png,1760044499902-403676_after.png,50.689310705289245,41.01627605554887,-3.6433256086627352,-3.04580221376591,,,1760044499902,1760044499953,51,1760044499955
VCURIOSITY_13,Set_11_elong_glossy_3.glb,0,1760044500126-922075_before.png,1760044500126-922075_after.png,47.58320622929273,37.74257466663096,-3.106104475996517,-3.2737013889179707,,,1760044500126,1760044500179,53,1760044500182
VCURIOSITY_13,Set_11_elong_glossy_3.glb,0,1760044500350-197977_before.png,1760044500350-197977_after.png,44.95504076389466,34.284160534696184,-2.6281654653980695,-3.4584141319347736,,,1760044500350,1760044500404,54,1760044500403
VCURIOSITY_13,Set_11_elong_glossy_3.glb,2,1760044500670-757726_before.png,1760044500670-757726_after.png,39.955040763894544,34.284160534696184,-5.000000000000114,0,,,1760044500669,1760044500724,55,1760044500726
VCURIOSITY_13,Set_11_elong_glossy_3.glb,2,1760044500894-268845_before.png,1760044500894-268845_after.png,34.955040763894544,34.284160534696184,-5,0,,,1760044500894,1760044500947,53,1760044500947
VCURIOSITY_13,Set_11_elong_glossy_3.glb,2,1760044501086-727085_before.png,1760044501086-727085_after.png,29.955040763894488,34.28416053469613,-5,0,,,1760044501086,1760044501137,51,1760044501141
VCURIOSITY_13,Set_11_elong_glossy_3.glb,3,1760044501470-324884_before.png,1760044501470-324884_after.png,34.955040763894544,34.284160534696184,5,0,,,1760044501470,1760044501520,50,1760044501513
VCURIOSITY_13,Set_11_elong_glossy_3.glb,3,1760044501678-536624_before.png,1760044501678-536624_after.png,39.955040763894544,34.284160534696184,5,0,,,1760044501678,1760044501731,53,1760044501735
VCURIOSITY_13,Set_11_elong_glossy_3.glb,3,1760044501919-456145_before.png,1760044501919-456145_after.png,44.95504076389466,34.28416053469624,5.000000000000114,0,,,1760044501919,1760044501974,55,1760044501968
VCURIOSITY_13,Set_11_elong_glossy_3.glb,3,1760044502189-372108_before.png,1760044502189-372108_after.png,49.955040763894715,34.28416053469624,5,0,,,1760044502189,1760044502241,52,1760044502245
VCURIOSITY_13,Set_11_elong_glossy_3.glb,0,1760044502478-294821_before.png,1760044502478-294821_after.png,47.5459838333465,30.985553618974564,-2.4090569305482177,-3.2986069157216207,,,1760044502478,1760044502535,57,1760044502540
VCURIOSITY_13,Set_11_elong_glossy_3.glb,0,1760044502814-862367_before.png,1760044502814-862367_after.png,45.51125185697629,27.543900483569303,-2.034731976370267,-3.441653135405204,,,1760044502814,1760044502866,52,1760044502868
VCURIOSITY_13,Set_11_elong_glossy_3.glb,0,1760044503566-187341_before.png,1760044503566-187341_after.png,43.8137143810888,23.98609550705504,-1.6975374758874295,-3.5578049765142623,,,1760044503565,1760044503623,58,1760044503625
VCURIOSITY_13,Set_11_elong_glossy_3.glb,0,1760044503743-973835_before.png,1760044503743-973835_after.png,42.42089736947355,20.334964450415157,-1.392817011615307,-3.6511310566398834,,,1760044503742,1760044503797,55,1760044503799
VCURIOSITY_13,Set_11_elong_glossy_3.glb,0,1760044503983-923801_before.png,1760044503983-923801_after.png,41.305484403897765,16.61003335315803,-1.1154129655758425,-3.7249310972571266,,,1760044503983,1760044504035,52,1760044504038
VCURIOSITY_13,Set_11_elong_glossy_3.glb,3,1760044504446-389396_before.png,1760044504446-389396_after.png,46.30548440389782,16.61003335315803,5,0,,,1760044504446,1760044504502,56,1760044504496
VCURIOSITY_13,Set_11_elong_glossy_3.glb,3,1760044504849-61104_before.png,1760044504849-61104_after.png,51.305484403897935,16.610033353158087,5.000000000000114,0,,,1760044504849,1760044504900,51,1760044504903
VCURIOSITY_13,Set_11_elong_glossy_3.glb,3,1760044505038-998487_before.png,1760044505038-998487_after.png,56.30548440389799,16.610033353158144,5,0,,,1760044505038,1760044505103,65,1760044505109
VCURIOSITY_13,Set_11_elong_glossy_3.glb,3,1760044505294-708305_before.png,1760044505294-708305_after.png,61.305484403898106,16.6100333531582,5.000000000000114,0,,,1760044505294,1760044505345,51,1760044505338
VCURIOSITY_13,Set_11_elong_glossy_3.glb,3,1760044505918-115118_before.png,1760044505918-115118_after.png,66.30548440389828,16.6100333531582,5.000000000000227,0,,,1760044505918,1760044505969,51,1760044505976
VCURIOSITY_33,Set_11_elong_glossy_3.glb,-1,,,,,,,269.12961532502,4.923849754810817,,,,1761191054765
VCURIOSITY_33,Set_11_elong_glossy_3.glb,-1,,,,,,,269.12961532502,4.923849754810817,,,,1761191061274
VCURIOSITY_33,Set_11_elong_glossy_3.glb,-1,,,,,,,269.12961532502,4.923849754810817,,,,1762824263402
VCURIOSITY_33,Set_11_elong_glossy_3.glb,0,1762824551341-611811_before.png,1762824551341-611811_after.png,269.5631201582253,4.980925321928908,0.4335048332052338,0.057075567118090476,,,1762824551341,1762824551394,53,1762824551398
VCURIOSITY_33,Set_11_elong_glossy_3.glb,0,1762824552701-794994_before.png,1762824552701-794994_after.png,270,5,0.4368798417747257,0.01907467807109242,,,1762824552701,1762824552752,51,1762824552754
VCURIOSITY_33,Set_11_elong_glossy_3.glb,0,1762824553101-759012_before.png,1762824553101-759012_after.png,270.4368798417747,4.980925321928908,0.4368798417747257,-0.01907467807109242,,,1762824553101,1762824553154,53,1762824553155
VCURIOSITY_33,Set_11_elong_glossy_3.glb,0,1762824553532-264903_before.png,1762824553532-264903_after.png,270.87038467497996,4.923849754810817,0.4335048332052338,-0.057075567118090476,,,1762824553532,1762824553583,51,1762824553585
VCURIOSITY_33,Set_11_elong_glossy_3.glb,0,1762824553756-65226_before.png,1762824553756-65226_after.png,271.2971686236314,4.829217342540062,0.4267839486515186,-0.09463241227081198,,,1762824553756,1762824553806,50,1762824553808
VCURIOSITY_33,Set_11_elong_glossy_3.glb,0,1762824553964-53356_before.png,1762824553964-53356_after.png,271.71394361402895,4.697763659989903,0.4167749903974709,-0.1314536825501591,,,1762824553964,1762824554015,51,1762824554016
VCURIOSITY_33,Set_11_elong_glossy_3.glb,0,1762824554172-449092_before.png,1762824554172-449092_after.png,272.1175071398383,4.530509156437176,0.40356352580943167,-0.16725450355272642,,,1762824554172,1762824554222,50,1762824554224
VCURIOSITY_33,Set_11_elong_glossy_3.glb,0,1762824554381-157228_before.png,1762824554381-157228_after.png,272.5047687215366,4.328750013155229,0.3872615816983398,-0.20175914328194722,,,1762824554381,1762824554433,52,1762824554435
VCURIOSITY_33,Set_11_elong_glossy_3.glb,0,1762824554572-991924_before.png,1762824554572-991924_after.png,272.8727747164488,4.094046680932536,0.36800599491220964,-0.23470333222269346,,,1762824554572,1762824554623,51,1762824554625
VCURIOSITY_33,Set_11_elong_glossy_3.glb,0,1762824555948-482045_before.png,1762824555948-482045_after.png,273.2187312051924,3.8282102958392557,0.34595648874358176,-0.2658363850932801,,,1762824555948,1762824555999,51,1762824556001
VCURIOSITY_33,Set_11_elong_glossy_3.glb,0,1762824556174-911671_before.png,1762824556174-911671_after.png,273.5400247573564,3.533287194630816,0.32129355216397926,-0.2949231012084965,,,1762824556174,1762824556225,51,1762824556227
VCURIOSITY_33,Set_11_elong_glossy_3.glb,0,1762824556348-18814_before.png,1762824556348-18814_after.png,273.8342409584001,3.2115417642272064,0.29421620104369595,-0.32174543040355275,,,1762824556348,1762824556399,51,1762824556401
VCURIOSITY_33,Set_11_elong_glossy_3.glb,0,1762824556556-751565_before.png,1762824556556-751565_after.png,274.09918065593,2.8654378628952486,0.2649396975299396,-0.3461039013319578,,,1762824556556,1762824556610,54,1762824556612
VCURIOSITY_33,Set_11_elong_glossy_3.glb,0,1762824556748-128765_before.png,1762824556748-128765_after.png,274.33287395207157,2.4976190449198725,0.2336932961416096,-0.3678188179753761,,,1762824556748,1762824556804,56,1762824556807
VCURIOSITY_33,Set_11_elong_glossy_3.glb,0,1762824556941-153218_before.png,1762824556941-153218_after.png,274.5335920257745,2.1108878070289734,0.2007180737030012,-0.38673123789089914,,,1762824556941,1762824556995,54,1762824556997
VCURIOSITY_33,Set_11_elong_glossy_3.glb,0,1762824557132-958665_before.png,1762824557132-958665_after.png,274.69985691181046,1.708184055419565,0.1662648860359468,-0.40270375160935146,,,1762824557132,1762824557186,54,1762824557188
VCURIOSITY_33,Set_11_elong_glossy_3.glb,0,1762824557340-819746_before.png,1762824557340-819746_after.png,274.8304493902844,1.2925629689520406,0.13059247847400002,-0.41562108646758134,,,1762824557340,1762824557395,55,1762824557393
VCURIOSITY_33,Set_11_elong_glossy_3.glb,0,1762824557549-134267_before.png,1762824557549-134267_after.png,274.92441515121374,0.8671724090795578,0.09396576092933628,-0.4253905598725396,,,1762824557549,1762824557601,52,1762824557599
VCURIOSITY_33,Set_11_elong_glossy_3.glb,0,1762824557772-976026_before.png,1762824557772-976026_after.png,274.98106939370024,0.4352300024698934,0.05665424248650197,-0.43194240660966443,,,1762824557772,1762824557825,53,1762824557823
VCURIOSITY_33,Set_11_elong_glossy_3.glb,0,1762824557980-610045_before.png,1762824557980-610045_after.png,275,0,0.018930606299818464,-0.4352300024698934,,,1762824557980,1762824558030,50,1762824558031
VCURIOSITY_33,Set_11_elong_glossy_3.glb,0,1762824558252-245380_before.png,1762824558252-245380_after.png,274.9810693937002,359.56476999753005,-0.018930606299818464,-0.4352300024700071,,,1762824558252,1762824558308,56,1762824558309
VCURIOSITY_33,Set_11_elong_glossy_3.glb,0,1762824558476-853859_before.png,1762824558476-853859_after.png,274.9244151512137,359.13282759092044,-0.05665424248650197,-0.43194240660955074,,,1762824558476,1762824558527,51,1762824558526
VCURIOSITY_33,Set_11_elong_glossy_3.glb,0,1762824558684-104819_before.png,1762824558684-104819_after.png,274.8304493902844,358.70743703104796,-0.0939657609292226,-0.4253905598725396,,,1762824558684,1762824558735,51,1762824558734
VCURIOSITY_33,Set_11_elong_glossy_3.glb,0,1762824559035-438580_before.png,1762824559035-438580_after.png,274.6998569118104,358.29181594458043,-0.13059247847400002,-0.41562108646758134,,,1762824559035,1762824559086,51,1762824559090
VCURIOSITY_33,Set_11_elong_glossy_3.glb,0,1762824559388-833995_before.png,1762824559388-833995_after.png,274.5335920257745,357.889112192971,-0.16626488603583311,-0.40270375160935146,,,1762824559388,1762824559440,52,1762824559440
VCURIOSITY_33,Set_11_elong_glossy_3.glb,0,1762824559610-390425_before.png,1762824559610-390425_after.png,274.33287395207157,357.5023809550801,-0.2007180737030012,-0.38673123789089914,,,1762824559610,1762824559663,53,1762824559666
VCURIOSITY_33,Set_11_elong_glossy_3.glb,0,1762824559867-283437_before.png,1762824559867-283437_after.png,274.09918065593,357.13456213710475,-0.2336932961416096,-0.3678188179753761,,,1762824559867,1762824559924,57,1762824559926
VCURIOSITY_33,Set_11_elong_glossy_3.glb,1,1762824560923-136938_before.png,1762824560923-136938_after.png,274.33287395207157,357.5023809550801,0.2336932961416096,0.3678188179753761,,,1762824560923,1762824560974,51,1762824560976
VCURIOSITY_33,Set_11_elong_glossy_3.glb,1,1762824561163-10061_before.png,1762824561163-10061_after.png,274.5335920257745,357.889112192971,0.2007180737030012,0.38673123789089914,,,1762824561163,1762824561215,52,1762824561218
VCURIOSITY_33,Set_11_elong_glossy_3.glb,1,1762824561371-912659_before.png,1762824561371-912659_after.png,274.6998569118104,358.29181594458043,0.16626488603583311,0.40270375160935146,,,1762824561371,1762824561421,50,1762824561425
VCURIOSITY_33,Set_11_elong_glossy_3.glb,1,1762824561594-383970_before.png,1762824561594-383970_after.png,274.8304493902844,358.70743703104796,0.13059247847400002,0.41562108646758134,,,1762824561594,1762824561645,51,1762824561647
VCURIOSITY_33,Set_11_elong_glossy_3.glb,1,1762824561819-133265_before.png,1762824561819-133265_after.png,274.9244151512137,359.13282759092044,0.0939657609292226,0.4253905598725396,,,1762824561819,1762824561873,54,1762824561873
VCURIOSITY_33,Set_11_elong_glossy_3.glb,1,1762824562043-715748_before.png,1762824562043-715748_after.png,274.9810693937002,359.5647699975301,0.05665424248650197,0.43194240660966443,,,1762824562043,1762824562094,51,1762824562097
VCURIOSITY_33,Set_11_elong_glossy_3.glb,1,1762824562316-524496_before.png,1762824562316-524496_after.png,275,0,0.018930606299818464,0.4352300024698934,,,1762824562316,1762824562367,51,1762824562370
VCURIOSITY_33,Set_11_elong_glossy_3.glb,1,1762824562570-743525_before.png,1762824562570-743525_after.png,274.9810693937002,0.4352300024698934,-0.018930606299818464,0.4352300024698934,,,1762824562570,1762824562621,51,1762824562624
VCURIOSITY_33,Set_11_elong_glossy_3.glb,2,1762824593371-864390_before.png,1762824593371-864390_after.png,269.9810693937002,0.4352300024698934,-5,0,,,1762824593371,1762824593422,51,1762824593424
VCURIOSITY_33,Set_11_elong_glossy_3.glb,2,1762824593627-507878_before.png,1762824593627-507878_after.png,264.9810693937002,0.4352300024698934,-5,0,,,1762824593627,1762824593683,56,1762824593685
VCURIOSITY_33,Set_11_elong_glossy_3.glb,2,1762824593899-955637_before.png,1762824593899-955637_after.png,259.9810693937002,0.4352300024698934,-5,0,,,1762824593899,1762824593951,52,1762824593952
VCURIOSITY_33,Set_11_elong_glossy_3.glb,2,1762824594154-693458_before.png,1762824594154-693458_after.png,254.98106939370024,0.4352300024698934,-5,0,,,1762824594154,1762824594208,54,1762824594209
VCURIOSITY_33,Set_11_elong_glossy_3.glb,2,1762824594411-282927_before.png,1762824594411-282927_after.png,249.9810693937002,0.4352300024698934,-5,0,,,1762824594411,1762824594465,54,1762824594468
VCURIOSITY_33,Set_11_elong_glossy_3.glb,2,1762824594683-633077_before.png,1762824594683-633077_after.png,244.98106939370018,0.4352300024698934,-5,0,,,1762824594683,1762824594733,50,1762824594736
VCURIOSITY_33,Set_11_elong_glossy_3.glb,3,1762824595931-702001_before.png,1762824595931-702001_after.png,249.9810693937002,0.4352300024698934,5,0,,,1762824595931,1762824595985,54,1762824595984
VCURIOSITY_33,Set_11_elong_glossy_3.glb,3,1762824602316-376551_before.png,1762824602316-376551_after.png,254.9810693937002,0.4352300024698934,5,0,,,1762824602315,1762824602367,52,1762824602368
VCURIOSITY_33,Set_11_elong_glossy_3.glb,3,1762824602523-367599_before.png,1762824602523-367599_after.png,259.9810693937002,0.4352300024698934,5,0,,,1762824602522,1762824602578,56,1762824602580
VCURIOSITY_33,Set_11_elong_glossy_3.glb,3,1762824602715-60858_before.png,1762824602715-60858_after.png,264.9810693937002,0.4352300024698934,5,0,,,1762824602715,1762824602768,53,1762824602773
VCURIOSITY_33,Set_11_elong_glossy_3.glb,3,1762824602939-429193_before.png,1762824602939-429193_after.png,269.9810693937002,0.4352300024698934,5,0,,,1762824602939,1762824602991,52,1762824602990
VCURIOSITY_33,Set_11_elong_glossy_3.glb,3,1762824603163-188010_before.png,1762824603163-188010_after.png,274.9810693937002,0.4352300024698934,5,0,,,1762824603163,1762824603215,52,1762824603217
VCURIOSITY_33,Set_11_elong_glossy_3.glb,3,1762824603371-753972_before.png,1762824603371-753972_after.png,279.9810693937002,0.4352300024698934,5,0,,,1762824603371,1762824603422,51,1762824603425
VCURIOSITY_33,Set_11_elong_glossy_3.glb,3,1762824603563-182292_before.png,1762824603563-182292_after.png,284.9810693937002,0.4352300024698934,5,0,,,1762824603563,1762824603626,63,1762824603627
VCURIOSITY_33,Set_11_elong_glossy_3.glb,3,1762824603802-949114_before.png,1762824603802-949114_after.png,289.98106939370024,0.4352300024698934,5,0,,,1762824603802,1762824603860,58,1762824603861
VCURIOSITY_33,Set_11_elong_glossy_3.glb,3,1762824604427-846155_before.png,1762824604427-846155_after.png,294.98106939370024,0.4352300024698934,5,0,,,1762824604427,1762824604483,56,1762824604484
VCURIOSITY_33,Set_11_elong_glossy_3.glb,3,1762824605066-402626_before.png,1762824605066-402626_after.png,299.9810693937002,0.4352300024698934,5,0,,,1762824605066,1762824605117,51,1762824605118
VCURIOSITY_33,Set_11_elong_glossy_3.glb,3,1762824605434-169825_before.png,1762824605434-169825_after.png,304.98106939370024,0.4352300024698934,5,0,,,1762824605434,1762824605486,52,1762824605488
VCURIOSITY_33,Set_11_elong_glossy_3.glb,3,1762824605738-962742_before.png,1762824605738-962742_after.png,309.9810693937002,0.4352300024698934,5,0,,,1762824605738,1762824605793,55,1762824605794
VCURIOSITY_33,Set_11_elong_glossy_3.glb,3,1762824605995-153578_before.png,1762824605995-153578_after.png,314.98106939370024,0.4352300024698934,5,0,,,1762824605995,1762824606053,58,1762824606054
VCURIOSITY_33,Set_11_elong_glossy_3.glb,3,1762824606731-317652_before.png,1762824606731-317652_after.png,319.98106939370024,0.4352300024698934,5,0,,,1762824606731,1762824606782,51,1762824606781
VCURIOSITY_33,Set_11_elong_glossy_3.glb,3,1762824606924-646815_before.png,1762824606924-646815_after.png,324.98106939370024,0.4352300024698934,5,0,,,1762824606924,1762824606976,52,1762824606977
VCURIOSITY_33,Set_11_elong_glossy_3.glb,3,1762824607100-646783_before.png,1762824607100-646783_after.png,329.98106939370024,0.4352300024698934,5,0,,,1762824607100,1762824607153,53,1762824607155
VCURIOSITY_33,Set_11_elong_glossy_3.glb,3,1762824607274-152404_before.png,1762824607274-152404_after.png,334.98106939370024,0.4352300024698934,5,0,,,1762824607274,1762824607325,51,1762824607326
VCURIOSITY_33,Set_11_elong_glossy_3.glb,3,1762824607482-786221_before.png,1762824607482-786221_after.png,339.98106939370024,0.4352300024698934,5,0,,,1762824607482,1762824607534,52,1762824607535
VCURIOSITY_33,Set_11_elong_glossy_3.glb,3,1762824608010-558630_before.png,1762824608010-558630_after.png,344.98106939370024,0.4352300024698934,5,0,,,1762824608010,1762824608063,53,1762824608064
VCURIOSITY_33,Set_11_elong_glossy_3.glb,3,1762824608651-352803_before.png,1762824608651-352803_after.png,349.98106939370024,0.4352300024698934,5,0,,,1762824608651,1762824608702,51,1762824608703
VCURIOSITY_33,Set_11_elong_glossy_3.glb,0,1762824612283-371678_before.png,1762824612283-371678_after.png,349.9502224851769,355.5116177081324,-0.030846908523358252,-4.923612294337545,,,1762824612283,1762824612337,54,1762824612339
VCURIOSITY_33,Set_11_elong_glossy_3.glb,3,1762824613147-932754_before.png,1762824613147-932754_after.png,354.9502224851769,355.5116177081324,5,0,,,1762824613147,1762824613198,51,1762824613199
VCURIOSITY_33,Set_11_elong_glossy_3.glb,3,1762824710200-585507_before.png,1762824710200-585507_after.png,359.9502224851769,355.5116177081324,5,0,,,1762824710200,1762824710251,51,1762824710254
VCURIOSITY_33,Set_11_elong_glossy_3.glb,3,1762824710777-579788_before.png,1762824710777-579788_after.png,4.95022248517688,355.5116177081324,5,0,,,1762824710777,1762824710828,51,1762824710830
VCURIOSITY_33,Set_11_elong_glossy_3.glb,3,1762824711015-242792_before.png,1762824711015-242792_after.png,9.95022248517688,355.5116177081324,5,0,,,1762824711015,1762824711070,55,1762824711072
VCURIOSITY_33,Set_11_elong_glossy_3.glb,2,1762824715209-809386_before.png,1762824715209-809386_after.png,4.95022248517688,355.5116177081324,-5,0,,,1762824715209,1762824715264,55,1762824715266
VCURIOSITY_33,Set_11_elong_glossy_3.glb,1,1762824716760-316660_before.png,1762824716760-316660_after.png,4.935186721422269,0.49304798573678,-0.015035763754667641,4.981430277604375,,,1762824716760,1762824716818,58,1762824716819
VCURIOSITY_33,Set_11_elong_glossy_3.glb,0,1762824717544-928254_before.png,1762824717544-928254_after.png,4.95022248517688,355.5116177081324,0.015035763754667641,-4.9814302776044315,,,1762824717544,1762824717596,52,1762824717594
VCURIOSITY_33,Set_11_elong_glossy_3.glb,1,1762824718376-377527_before.png,1762824718376-377527_after.png,4.935186721422269,0.49304798573678,-0.015035763754667641,4.981430277604375,,,1762824718376,1762824718431,55,1762824718432
VCURIOSITY_33,Set_11_elong_glossy_3.glb,1,1762824719144-134754_before.png,1762824719144-134754_after.png,4.957672495955308,5.4744503332172485,0.02248577453303824,4.981402347480525,,,1762824719144,1762824719198,54,1762824719200
VCURIOSITY_33,Set_11_elong_glossy_3.glb,1,1762824720807-270031_before.png,1762824720807-270031_after.png,5.018539681438028,10.45553876979352,0.06086718548272074,4.981088436576329,,,1762824720807,1762824720858,51,1762824720859
VCURIOSITY_33,Set_11_elong_glossy_3.glb,0,1762824721687-55207_before.png,1762824721687-55207_after.png,4.957672495955308,5.4744503332172485,-0.06086718548272074,-4.981088436576329,,,1762824721687,1762824721743,56,1762824721745
VCURIOSITY_33,Set_11_elong_glossy_3.glb,1,1762824739399-431209_before.png,1762824739399-431209_after.png,5.018539681438028,10.45553876979352,0.06086718548272074,4.981088436576329,,,1762824739399,1762824739456,57,1762824739458
VCURIOSITY_33,Set_11_elong_glossy_3.glb,1,1762824739734-298818_before.png,1762824739734-298818_after.png,5.1201631410683035,15.436007765180648,0.10162345963021835,4.9804689953871275,,,1762824739734,1762824739788,54,1762824739791
VCURIOSITY_33,Set_11_elong_glossy_3.glb,1,1762824739990-297021_before.png,1762824739990-297021_after.png,5.266663646680627,20.41551176682367,0.14650050561226635,4.979504001643022,,,1762824739990,1762824740041,51,1762824740043
VCURIOSITY_33,Set_11_elong_glossy_3.glb,1,1762824740262-412898_before.png,1762824740262-412898_after.png,5.464331496457987,25.39363904890365,0.19766784977741736,4.978127282079981,,,1762824740262,1762824740313,51,1762824740313
VCURIOSITY_33,Set_11_elong_glossy_3.glb,1,1762824740534-252379_before.png,1762824740534-252379_after.png,5.722327519507473,30.369875404716424,0.2579960230494862,4.976236355812716,,,1762824740534,1762824740590,56,1762824740592
VCURIOSITY_33,Set_11_elong_glossy_3.glb,1,1762824740903-172859_before.png,1762824740903-172859_after.png,6.053816479098771,35.34355036956299,0.3314889595912973,4.973674964846623,,,1762824740903,1762824740957,54,1762824740955
VCURIOSITY_33,Set_11_elong_glossy_3.glb,1,1762824741286-373705_before.png,1762824741286-373705_after.png,6.4778171040165375,40.31375314305569,0.4240006249177668,4.9702027734927015,,,1762824741286,1762824741343,57,1762824741346
VCURIOSITY_33,Set_11_elong_glossy_3.glb,1,1762824741574-831693_before.png,1762824741574-831693_after.png,7.022306640431111,45.27919429384269,0.5444895364146305,4.965441150787001,,,1762824741574,1762824741625,51,1762824741628
VCURIOSITY_33,Set_11_elong_glossy_3.glb,0,1762824742279-692987_before.png,1762824742279-692987_after.png,6.4778171040165375,40.31375314305569,-0.5444895364146305,-4.965441150787001,,,1762824742279,1762824742330,51,1762824742332
VCURIOSITY_33,Set_11_elong_glossy_3.glb,0,1762824742518-45557_before.png,1762824742518-45557_after.png,6.053816479098771,35.34355036956299,-0.4240006249177668,-4.9702027734927015,,,1762824742518,1762824742574,56,1762824742577
VCURIOSITY_33,Set_11_elong_glossy_3.glb,0,1762824742758-532182_before.png,1762824742758-532182_after.png,5.722327519507473,30.369875404716424,-0.3314889595912973,-4.973674964846623,,,1762824742758,1762824742810,52,1762824742813
VCURIOSITY_33,Set_11_elong_glossy_3.glb,0,1762824742999-641543_before.png,1762824742999-641543_after.png,5.464331496457987,25.39363904890365,-0.2579960230494862,-4.976236355812716,,,1762824742999,1762824743052,53,1762824743053
VCURIOSITY_33,Set_11_elong_glossy_3.glb,0,1762824743238-966118_before.png,1762824743238-966118_after.png,5.266663646680627,20.41551176682367,-0.19766784977741736,-4.978127282079981,,,1762824743238,1762824743289,51,1762824743291
VCURIOSITY_33,Set_11_elong_glossy_3.glb,0,1762824743526-971459_before.png,1762824743526-971459_after.png,5.1201631410683035,15.436007765180705,-0.14650050561226635,-4.979504001642908,,,1762824743526,1762824743578,52,1762824743581
VCURIOSITY_33,Set_11_elong_glossy_3.glb,0,1762824743750-259221_before.png,1762824743750-259221_after.png,5.018539681438028,10.455538769793577,-0.10162345963021835,-4.9804689953871275,,,1762824743750,1762824743804,54,1762824743808
VCURIOSITY_33,Set_11_elong_glossy_3.glb,0,1762824743975-740786_before.png,1762824743975-740786_after.png,4.957672495955308,5.474450333217305,-0.06086718548272074,-4.981088436576329,,,1762824743975,1762824744028,53,1762824744031
VCURIOSITY_33,Set_11_elong_glossy_3.glb,-1,,,,,,,269.12961532502,4.923849754810817,,,,1762824791102
VCURIOSITY_33,Set_11_elong_glossy_3.glb,1,1762824804853-624693_before.png,1762824804853-624693_after.png,268.7028313763686,4.829217342540062,-0.4267839486514049,-0.09463241227081198,,,1762824804853,1762824804906,53,1762824804903
VCURIOSITY_33,Set_11_elong_glossy_3.glb,1,1762824805013-488596_before.png,1762824805013-488596_after.png,268.286056385971,4.697763659989903,-0.4167749903975846,-0.1314536825501591,,,1762824805013,1762824805065,52,1762824805068
VCURIOSITY_33,Set_11_elong_glossy_3.glb,1,1762824805189-792563_before.png,1762824805189-792563_after.png,267.8824928601617,4.530509156437176,-0.403563525809318,-0.16725450355272642,,,1762824805189,1762824805240,51,1762824805243
VCURIOSITY_33,Set_11_elong_glossy_3.glb,3,1762824806101-351737_before.png,1762824806101-351737_after.png,272.8824928601617,4.530509156437233,5,0,,,1762824806101,1762824806152,51,1762824806152
VCURIOSITY_33,Set_11_elong_glossy_3.glb,1,1762824806485-489359_before.png,1762824806485-489359_after.png,272.4762201409844,4.7643914990500775,-0.40627271917719554,0.2338823426127874,,,1762824806485,1762824806541,56,1762824806543
VCURIOSITY_33,Set_11_elong_glossy_3.glb,2,1762824807158-694880_before.png,1762824807158-694880_after.png,267.47622014098437,4.7643914990500775,-5,0,,,1762824807158,1762824807210,52,1762824807213
VCURIOSITY_33,Set_11_elong_glossy_3.glb,1,1762824807765-567801_before.png,1762824807765-567801_after.png,267.07014504570884,4.526369385022747,-0.4060750952755825,-0.23802211402733064,,,1762824807765,1762824807816,51,1762824807815
VCURIOSITY_33,Set_11_elong_glossy_3.glb,1,1762824807941-234576_before.png,1762824807941-234576_after.png,266.6866066925902,4.253917101837942,-0.38353835311863804,-0.272452283184748,,,1762824807941,1762824807994,53,1762824807997
VCURIOSITY_33,Set_11_elong_glossy_3.glb,1,1762824808101-237775_before.png,1762824808101-237775_after.png,266.32850622382796,3.9491383900892743,-0.3581004687622453,-0.3047787117486678,,,1762824808101,1762824808153,52,1762824808155
VCURIOSITY_33,Set_11_elong_glossy_3.glb,1,1762824808246-696919_before.png,1762824808246-696919_after.png,265.9985361449692,3.6143796703074713,-0.3299700788587643,-0.33475871978180294,,,1762824808246,1762824808297,51,1762824808299
VCURIOSITY_33,Set_11_elong_glossy_3.glb,1,1762824808389-424951_before.png,1762824808389-424951_after.png,265.69916211788643,3.2522103610780277,-0.29937402708276295,-0.36216930922944357,,,1762824808389,1762824808441,52,1762824808443
VCURIOSITY_33,Set_11_elong_glossy_3.glb,1,1762824809413-863377_before.png,1762824809413-863377_after.png,265.43260733711924,2.865401858727182,-0.26655478076713734,-0.38680850235084563,,,1762824809413,1762824809463,50,1762824809462
VCURIOSITY_33,Set_11_elong_glossy_3.glb,1,1762824809589-699901_before.png,1762824809589-699901_after.png,265.20083938822825,2.456905435874262,-0.23176794889104713,-0.40849642285297705,,,1762824809589,1762824809640,51,1762824809640
VCURIOSITY_33,Set_11_elong_glossy_3.glb,1,1762824809765-170120_before.png,1762824809765-170120_after.png,265.0055594279986,2.029829292566035,-0.1952799602296409,-0.4270761433082271,,,1762824809765,1762824809815,50,1762824809802
VCURIOSITY_33,Set_11_elong_glossy_3.glb,1,1762824809909-107098_before.png,1762824809909-107098_after.png,264.84819348695146,1.587414964501761,-0.1573659410471464,-0.44241432806427383,,,1762824809909,1762824809960,51,1762824809962
VCURIOSITY_33,Set_11_elong_glossy_3.glb,1,1762824810053-693021_before.png,1762824810053-693021_after.png,264.7298856757001,1.1330132606891539,-0.11830781125138401,-0.454401703812664,,,1762824810053,1762824810104,51,1762824810106
VCURIOSITY_33,Set_11_elong_glossy_3.glb,1,1762824810197-708528_before.png,1762824810197-708528_after.png,264.6514930778974,0.6700598704140361,-0.07839259780269003,-0.4629533902750609,,,1762824810197,1762824810248,51,1762824810250
VCURIOSITY_33,Set_11_elong_glossy_3.glb,1,1762824810357-466844_before.png,1762824810357-466844_after.png,264.6135821322729,0.20205074916538024,-0.037910945624503256,-0.4680091212486559,,,1762824810357,1762824810408,51,1762824810409
VCURIOSITY_33,Set_11_elong_glossy_3.glb,1,1762824810517-454848_before.png,1762824810517-454848_after.png,264.6164263419611,359.73251736733613,0.0028442096881917678,-0.4695333818292511,,,1762824810517,1762824810568,51,1762824810569
VCURIOSITY_33,Set_11_elong_glossy_3.glb,1,1762824810677-174624_before.png,1762824810677-174624_after.png,264.6600051975779,359.26500188592894,0.04357885561682906,-0.46751548140719024,,,1762824810677,1762824810729,52,1762824810732
VCURIOSITY_33,Set_11_elong_glossy_3.glb,2,1762824811797-108580_before.png,1762824811797-108580_after.png,259.6600051975779,359.26500188592894,-5,0,,,1762824811797,1762824811849,52,1762824811851
VCURIOSITY_33,Set_11_elong_glossy_3.glb,2,1762824811990-287592_before.png,1762824811990-287592_after.png,254.6600051975779,359.26500188592894,-5,0,,,1762824811990,1762824812040,50,1762824812041
VCURIOSITY_33,Set_11_elong_glossy_3.glb,2,1762824812165-925441_before.png,1762824812165-925441_after.png,249.6600051975779,359.26500188592894,-5,0,,,1762824812165,1762824812219,54,1762824812222
VCURIOSITY_33,Set_11_elong_glossy_3.glb,2,1762824812325-90219_before.png,1762824812325-90219_after.png,244.6600051975779,359.26500188592894,-5,0,,,1762824812325,1762824812381,56,1762824812384
VCURIOSITY_33,Set_11_elong_glossy_3.glb,2,1762824812501-294042_before.png,1762824812501-294042_after.png,239.6600051975779,359.26500188592894,-5,0,,,1762824812501,1762824812557,56,1762824812556
VCURIOSITY_33,Set_11_elong_glossy_3.glb,2,1762824812662-30448_before.png,1762824812662-30448_after.png,234.6600051975779,359.26500188592894,-5,0,,,1762824812662,1762824812713,51,1762824812716
VCURIOSITY_33,Set_11_elong_glossy_3.glb,2,1762824812822-183786_before.png,1762824812822-183786_after.png,229.66000519757796,359.26500188592894,-5,0,,,1762824812822,1762824812875,53,1762824812876
VCURIOSITY_33,Set_11_elong_glossy_3.glb,2,1762824812981-897417_before.png,1762824812981-897417_after.png,224.66000519757793,359.26500188592894,-5,0,,,1762824812981,1762824813034,53,1762824813033
VCURIOSITY_33,Set_11_elong_glossy_3.glb,2,1762824813141-666332_before.png,1762824813141-666332_after.png,219.6600051975779,359.26500188592894,-5,0,,,1762824813141,1762824813191,50,1762824813193
VCURIOSITY_33,Set_11_elong_glossy_3.glb,2,1762824814358-836985_before.png,1762824814358-836985_after.png,214.66000519757793,359.26500188592894,-5,0,,,1762824814358,1762824814415,57,1762824814418
VCURIOSITY_33,Set_11_elong_glossy_3.glb,2,1762824814581-312085_before.png,1762824814581-312085_after.png,209.66000519757796,359.26500188592894,-5,0,,,1762824814581,1762824814633,52,1762824814635
VCURIOSITY_33,Set_11_elong_glossy_3.glb,2,1762824814757-441824_before.png,1762824814757-441824_after.png,204.660005197578,359.26500188592894,-5,0,,,1762824814757,1762824814808,51,1762824814810
VCURIOSITY_33,Set_11_elong_glossy_3.glb,2,1762824814933-749020_before.png,1762824814933-749020_after.png,199.660005197578,359.26500188592894,-5,0,,,1762824814933,1762824814986,53,1762824814986
VCURIOSITY_33,Set_11_elong_glossy_3.glb,2,1762824815109-308824_before.png,1762824815109-308824_after.png,194.660005197578,359.26500188592894,-5,0,,,1762824815109,1762824815163,54,1762824815165
VCURIOSITY_33,Set_11_elong_glossy_3.glb,2,1762824815269-320430_before.png,1762824815269-320430_after.png,189.660005197578,359.26500188592894,-5,0,,,1762824815269,1762824815324,55,1762824815326
VCURIOSITY_33,Set_11_elong_glossy_3.glb,2,1762824815429-551927_before.png,1762824815429-551927_after.png,184.660005197578,359.26500188592894,-5,0,,,1762824815429,1762824815480,51,1762824815482
VCURIOSITY_33,Set_11_elong_glossy_3.glb,2,1762824815606-726664_before.png,1762824815606-726664_after.png,179.66000519757802,359.26500188592894,-5,0,,,1762824815606,1762824815657,51,1762824815660
VCURIOSITY_33,Set_11_elong_glossy_3.glb,3,1762824816918-673100_before.png,1762824816918-673100_after.png,184.660005197578,359.26500188592894,5,0,,,1762824816918,1762824816971,53,1762824816973
VCURIOSITY_33,Set_11_elong_glossy_3.glb,3,1762824817445-241773_before.png,1762824817445-241773_after.png,189.660005197578,359.26500188592894,5,0,,,1762824817445,1762824817499,54,1762824817494
VCURIOSITY_33,Set_11_elong_glossy_3.glb,3,1762824817589-844806_before.png,1762824817589-844806_after.png,194.660005197578,359.26500188592894,5,0,,,1762824817589,1762824817640,51,1762824817642
VCURIOSITY_33,Set_11_elong_glossy_3.glb,3,1762824817782-563700_before.png,1762824817782-563700_after.png,199.66000519757796,359.26500188592894,5,0,,,1762824817782,1762824817834,52,1762824817836
VCURIOSITY_33,Set_11_elong_glossy_3.glb,3,1762824817989-139624_before.png,1762824817989-139624_after.png,204.66000519757796,359.26500188592894,5,0,,,1762824817989,1762824818041,52,1762824818043
VCURIOSITY_33,Set_11_elong_glossy_3.glb,3,1762824819349-224918_before.png,1762824819349-224918_after.png,209.66000519757793,359.26500188592894,5,0,,,1762824819349,1762824819405,56,1762824819407
VCURIOSITY_33,Set_11_elong_glossy_3.glb,3,1762824819543-213422_before.png,1762824819543-213422_after.png,214.6600051975779,359.26500188592894,5,0,,,1762824819543,1762824819595,52,1762824819598
VCURIOSITY_33,Set_11_elong_glossy_3.glb,3,1762824819701-923459_before.png,1762824819701-923459_after.png,219.66000519757785,359.26500188592894,5,0,,,1762824819701,1762824819751,50,1762824819753
VCURIOSITY_33,Set_11_elong_glossy_3.glb,3,1762824819861-659452_before.png,1762824819861-659452_after.png,224.66000519757785,359.26500188592894,5,0,,,1762824819861,1762824819912,51,1762824819915
VCURIOSITY_33,Set_11_elong_glossy_3.glb,3,1762824820005-788832_before.png,1762824820005-788832_after.png,229.66000519757787,359.26500188592894,5,0,,,1762824820005,1762824820059,54,1762824820060
VCURIOSITY_33,Set_11_elong_glossy_3.glb,3,1762824820149-382373_before.png,1762824820149-382373_after.png,234.66000519757785,359.26500188592894,5,0,,,1762824820149,1762824820204,55,1762824820205
VCURIOSITY_33,Set_11_elong_glossy_3.glb,3,1762824820293-563354_before.png,1762824820293-563354_after.png,239.66000519757782,359.26500188592894,5,0,,,1762824820293,1762824820344,51,1762824820346
VCURIOSITY_33,Set_11_elong_glossy_3.glb,3,1762824820453-586309_before.png,1762824820453-586309_after.png,244.6600051975778,359.265001885929,5,0,,,1762824820453,1762824820505,52,1762824820501
VCURIOSITY_33,Set_11_elong_glossy_3.glb,3,1762824820598-523799_before.png,1762824820598-523799_after.png,249.6600051975778,359.26500188592894,5,0,,,1762824820598,1762824820648,50,1762824820650
VCURIOSITY_33,Set_11_elong_glossy_3.glb,3,1762824820757-976315_before.png,1762824820757-976315_after.png,254.66000519757776,359.26500188592894,5,0,,,1762824820757,1762824820808,51,1762824820811
VCURIOSITY_33,Set_11_elong_glossy_3.glb,3,1762824820901-551338_before.png,1762824820901-551338_after.png,259.66000519757773,359.26500188592894,5,0,,,1762824820901,1762824820955,54,1762824820956
VCURIOSITY_33,Set_11_elong_glossy_3.glb,3,1762824821045-916547_before.png,1762824821045-916547_after.png,264.6600051975778,359.26500188592894,5,0,,,1762824821045,1762824821096,51,1762824821099
VCURIOSITY_33,Set_11_elong_glossy_3.glb,3,1762824821205-288653_before.png,1762824821205-288653_after.png,269.66000519757773,359.26500188592894,5,0,,,1762824821205,1762824821258,53,1762824821259
VCURIOSITY_33,Set_11_elong_glossy_3.glb,3,1762824821349-130352_before.png,1762824821349-130352_after.png,274.66000519757773,359.26500188592894,5,0,,,1762824821349,1762824821400,51,1762824821403
VCURIOSITY_33,Set_11_elong_glossy_3.glb,3,1762824821525-888913_before.png,1762824821525-888913_after.png,279.66000519757773,359.26500188592894,5,0,,,1762824821525,1762824821576,51,1762824821578
VCURIOSITY_33,Set_11_elong_glossy_3.glb,3,1762824821685-85753_before.png,1762824821685-85753_after.png,284.66000519757773,359.26500188592894,5,0,,,1762824821685,1762824821737,52,1762824821741
VCURIOSITY_33,Set_11_elong_glossy_3.glb,3,1762824821845-350380_before.png,1762824821845-350380_after.png,289.6600051975778,359.26500188592894,5,0,,,1762824821845,1762824821896,51,1762824821897
VCURIOSITY_33,Set_11_elong_glossy_3.glb,3,1762824821989-757498_before.png,1762824821989-757498_after.png,294.66000519757773,359.26500188592894,5,0,,,1762824821989,1762824822039,50,1762824822042
VCURIOSITY_33,Set_11_elong_glossy_3.glb,3,1762824822149-121444_before.png,1762824822149-121444_after.png,299.66000519757773,359.26500188592894,5,0,,,1762824822149,1762824822199,50,1762824822202
VCURIOSITY_33,Set_11_elong_glossy_3.glb,3,1762824822309-213914_before.png,1762824822309-213914_after.png,304.6600051975778,359.26500188592894,5,0,,,1762824822309,1762824822360,51,1762824822362
VCURIOSITY_33,Set_11_elong_glossy_3.glb,3,1762824822486-384755_before.png,1762824822486-384755_after.png,309.6600051975778,359.26500188592894,5,0,,,1762824822486,1762824822537,51,1762824822539
VCURIOSITY_33,Set_11_elong_glossy_3.glb,3,1762824822645-726683_before.png,1762824822645-726683_after.png,314.6600051975778,359.26500188592894,5,0,,,1762824822645,1762824822696,51,1762824822695
VCURIOSITY_33,Set_11_elong_glossy_3.glb,3,1762824822805-681726_before.png,1762824822805-681726_after.png,319.6600051975778,359.26500188592894,5,0,,,1762824822805,1762824822859,54,1762824822861
VCURIOSITY_33,Set_11_elong_glossy_3.glb,3,1762824822965-876451_before.png,1762824822965-876451_after.png,324.66000519757785,359.26500188592894,5,0,,,1762824822965,1762824823019,54,1762824823018
VCURIOSITY_33,Set_11_elong_glossy_3.glb,3,1762824823141-231833_before.png,1762824823141-231833_after.png,329.66000519757785,359.26500188592894,5,0,,,1762824823141,1762824823191,50,1762824823192
VCURIOSITY_33,Set_11_elong_glossy_3.glb,3,1762824823333-109267_before.png,1762824823333-109267_after.png,334.66000519757785,359.26500188592894,5,0,,,1762824823333,1762824823384,51,1762824823382
VCURIOSITY_33,Set_11_elong_glossy_3.glb,3,1762824823493-398180_before.png,1762824823493-398180_after.png,339.6600051975779,359.26500188592894,5,0,,,1762824823493,1762824823547,54,1762824823550
VCURIOSITY_33,Set_11_elong_glossy_3.glb,3,1762824823669-481491_before.png,1762824823669-481491_after.png,344.6600051975779,359.26500188592894,5,0,,,1762824823669,1762824823720,51,1762824823723
VCURIOSITY_33,Set_11_elong_glossy_3.glb,3,1762824823829-337984_before.png,1762824823829-337984_after.png,349.66000519757796,359.26500188592894,5,0,,,1762824823829,1762824823882,53,1762824823885
VCURIOSITY_33,Set_11_elong_glossy_3.glb,3,1762824823989-185505_before.png,1762824823989-185505_after.png,354.660005197578,359.26500188592894,5,0,,,1762824823989,1762824824042,53,1762824824041
VCURIOSITY_33,Set_11_elong_glossy_3.glb,3,1762824824181-855420_before.png,1762824824181-855420_after.png,359.660005197578,359.26500188592894,5,0,,,1762824824181,1762824824234,53,1762824824236
VCURIOSITY_33,Set_11_elong_glossy_3.glb,3,1762824824357-231661_before.png,1762824824357-231661_after.png,4.660005197578073,359.26500188592894,5.000000000000057,0,,,1762824824357,1762824824410,53,1762824824411
VCURIOSITY_33,Set_11_elong_glossy_3.glb,3,1762824824549-595989_before.png,1762824824549-595989_after.png,9.660005197578073,359.26500188592894,5,0,,,1762824824549,1762824824600,51,1762824824605
VCURIOSITY_33,Set_11_elong_glossy_3.glb,3,1762824824901-251511_before.png,1762824824901-251511_after.png,14.66000519757813,359.26500188592894,5,0,,,1762824824901,1762824824951,50,1762824824953
VCURIOSITY_33,Set_11_elong_glossy_3.glb,1,1762824825957-732435_before.png,1762824825957-732435_after.png,14.697267079293056,4.102010697104902,0.03726188171492595,4.837008811175963,,,1762824825957,1762824826011,54,1762824826013
VCURIOSITY_33,Set_11_elong_glossy_3.glb,1,1762824826341-700775_before.png,1762824826341-700775_after.png,14.843034071206489,8.936995651050438,0.14576699191343323,4.834984953945536,,,1762824826341,1762824826394,53,1762824826393
VCURIOSITY_33,Set_11_elong_glossy_3.glb,1,1762824826533-527931_before.png,1762824826533-527931_after.png,15.102551185592745,13.76745567371563,0.25951711438619895,4.830460022665193,,,1762824826533,1762824826584,51,1762824826585
VCURIOSITY_33,Set_11_elong_glossy_3.glb,1,1762824826725-376339_before.png,1762824826725-376339_after.png,15.48543588770957,18.59062083130044,0.3828847021168258,4.823165157584754,,,1762824826725,1762824826781,56,1762824826786
VCURIOSITY_33,Set_11_elong_glossy_3.glb,1,1762824826933-209526_before.png,1762824826933-209526_after.png,16.00653711657435,23.40326661678006,0.5211012288648362,4.812645785479617,,,1762824826933,1762824826987,54,1762824826990
VCURIOSITY_33,Set_11_elong_glossy_3.glb,1,1762824827157-885487_before.png,1762824827157-885487_after.png,16.687343303641796,28.201467480302426,0.6808061870674464,4.798200863522425,,,1762824827157,1762824827207,50,1762824827210
VCURIOSITY_33,Set_11_elong_glossy_3.glb,1,1762824827349-832179_before.png,1762824827349-832179_after.png,17.558185054650437,32.980248673604365,0.8708417510085837,4.778781193301938,,,1762824827349,1762824827404,55,1762824827406
VCURIOSITY_33,Set_11_elong_glossy_3.glb,1,1762824827525-946922_before.png,1762824827525-946922_after.png,18.661649828819122,37.73306981304921,1.1034647741687422,4.7528211394449045,,,1762824827525,1762824827578,53,1762824827578
VCURIOSITY_33,Set_11_elong_glossy_3.glb,1,1762824827717-150385_before.png,1762824827717-150385_after.png,20.057917839475863,42.45102639628317,1.3962680106567404,4.717956583233899,,,1762824827717,1762824827769,52,1762824827771
VCURIOSITY_33,Set_11_elong_glossy_3.glb,1,1762824828501-441855_before.png,1762824828501-441855_after.png,21.833236777984894,47.121566905607835,1.7753189385090309,4.67054050932461,,,1762824828501,1762824828552,51,1762824828553
VCURIOSITY_33,Set_11_elong_glossy_3.glb,1,1762824828677-450059_before.png,1762824828677-450059_after.png,24.113642047290796,51.72635207071346,2.280405269305902,4.604785165105568,,,1762824828677,1762824828730,53,1762824828727
VCURIOSITY_33,Set_11_elong_glossy_3.glb,1,1762824828853-492040_before.png,1762824828853-492040_after.png,27.087532508414427,56.2375442600341,2.973890461123574,4.511192189320582,,,1762824828853,1762824828908,55,1762824828910
VCURIOSITY_33,Set_11_elong_glossy_3.glb,1,1762824829029-65012_before.png,1762824829029-65012_after.png,31.04291208329755,60.611137698886125,3.9553795748831817,4.373593438852026,,,1762824829029,1762824829079,50,1762824829081
VCURIOSITY_33,Set_11_elong_glossy_3.glb,1,1762824829205-995786_before.png,1762824829205-995786_after.png,36.426507359497975,64.7746306686924,5.383595276200367,4.163492969806271,,,1762824829205,1762824829255,50,1762824829254
VCURIOSITY_33,Set_11_elong_glossy_3.glb,-1,,,,,,,269.12961532502,4.923849754810817,,,,1762824850940
VCURIOSITY_33,Set_11_elong_glossy_3.glb,1,1762824862484-795453_before.png,1762824862484-795453_after.png,268.7028313763686,4.829217342540062,-0.4267839486514049,-0.09463241227081198,,,1762824862484,1762824862540,56,1762824862545
VCURIOSITY_33,Set_11_elong_glossy_3.glb,1,1762824862723-918884_before.png,1762824862723-918884_after.png,268.286056385971,4.697763659989903,-0.4167749903975846,-0.1314536825501591,,,1762824862723,1762824862774,51,1762824862778
VCURIOSITY_33,Set_11_elong_glossy_3.glb,1,1762824862948-961636_before.png,1762824862948-961636_after.png,267.8824928601617,4.530509156437176,-0.403563525809318,-0.16725450355272642,,,1762824862948,1762824863000,52,1762824863005
VCURIOSITY_33,Set_11_elong_glossy_3.glb,1,1762824863155-169066_before.png,1762824863155-169066_after.png,267.49523127846334,4.328750013155229,-0.3872615816983398,-0.20175914328194722,,,1762824863155,1762824863208,53,1762824863209
VCURIOSITY_33,Set_11_elong_glossy_3.glb,1,1762824863347-106602_before.png,1762824863347-106602_after.png,267.1272252835512,4.094046680932536,-0.36800599491220964,-0.23470333222269346,,,1762824863347,1762824863402,55,1762824863406
VCURIOSITY_33,Set_11_elong_glossy_3.glb,1,1762824863539-307771_before.png,1762824863539-307771_after.png,266.7812687948076,3.8282102958392557,-0.34595648874358176,-0.2658363850932801,,,1762824863539,1762824863594,55,1762824863596
VCURIOSITY_33,Set_11_elong_glossy_3.glb,1,1762824863732-578444_before.png,1762824863732-578444_after.png,266.4599752426436,3.533287194630816,-0.32129355216397926,-0.2949231012084965,,,1762824863732,1762824863782,50,1762824863786
VCURIOSITY_33,Set_11_elong_glossy_3.glb,1,1762824863924-604850_before.png,1762824863924-604850_after.png,266.16575904159987,3.2115417642272064,-0.29421620104380963,-0.32174543040355275,,,1762824863924,1762824863979,55,1762824863978
VCURIOSITY_33,Set_11_elong_glossy_3.glb,1,1762824864227-403950_before.png,1762824864227-403950_after.png,265.90081934406993,2.8654378628952486,-0.2649396975299396,-0.3461039013319578,,,1762824864227,1762824864278,51,1762824864281
VCURIOSITY_33,Set_11_elong_glossy_3.glb,3,1762824865091-987010_before.png,1762824865091-987010_after.png,270.90081934407,2.8654378628952486,5,0,,,1762824865091,1762824865147,56,1762824865149
VCURIOSITY_33,Set_11_elong_glossy_3.glb,1,1762824865492-176233_before.png,1762824865492-176233_after.png,270.6474591632806,2.933035263051238,-0.25336018078940015,0.0675974001560462,,,1762824865492,1762824865546,54,1762824865545
VCURIOSITY_33,Set_11_elong_glossy_3.glb,1,1762824865795-299915_before.png,1762824865795-299915_after.png,270.38914612372594,2.978293922672435,-0.25831303955465046,0.045258659621140396,,,1762824865795,1762824865847,52,1762824865850
VCURIOSITY_33,Set_11_elong_glossy_3.glb,1,1762824865972-212715_before.png,1762824865972-212715_after.png,270.12785559624024,3.0008666870609773,-0.2612905274856985,0.022572764388542055,,,1762824865972,1762824866026,54,1762824866030
VCURIOSITY_33,Set_11_elong_glossy_3.glb,1,1762824866147-292243_before.png,1762824866147-292243_after.png,269.8655866960445,3.0005803706090433,-0.26226890019574967,-0.0002863164519339989,,,1762824866147,1762824866198,51,1762824866202
VCURIOSITY_33,Set_11_elong_glossy_3.glb,1,1762824866323-153168_before.png,1762824866323-153168_after.png,269.60434634782473,2.9774371702068265,-0.26124034821975783,-0.023143200402273578,,,1762824866323,1762824866376,53,1762824866379
VCURIOSITY_33,Set_11_elong_glossy_3.glb,1,1762824866484-991890_before.png,1762824866484-991890_after.png,269.346133266364,2.9316146473009894,-0.2582130814607808,-0.045822522905837104,,,1762824866484,1762824866538,54,1762824866537
VCURIOSITY_33,Set_11_elong_glossy_3.glb,2,1762824866787-590656_before.png,1762824866787-590656_after.png,264.34613326636395,2.9316146473009894,-5,0,,,1762824866787,1762824866838,51,1762824866840
VCURIOSITY_33,Set_11_elong_glossy_3.glb,2,1762824867253-923229_before.png,1762824867253-923229_after.png,259.346133266364,2.9316146473009894,-5,0,,,1762824867253,1762824867304,51,1762824867308
VCURIOSITY_33,Set_11_elong_glossy_3.glb,3,1762824867828-828494_before.png,1762824867828-828494_after.png,264.34613326636395,2.9316146473009894,5,0,,,1762824867828,1762824867882,54,1762824867886
VCURIOSITY_33,Set_11_elong_glossy_3.glb,3,1762824868020-250145_before.png,1762824868020-250145_after.png,269.346133266364,2.9316146473009894,5,0,,,1762824868020,1762824868072,52,1762824868076
VCURIOSITY_33,Set_11_elong_glossy_3.glb,3,1762824868227-287323_before.png,1762824868227-287323_after.png,274.34613326636395,2.9316146473009894,5,0,,,1762824868227,1762824868281,54,1762824868283
VCURIOSITY_33,Set_11_elong_glossy_3.glb,1,1762824868548-390246_before.png,1762824868548-390246_after.png,274.0745676384555,3.298939363206955,-0.2715656279084442,0.3673247159059656,,,1762824868548,1762824868604,56,1762824868608
VCURIOSITY_33,Set_11_elong_glossy_3.glb,1,1762824868740-707940_before.png,1762824868740-707940_after.png,273.77189173633735,3.6412557108104124,-0.3026759021181533,0.3423163476034006,,,1762824868740,1762824868793,53,1762824868796
VCURIOSITY_33,Set_11_elong_glossy_3.glb,1,1762824868932-5273_before.png,1762824868932-5273_after.png,273.44036133497866,3.9559421499267273,-0.33153040135869105,0.31468643911625804,,,1762824868932,1762824868983,51,1762824868986
VCURIOSITY_33,Set_11_elong_glossy_3.glb,1,1762824869428-723132_before.png,1762824869428-723132_after.png,273.08246182829146,4.240581792036892,-0.35789950668720394,0.28463964211016446,,,1762824869427,1762824869484,57,1762824869485
VCURIOSITY_33,Set_11_elong_glossy_3.glb,3,1762824884707-262066_before.png,1762824884707-262066_after.png,278.08246182829146,4.240581792036892,5,0,,,1762824884707,1762824884762,55,1762824884765
VCURIOSITY_33,Set_11_elong_glossy_3.glb,3,1762824884980-538096_before.png,1762824884980-538096_after.png,283.08246182829146,4.240581792036892,5,0,,,1762824884980,1762824885031,51,1762824885033
VCURIOSITY_33,Set_11_elong_glossy_3.glb,3,1762824885236-284100_before.png,1762824885236-284100_after.png,288.08246182829146,4.240581792036892,5,0,,,1762824885236,1762824885289,53,1762824885287
VCURIOSITY_33,Set_11_elong_glossy_3.glb,3,1762824885443-234195_before.png,1762824885443-234195_after.png,293.08246182829146,4.240581792036892,5,0,,,1762824885443,1762824885498,55,1762824885498
VCURIOSITY_33,Set_11_elong_glossy_3.glb,3,1762824885668-344856_before.png,1762824885668-344856_after.png,298.08246182829146,4.240581792036892,5,0,,,1762824885668,1762824885721,53,1762824885723
VCURIOSITY_33,Set_11_elong_glossy_3.glb,3,1762824885892-183874_before.png,1762824885892-183874_after.png,303.08246182829146,4.240581792036892,5,0,,,1762824885892,1762824885943,51,1762824885946
VCURIOSITY_33,Set_11_elong_glossy_3.glb,3,1762824886100-144455_before.png,1762824886100-144455_after.png,308.08246182829146,4.240581792036892,5,0,,,1762824886100,1762824886153,53,1762824886155
VCURIOSITY_33,Set_11_elong_glossy_3.glb,3,1762824886324-924015_before.png,1762824886324-924015_after.png,313.08246182829146,4.240581792036892,5,0,,,1762824886324,1762824886381,57,1762824886383
VCURIOSITY_33,Set_11_elong_glossy_3.glb,3,1762824886531-26328_before.png,1762824886531-26328_after.png,318.08246182829146,4.240581792036892,5,0,,,1762824886531,1762824886581,50,1762824886585
VCURIOSITY_33,Set_11_elong_glossy_3.glb,3,1762824886724-751346_before.png,1762824886724-751346_after.png,323.08246182829146,4.240581792036892,5,0,,,1762824886724,1762824886775,51,1762824886777
VCURIOSITY_33,Set_11_elong_glossy_3.glb,3,1762824886948-50238_before.png,1762824886948-50238_after.png,328.08246182829146,4.240581792036892,5,0,,,1762824886947,1762824887003,56,1762824887006
VCURIOSITY_33,Set_11_elong_glossy_3.glb,3,1762824887140-889809_before.png,1762824887140-889809_after.png,333.0824618282915,4.240581792036892,5,0,,,1762824887140,1762824887192,52,1762824887197
VCURIOSITY_33,Set_11_elong_glossy_3.glb,3,1762824887331-989916_before.png,1762824887331-989916_after.png,338.0824618282915,4.240581792036892,5,0,,,1762824887331,1762824887383,52,1762824887386
VCURIOSITY_33,Set_11_elong_glossy_3.glb,3,1762824887555-421106_before.png,1762824887555-421106_after.png,343.0824618282915,4.240581792036892,5,0,,,1762824887555,1762824887606,51,1762824887610
VCURIOSITY_33,Set_11_elong_glossy_3.glb,3,1762824887781-984949_before.png,1762824887781-984949_after.png,348.0824618282915,4.240581792036892,5,0,,,1762824887781,1762824887837,56,1762824887839
VCURIOSITY_33,Set_11_elong_glossy_3.glb,3,1762824887987-534823_before.png,1762824887987-534823_after.png,353.08246182829157,4.240581792036892,5,0,,,1762824887987,1762824888040,53,1762824888038
VCURIOSITY_33,Set_11_elong_glossy_3.glb,3,1762824888212-192945_before.png,1762824888212-192945_after.png,358.08246182829157,4.240581792036892,5,0,,,1762824888212,1762824888265,53,1762824888268
VCURIOSITY_33,Set_11_elong_glossy_3.glb,2,1762824892388-450545_before.png,1762824892388-450545_after.png,353.08246182829157,4.240581792036892,-5,0,,,1762824892388,1762824892440,52,1762824892439
VCURIOSITY_33,Set_11_elong_glossy_3.glb,3,1762824893315-343324_before.png,1762824893315-343324_after.png,358.08246182829157,4.240581792036892,5,0,,,1762824893315,1762824893367,52,1762824893368
VCURIOSITY_33,Set_11_elong_glossy_3.glb,3,1762824893621-386510_before.png,1762824893621-386510_after.png,3.082461828291571,4.240581792036892,5,0,,,1762824893621,1762824893672,51,1762824893675
VCURIOSITY_33,Set_11_elong_glossy_3.glb,3,1762824893811-454045_before.png,1762824893811-454045_after.png,8.08246182829157,4.240581792036892,5,0,,,1762824893811,1762824893862,51,1762824893864
VCURIOSITY_33,Set_11_elong_glossy_3.glb,3,1762824894387-981475_before.png,1762824894387-981475_after.png,13.08246182829157,4.240581792036892,5,0,,,1762824894387,1762824894439,52,1762824894441
VCURIOSITY_33,Set_11_elong_glossy_3.glb,2,1762824894947-497839_before.png,1762824894947-497839_after.png,8.08246182829157,4.240581792036892,-5,0,,,1762824894947,1762824894998,51,1762824894999
VCURIOSITY_33,Set_11_elong_glossy_3.glb,1,1762824895939-161081_before.png,1762824895939-161081_after.png,8.165713694655778,9.19046747623264,0.08325186636420767,4.949885684195806,,,1762824895939,1762824895990,51,1762824895993
VCURIOSITY_33,Set_11_elong_glossy_3.glb,2,1762824897363-253873_before.png,1762824897363-253873_after.png,3.1657136946557785,9.19046747623264,-5,0,,,1762824897363,1762824897420,57,1762824897422
VCURIOSITY_33,Set_11_elong_glossy_3.glb,3,1762824899203-226495_before.png,1762824899203-226495_after.png,8.165713694655778,9.19046747623264,5,0,,,1762824899203,1762824899255,52,1762824899256
VCURIOSITY_33,Set_11_elong_glossy_3.glb,1,1762824901283-578264_before.png,1762824901283-578264_after.png,8.31374301688163,14.13892155425549,0.1480293222258524,4.948454078022905,,,1762824901283,1762824901336,53,1762824901338
VCURIOSITY_33,Set_11_elong_glossy_3.glb,1,1762824903219-115241_before.png,1762824903219-115241_after.png,8.532388689064078,19.085065089709758,0.21864567218244702,4.946143535454212,,,1762824903219,1762824903270,51,1762824903272
VCURIOSITY_33,Set_11_elong_glossy_3.glb,1,1762824903525-926765_before.png,1762824903525-926765_after.png,8.830727340789792,24.0278658738996,0.29833865172577134,4.942800784189785,,,1762824903525,1762824903580,55,1762824903581
VCURIOSITY_33,Set_11_elong_glossy_3.glb,1,1762824903763-452849_before.png,1762824903763-452849_after.png,9.222034876377677,28.96605277724052,0.39130753558788456,4.93818690334092,,,1762824903763,1762824903814,51,1762824903811
VCURIOSITY_33,Set_11_elong_glossy_3.glb,1,1762824904596-483885_before.png,1762824904596-483885_after.png,9.725332281725855,33.897991575881974,0.5032974053481212,4.931938798641454,,,1762824904596,1762824904648,52,1762824904650
VCURIOSITY_33,Set_11_elong_glossy_3.glb,1,1762824904883-773435_before.png,1762824904883-773435_after.png,10.367872948894501,38.82149486807873,0.642540667168646,4.923503292196756,,,1762824904883,1762824904934,51,1762824904936
VCURIOSITY_33,Set_11_elong_glossy_3.glb,1,1762824905141-205639_before.png,1762824905141-205639_after.png,11.189228252863302,43.73351652545091,0.8213553039688577,4.912021657372179,,,1762824905141,1762824905192,51,1762824905193
VCURIOSITY_33,Set_11_elong_glossy_3.glb,1,1762824905379-935075_before.png,1762824905379-935075_after.png,12.248225937754626,48.62963586122288,1.0589976848913238,4.896119335772028,,,1762824905379,1762824905430,51,1762824905431
VCURIOSITY_33,Set_11_elong_glossy_3.glb,1,1762824905603-592508_before.png,1762824905603-592508_after.png,13.635260165689658,53.50313892941614,1.3870342279350325,4.8735030681932585,,,1762824905603,1762824905659,56,1762824905660
VCURIOSITY_33,Set_11_elong_glossy_3.glb,1,1762824914612-215771_before.png,1762824914612-215771_after.png,15.495339776958303,58.34327825025548,1.8600796112687021,4.840139320839398,,,1762824914612,1762824914662,50,1762824914663
VCURIOSITY_33,Set_11_elong_glossy_3.glb,1,1762824914916-380814_before.png,1762824914916-380814_after.png,18.07411392902469,63.13172511459629,2.578774152066444,4.788446864340813,,,1762824914916,1762824914967,51,1762824914972
VCURIOSITY_33,Set_11_elong_glossy_3.glb,1,1762824928436-58677_before.png,1762824928436-58677_after.png,21.81691504356195,67.83466486905286,3.742801114537315,4.702939754456565,,,1762824928436,1762824928487,51,1762824928490
VCURIOSITY_33,Set_11_elong_glossy_3.glb,1,1762824938994-132938_before.png,1762824938994-132938_after.png,27.5993573815324,72.38319634577749,5.782442337970451,4.548531476724634,,,1762824938994,1762824939046,52,1762824939046
VCURIOSITY_33,Set_11_elong_glossy_3.glb,1,1762824941619-424565_before.png,1762824941619-424565_after.png,37.2901852981567,76.61863468091258,9.690827916624357,4.235438335135086,,,1762824941619,1762824941669,50,1762824941669
VCURIOSITY_33,Set_11_elong_glossy_3.glb,1,1762824943730-458520_before.png,1762824943730-458520_after.png,54.875963139512464,80.12908191712745,17.58577784135582,3.5104472362148726,,,1762824943730,1762824943781,51,1762824943779
VCURIOSITY_33,Set_11_elong_glossy_3.glb,1,1762824944146-587030_before.png,1762824944146-587030_after.png,84.94991379221602,81.9081917916352,30.073950652703616,1.7791098745077534,,,1762824944146,1762824944202,56,1762824944202
VCURIOSITY_33,Set_11_elong_glossy_3.glb,1,1762824944466-757858_before.png,1762824944466-757858_after.png,117.80591195987381,80.87918643619184,32.855998167657845,-1.0290053554433598,,,1762824944466,1762824944520,54,1762824944519
VCURIOSITY_33,Set_11_elong_glossy_3.glb,1,1762824944771-260888_before.png,1762824944771-260888_after.png,138.72055669439555,77.72930533151396,20.914644734521744,-3.1498811046778883,,,1762824944771,1762824944823,52,1762824944821
VCURIOSITY_33,Set_11_elong_glossy_3.glb,0,1762824946178-381518_before.png,1762824946178-381518_after.png,117.80591195987398,80.87918643619184,-20.914644734521517,3.1498811046778883,,,1762824946178,1762824946234,56,1762824946236
VCURIOSITY_33,Set_11_elong_glossy_3.glb,0,1762824946466-859870_before.png,1762824946466-859870_after.png,84.94991379221614,81.9081917916352,-32.855998167657845,1.0290053554433598,,,1762824946466,1762824946518,52,1762824946521
VCURIOSITY_33,Set_11_elong_glossy_3.glb,0,1762824946786-177601_before.png,1762824946786-177601_after.png,54.87596313951252,80.12908191712756,-30.073950652703616,-1.7791098745076397,,,1762824946786,1762824946839,53,1762824946843
VCURIOSITY_33,Set_11_elong_glossy_3.glb,0,1762824947042-903734_before.png,1762824947042-903734_after.png,37.29018529815676,76.61863468091258,-17.58577784135582,-3.5104472362149863,,,1762824947042,1762824947098,56,1762824947101
VCURIOSITY_33,Set_11_elong_glossy_3.glb,0,1762824947330-6162_before.png,1762824947330-6162_after.png,27.5993573815324,72.38319634577749,-9.690827916624357,-4.235438335135086,,,1762824947330,1762824947382,52,1762824947379
VCURIOSITY_33,Set_11_elong_glossy_3.glb,0,1762824947602-793605_before.png,1762824947602-793605_after.png,21.81691504356195,67.83466486905286,-5.782442337970451,-4.548531476724634,,,1762824947602,1762824947657,55,1762824947660
VCURIOSITY_33,Set_11_elong_glossy_3.glb,0,1762824947971-34293_before.png,1762824947971-34293_after.png,18.07411392902469,63.13172511459635,-3.742801114537315,-4.702939754456565,,,1762824947971,1762824948028,57,1762824948030
VCURIOSITY_33,Set_11_elong_glossy_3.glb,0,1762824948291-203651_before.png,1762824948291-203651_after.png,15.495339776958303,58.34327825025554,-2.578774152066444,-4.788446864340813,,,1762824948291,1762824948345,54,1762824948343
VCURIOSITY_33,Set_11_elong_glossy_3.glb,0,1762824948578-791834_before.png,1762824948578-791834_after.png,13.635260165689658,53.503138929416195,-1.8600796112687021,-4.840139320839398,,,1762824948578,1762824948635,57,1762824948637
VCURIOSITY_33,Set_11_elong_glossy_3.glb,0,1762824948882-766591_before.png,1762824948882-766591_after.png,12.248225937754626,48.62963586122288,-1.3870342279350325,-4.8735030681932585,,,1762824948882,1762824948933,51,1762824948934
VCURIOSITY_33,Set_11_elong_glossy_3.glb,0,1762824949282-453890_before.png,1762824949282-453890_after.png,11.189228252863302,43.733516525450966,-1.0589976848913238,-4.896119335771914,,,1762824949282,1762824949338,56,1762824949340
VCURIOSITY_33,Set_11_elong_glossy_3.glb,0,1762824949698-806272_before.png,1762824949698-806272_after.png,10.367872948894501,38.82149486807873,-0.8213553039688577,-4.912021657372179,,,1762824949698,1762824949754,56,1762824949757
VCURIOSITY_33,Set_11_elong_glossy_3.glb,0,1762824950019-997646_before.png,1762824950019-997646_after.png,9.725332281725855,33.89799157588203,-0.642540667168646,-4.923503292196756,,,1762824950019,1762824950071,52,1762824950077
VCURIOSITY_33,Set_11_elong_glossy_3.glb,0,1762824950291-411252_before.png,1762824950291-411252_after.png,9.222034876377677,28.96605277724052,-0.5032974053481212,-4.931938798641568,,,1762824950291,1762824950344,53,1762824950343
VCURIOSITY_33,Set_11_elong_glossy_3.glb,0,1762824950610-380217_before.png,1762824950610-380217_after.png,8.830727340789792,24.027865873899657,-0.39130753558788456,-4.93818690334092,,,1762824950610,1762824950665,55,1762824950668
VCURIOSITY_33,Set_11_elong_glossy_3.glb,0,1762824951346-530883_before.png,1762824951346-530883_after.png,8.532388689064078,19.085065089709758,-0.29833865172577134,-4.942800784189899,,,1762824951346,1762824951398,52,1762824951401
VCURIOSITY_33,Set_11_elong_glossy_3.glb,1,1762824952180-553439_before.png,1762824952180-553439_after.png,8.830727340789792,24.027865873899657,0.29833865172577134,4.942800784189899,,,1762824952180,1762824952234,54,1762824952236
VCURIOSITY_33,Set_11_elong_glossy_3.glb,3,1762824953170-422937_before.png,1762824953170-422937_after.png,13.83072734078985,24.027865873899657,5,0,,,1762824953170,1762824953226,56,1762824953229
VCURIOSITY_33,Set_11_elong_glossy_3.glb,1,1762824954194-632783_before.png,1762824954194-632783_after.png,14.438620307990846,28.876739502992677,0.6078929672009963,4.848873629093077,,,1762824954194,1762824954251,57,1762824954254
VCURIOSITY_33,Set_11_elong_glossy_3.glb,2,1762824959282-714368_before.png,1762824959282-714368_after.png,9.438620307990789,28.876739502992677,-5,0,,,1762824959282,1762824959334,52,1762824959336
VCURIOSITY_33,Set_11_elong_glossy_3.glb,3,1762824960498-268307_before.png,1762824960498-268307_after.png,14.438620307990846,28.876739502992677,5,0,,,1762824960498,1762824960550,52,1762824960552
VCURIOSITY_33,Set_11_elong_glossy_3.glb,-1,,,,,,,269.12961532502,4.923849754810817,,,,1762824976099
VCURIOSITY_33,Set_11_elong_glossy_3.glb,1,1762824978210-374288_before.png,1762824978210-374288_after.png,268.7028313763686,4.829217342540062,-0.4267839486514049,-0.09463241227081198,,,1762824978210,1762824978261,51,1762824978253
VCURIOSITY_33,Set_11_elong_glossy_3.glb,1,1762824978914-61526_before.png,1762824978914-61526_after.png,268.286056385971,4.697763659989903,-0.4167749903975846,-0.1314536825501591,,,1762824978914,1762824978965,51,1762824978962
VCURIOSITY_33,Set_11_elong_glossy_3.glb,1,1762824979473-779219_before.png,1762824979473-779219_after.png,267.8824928601617,4.530509156437176,-0.403563525809318,-0.16725450355272642,,,1762824979473,1762824979523,50,1762824979526
VCURIOSITY_33,Set_11_elong_glossy_3.glb,1,1762824999168-951730_before.png,1762824999168-951730_after.png,267.49523127846334,4.328750013155229,-0.3872615816983398,-0.20175914328194722,,,1762824999168,1762824999225,57,1762824999227
VCURIOSITY_33,Set_11_elong_glossy_3.glb,1,1762824999360-782290_before.png,1762824999360-782290_after.png,267.1272252835512,4.094046680932536,-0.36800599491220964,-0.23470333222269346,,,1762824999360,1762824999415,55,1762824999417
VCURIOSITY_33,Set_11_elong_glossy_3.glb,1,1762824999552-235892_before.png,1762824999552-235892_after.png,266.7812687948076,3.8282102958392557,-0.34595648874358176,-0.2658363850932801,,,1762824999552,1762824999604,52,1762824999604
VCURIOSITY_33,Set_11_elong_glossy_3.glb,1,1762825000800-685748_before.png,1762825000800-685748_after.png,266.4599752426436,3.533287194630816,-0.32129355216397926,-0.2949231012084965,,,1762825000800,1762825000851,51,1762825000854
VCURIOSITY_33,Set_11_elong_glossy_3.glb,3,1762825001393-325657_before.png,1762825001393-325657_after.png,271.4599752426436,3.533287194630816,5,0,,,1762825001393,1762825001443,50,1762825001446
VCURIOSITY_33,Set_11_elong_glossy_3.glb,3,1762825001600-441804_before.png,1762825001600-441804_after.png,276.45997524264357,3.533287194630816,5,0,,,1762825001600,1762825001651,51,1762825001654
VCURIOSITY_33,Set_11_elong_glossy_3.glb,3,1762825001808-412010_before.png,1762825001808-412010_after.png,281.45997524264357,3.533287194630816,5,0,,,1762825001808,1762825001865,57,1762825001868
VCURIOSITY_33,Set_11_elong_glossy_3.glb,1,1762825037346-326946_before.png,1762825037346-326946_after.png,281.1149136259204,4.512545601824115,-0.34506161672311464,0.9792584071933561,,,1762825037346,1762825037397,51,1762825037399
VCURIOSITY_33,Set_11_elong_glossy_3.glb,3,1762825038465-962901_before.png,1762825038465-962901_after.png,286.1149136259204,4.512545601824115,5,0,,,1762825038465,1762825038516,51,1762825038518
VCURIOSITY_33,Set_11_elong_glossy_3.glb,0,1762825039345-833025_before.png,1762825039345-833025_after.png,286.4348780055012,3.1104894638723977,0.31996437958082424,-1.4020561379517176,,,1762825039345,1762825039399,54,1762825039402
VCURIOSITY_33,Set_11_elong_glossy_3.glb,2,1762825041872-837163_before.png,1762825041872-837163_after.png,281.4348780055012,3.1104894638724545,-5,0,,,1762825041872,1762825041923,51,1762825041923
VCURIOSITY_33,Set_11_elong_glossy_3.glb,2,1762825043247-364167_before.png,1762825043247-364167_after.png,276.4348780055012,3.1104894638723977,-5,0,,,1762825043247,1762825043298,51,1762825043300
VCURIOSITY_33,Set_11_elong_glossy_3.glb,2,1762825043759-102028_before.png,1762825043759-102028_after.png,271.43487800550116,3.1104894638724545,-5,0,,,1762825043759,1762825043812,53,1762825043816
VCURIOSITY_33,Set_11_elong_glossy_3.glb,2,1762825044081-574716_before.png,1762825044081-574716_after.png,266.4348780055011,3.1104894638724545,-5,0,,,1762825044081,1762825044132,51,1762825044130
VCURIOSITY_33,Set_11_elong_glossy_3.glb,2,1762825044399-943567_before.png,1762825044399-943567_after.png,261.43487800550116,3.1104894638723977,-5,0,,,1762825044399,1762825044456,57,1762825044458
VCURIOSITY_33,Set_11_elong_glossy_3.glb,2,1762825044768-831546_before.png,1762825044768-831546_after.png,256.4348780055011,3.1104894638724545,-5,0,,,1762825044768,1762825044819,51,1762825044822
VCURIOSITY_33,Set_11_elong_glossy_3.glb,2,1762825045135-826630_before.png,1762825045135-826630_after.png,251.4348780055011,3.1104894638723977,-5,0,,,1762825045135,1762825045190,55,1762825045196
VCURIOSITY_33,Set_11_elong_glossy_3.glb,2,1762825045519-480335_before.png,1762825045519-480335_after.png,246.43487800550122,3.1104894638724545,-4.999999999999886,0,,,1762825045519,1762825045570,51,1762825045574
VCURIOSITY_33,Set_11_elong_glossy_3.glb,2,1762825045967-256311_before.png,1762825045967-256311_after.png,241.43487800550122,3.1104894638724545,-5,0,,,1762825045967,1762825046023,56,1762825046025
VCURIOSITY_33,Set_11_elong_glossy_3.glb,2,1762825046320-451357_before.png,1762825046320-451357_after.png,236.4348780055012,3.1104894638724545,-5,0,,,1762825046320,1762825046371,51,1762825046373
VCURIOSITY_33,Set_11_elong_glossy_3.glb,2,1762825048656-161451_before.png,1762825048656-161451_after.png,231.43487800550122,3.1104894638724545,-5,0,,,1762825048656,1762825048711,55,1762825048712
VCURIOSITY_33,Set_11_elong_glossy_3.glb,2,1762825049807-918078_before.png,1762825049807-918078_after.png,226.43487800550125,3.1104894638724545,-5,0,,,1762825049807,1762825049865,58,1762825049867
VCURIOSITY_33,Set_11_elong_glossy_3.glb,2,1762825050032-700792_before.png,1762825050032-700792_after.png,221.43487800550125,3.1104894638724545,-5,0,,,1762825050032,1762825050084,52,1762825050086
VCURIOSITY_33,Set_11_elong_glossy_3.glb,2,1762825052992-344526_before.png,1762825052992-344526_after.png,216.43487800550122,3.1104894638724545,-5,0,,,1762825052992,1762825053044,52,1762825053047
VCURIOSITY_33,Set_11_elong_glossy_3.glb,2,1762825053279-358824_before.png,1762825053279-358824_after.png,211.43487800550122,3.1104894638724545,-5,0,,,1762825053279,1762825053332,53,1762825053334
VCURIOSITY_33,Set_11_elong_glossy_3.glb,2,1762825056303-992001_before.png,1762825056303-992001_after.png,206.43487800550122,3.1104894638724545,-5,0,,,1762825056303,1762825056355,52,1762825056358
VCURIOSITY_33,Set_11_elong_glossy_3.glb,2,1762825056655-808157_before.png,1762825056655-808157_after.png,201.43487800550122,3.1104894638724545,-5,0,,,1762825056655,1762825056706,51,1762825056708
VCURIOSITY_33,Set_11_elong_glossy_3.glb,2,1762825058352-942576_before.png,1762825058352-942576_after.png,196.43487800550125,3.1104894638724545,-5,0,,,1762825058352,1762825058404,52,1762825058406
VCURIOSITY_33,Set_11_elong_glossy_3.glb,2,1762825058639-189513_before.png,1762825058639-189513_after.png,191.43487800550125,3.1104894638723977,-5,0,,,1762825058639,1762825058694,55,1762825058697
VCURIOSITY_33,Set_11_elong_glossy_3.glb,2,1762825058959-166399_before.png,1762825058959-166399_after.png,186.43487800550125,3.1104894638723977,-5,0,,,1762825058959,1762825059011,52,1762825059012
VCURIOSITY_33,Set_11_elong_glossy_3.glb,2,1762825059281-642509_before.png,1762825059281-642509_after.png,181.43487800550125,3.1104894638723977,-5,0,,,1762825059281,1762825059335,54,1762825059338
VCURIOSITY_33,Set_11_elong_glossy_3.glb,2,1762825059791-22906_before.png,1762825059791-22906_after.png,176.43487800550133,3.1104894638723977,-4.999999999999886,0,,,1762825059791,1762825059846,55,1762825059848
VCURIOSITY_33,Set_11_elong_glossy_3.glb,2,1762825060352-373986_before.png,1762825060352-373986_after.png,171.43487800550133,3.1104894638723977,-5,0,,,1762825060352,1762825060405,53,1762825060409
VCURIOSITY_33,Set_11_elong_glossy_3.glb,2,1762825060895-933878_before.png,1762825060895-933878_after.png,166.43487800550133,3.1104894638723977,-5,0,,,1762825060895,1762825060951,56,1762825060954
VCURIOSITY_33,Set_11_elong_glossy_3.glb,2,1762825061183-994043_before.png,1762825061183-994043_after.png,161.43487800550133,3.1104894638723977,-5,0,,,1762825061183,1762825061240,57,1762825061243
VCURIOSITY_33,Set_11_elong_glossy_3.glb,2,1762825061439-49298_before.png,1762825061439-49298_after.png,156.43487800550133,3.1104894638723977,-5,0,,,1762825061439,1762825061491,52,1762825061492
VCURIOSITY_33,Set_11_elong_glossy_3.glb,2,1762825061727-718249_before.png,1762825061727-718249_after.png,151.43487800550133,3.1104894638723977,-5,0,,,1762825061727,1762825061778,51,1762825061776
VCURIOSITY_33,Set_11_elong_glossy_3.glb,2,1762825061985-715261_before.png,1762825061985-715261_after.png,146.43487800550133,3.110489463872341,-5,0,,,1762825061985,1762825062038,53,1762825062039
VCURIOSITY_33,Set_11_elong_glossy_3.glb,1,1762825062816-839300_before.png,1762825062816-839300_after.png,146.48440177206191,358.94219759075185,0.04952376656058277,-4.168291873120552,,,1762825062816,1762825062866,50,1762825062870
VCURIOSITY_33,Set_11_elong_glossy_3.glb,1,1762825063151-207783_before.png,1762825063151-207783_after.png,146.33251385804442,354.7763702526678,-0.15188791401749313,-4.165827338084,,,1762825063151,1762825063202,51,1762825063200
VCURIOSITY_33,Set_11_elong_glossy_3.glb,1,1762825063407-303044_before.png,1762825063407-303044_after.png,145.97552469652788,350.62284379312337,-0.3569891615165943,-4.153526459544423,,,1762825063407,1762825063461,54,1762825063463
VCURIOSITY_33,Set_11_elong_glossy_3.glb,1,1762825063728-871088_before.png,1762825063728-871088_after.png,145.4047013827563,346.4919546552814,-0.5708233137715979,-4.130889137841905,,,1762825063728,1762825063779,51,1762825063782
VCURIOSITY_33,Set_11_elong_glossy_3.glb,1,1762825066191-274851_before.png,1762825066191-274851_after.png,144.605911108319,342.39497444682667,-0.7987902744373514,-4.096980208454738,,,1762825066191,1762825066246,55,1762825066245
VCURIOSITY_33,Set_11_elong_glossy_3.glb,1,1762825066735-429008_before.png,1762825066735-429008_after.png,143.55905945350747,338.3446094699805,-1.0468516548114621,-4.05036497684614,,,1762825066735,1762825066789,54,1762825066789
VCURIOSITY_33,Set_11_elong_glossy_3.glb,1,1762825067087-14749_before.png,1762825067087-14749_after.png,142.23733178608836,334.3555987327119,-1.3217276674190543,-3.9890107372687,,,1762825067087,1762825067138,51,1762825067141
VCURIOSITY_33,Set_11_elong_glossy_3.glb,1,1762825067391-241890_before.png,1762825067391-241890_after.png,140.60627344042348,330.4454492064213,-1.6310583456648828,-3.9101495262905246,,,1762825067391,1762825067442,51,1762825067444
VCURIOSITY_33,Set_11_elong_glossy_3.glb,1,1762825067663-811664_before.png,1762825067663-811664_after.png,138.62280657480517,326.6353503388611,-1.9834668656183112,-3.810098867560214,,,1762825067663,1762825067717,54,1762825067718
VCURIOSITY_33,Set_11_elong_glossy_3.glb,1,1762825082960-316876_before.png,1762825082960-316876_after.png,136.23440715359266,322.9513063554118,-2.3883994212125117,-3.684043983449328,,,1762825082960,1762825083011,51,1762825083013
VCURIOSITY_33,Set_11_elong_glossy_3.glb,1,1762825083824-198324_before.png,1762825083824-198324_after.png,133.37889859321717,319.42550360074006,-2.8555085603754833,-3.5258027546717585,,,1762825083824,1762825083879,55,1762825083881
VCURIOSITY_33,Set_11_elong_glossy_3.glb,0,1762825084176-615250_before.png,1762825084176-615250_after.png,136.23440715359266,322.9513063554118,2.8555085603754833,3.5258027546717585,,,1762825084176,1762825084230,54,1762825084232
VCURIOSITY_33,Set_11_elong_glossy_3.glb,0,1762825084639-865148_before.png,1762825084639-865148_after.png,138.62280657480517,326.6353503388611,2.3883994212125117,3.684043983449328,,,1762825084639,1762825084690,51,1762825084691
VCURIOSITY_33,Set_11_elong_glossy_3.glb,0,1762825084864-261055_before.png,1762825084864-261055_after.png,140.60627344042348,330.4454492064213,1.9834668656183112,3.810098867560214,,,1762825084864,1762825084915,51,1762825084917
VCURIOSITY_33,Set_11_elong_glossy_3.glb,0,1762825085072-363886_before.png,1762825085072-363886_after.png,142.23733178608836,334.3555987327119,1.6310583456648828,3.9101495262905246,,,1762825085072,1762825085126,54,1762825085127
VCURIOSITY_33,Set_11_elong_glossy_3.glb,0,1762825085279-96165_before.png,1762825085279-96165_after.png,143.55905945350747,338.34460946998047,1.3217276674190543,3.989010737268586,,,1762825085279,1762825085331,52,1762825085332
VCURIOSITY_33,Set_11_elong_glossy_3.glb,0,1762825085503-177268_before.png,1762825085503-177268_after.png,144.605911108319,342.39497444682667,1.0468516548114621,4.05036497684614,,,1762825085503,1762825085554,51,1762825085555
VCURIOSITY_33,Set_11_elong_glossy_3.glb,0,1762825085727-411412_before.png,1762825085727-411412_after.png,145.40470138275634,346.4919546552814,0.7987902744373514,4.096980208454738,,,1762825085727,1762825085784,57,1762825085784
VCURIOSITY_33,Set_11_elong_glossy_3.glb,0,1762825086015-829560_before.png,1762825086015-829560_after.png,145.97552469652794,350.62284379312337,0.5708233137715979,4.130889137841905,,,1762825086015,1762825086067,52,1762825086068
VCURIOSITY_33,Set_11_elong_glossy_3.glb,0,1762825086287-226314_before.png,1762825086287-226314_after.png,146.33251385804442,354.7763702526678,0.35698916151648064,4.153526459544423,,,1762825086287,1762825086344,57,1762825086346
VCURIOSITY_33,Set_11_elong_glossy_3.glb,0,1762825086511-79798_before.png,1762825086511-79798_after.png,146.48440177206197,358.9421975907518,0.15188791401760682,4.165827338084,,,1762825086511,1762825086564,53,1762825086564
VCURIOSITY_33,Set_11_elong_glossy_3.glb,1,1762825090047-813205_before.png,1762825090047-813205_after.png,146.33251385804442,354.7763702526678,-0.15188791401760682,-4.165827338084,,,1762825090047,1762825090102,55,1762825090106
VCURIOSITY_33,Set_11_elong_glossy_3.glb,1,1762825090335-809298_before.png,1762825090335-809298_after.png,145.97552469652794,350.62284379312337,-0.35698916151648064,-4.153526459544423,,,1762825090335,1762825090387,52,1762825090388
VCURIOSITY_33,Set_11_elong_glossy_3.glb,0,1762825095103-286111_before.png,1762825095103-286111_after.png,146.33251385804442,354.7763702526678,0.35698916151648064,4.153526459544423,,,1762825095103,1762825095156,53,1762825095154
VCURIOSITY_33,Set_11_elong_glossy_3.glb,0,1762825095311-477555_before.png,1762825095311-477555_after.png,146.48440177206197,358.9421975907518,0.15188791401760682,4.165827338084,,,1762825095311,1762825095367,56,1762825095369
VCURIOSITY_33,Set_11_elong_glossy_3.glb,3,1762825111630-321477_before.png,1762825111630-321477_after.png,151.48440177206191,358.9421975907518,5,0,,,1762825111630,1762825111683,53,1762825111687
VCURIOSITY_33,Set_11_elong_glossy_3.glb,3,1762825111854-974673_before.png,1762825111854-974673_after.png,156.48440177206191,358.94219759075185,5,0,,,1762825111854,1762825111905,51,1762825111907
VCURIOSITY_33,Set_11_elong_glossy_3.glb,3,1762825112078-447185_before.png,1762825112078-447185_after.png,161.48440177206191,358.94219759075185,5,0,,,1762825112078,1762825112128,50,1762825112131
VCURIOSITY_33,Set_11_elong_glossy_3.glb,3,1762825112318-346157_before.png,1762825112318-346157_after.png,166.48440177206191,358.94219759075185,5,0,,,1762825112318,1762825112369,51,1762825112372
VCURIOSITY_33,Set_11_elong_glossy_3.glb,1,1762825113087-503815_before.png,1762825113087-503815_after.png,166.41293975997144,354.0812253598341,-0.07146201209047831,-4.860972230917696,,,1762825113087,1762825113137,50,1762825113140
VCURIOSITY_33,Set_11_elong_glossy_3.glb,1,1762825113406-280405_before.png,1762825113406-280405_after.png,166.23938687576742,349.22276171681017,-0.17355288420401394,-4.858463643023924,,,1762825113406,1762825113459,53,1762825113461
VCURIOSITY_33,Set_11_elong_glossy_3.glb,1,1762825113694-899883_before.png,1762825113694-899883_after.png,165.95735948883578,344.36902099342626,-0.2820273869316452,-4.853740723383908,,,1762825113694,1762825113750,56,1762825113753
VCURIOSITY_33,Set_11_elong_glossy_3.glb,3,1762825114191-737805_before.png,1762825114191-737805_after.png,170.95735948883578,344.3690209934263,5,0,,,1762825114191,1762825114242,51,1762825114245
VCURIOSITY_33,Set_11_elong_glossy_3.glb,3,1762825114526-455853_before.png,1762825114526-455853_after.png,175.95735948883566,344.3690209934263,4.999999999999886,0,,,1762825114526,1762825114576,50,1762825114579
VCURIOSITY_33,Set_11_elong_glossy_3.glb,3,1762825114719-411163_before.png,1762825114719-411163_after.png,180.9573594888357,344.3690209934263,5,0,,,1762825114719,1762825114775,56,1762825114778
VCURIOSITY_33,Set_11_elong_glossy_3.glb,3,1762825115198-794438_before.png,1762825115198-794438_after.png,185.9573594888357,344.3690209934264,5,0,,,1762825115198,1762825115253,55,1762825115255
VCURIOSITY_33,Set_11_elong_glossy_3.glb,3,1762825115390-606177_before.png,1762825115390-606177_after.png,190.9573594888357,344.3690209934264,5,0,,,1762825115390,1762825115441,51,1762825115443
VCURIOSITY_33,Set_11_elong_glossy_3.glb,3,1762825115582-566250_before.png,1762825115582-566250_after.png,195.95735948883564,344.3690209934264,5,0,,,1762825115582,1762825115633,51,1762825115635
VCURIOSITY_33,Set_11_elong_glossy_3.glb,0,1762825116094-186203_before.png,1762825116094-186203_after.png,195.63726142853892,349.1804198268259,-0.3200980602966865,4.811398833399608,,,1762825116094,1762825116148,54,1762825116148
VCURIOSITY_33,Set_11_elong_glossy_3.glb,0,1762825116606-239731_before.png,1762825116606-239731_after.png,195.43909102786063,353.9979072265925,-0.19817040067823655,4.8174873997666054,,,1762825116606,1762825116660,54,1762825116662
VCURIOSITY_33,Set_11_elong_glossy_3.glb,3,1762825117118-395302_before.png,1762825117118-395302_after.png,200.4390910278606,353.9979072265925,5,0,,,1762825117118,1762825117168,50,1762825117170
VCURIOSITY_33,Set_11_elong_glossy_3.glb,3,1762825117294-162427_before.png,1762825117294-162427_after.png,205.43909102786057,353.9979072265925,5,0,,,1762825117294,1762825117345,51,1762825117349
VCURIOSITY_33,Set_11_elong_glossy_3.glb,1,1762825214014-831943_before.png,1762825214014-831943_after.png,205.7527617553317,349.48804009985315,0.31367072747116254,-4.509867126739323,,,1762825214014,1762825214065,51,1762825214066
VCURIOSITY_33,Set_11_elong_glossy_3.glb,1,1762825215662-278545_before.png,1762825215662-278545_after.png,206.24943512299265,344.99352170728525,0.4966733676609465,-4.4945183925678975,,,1762825215662,1762825215716,54,1762825215715
VCURIOSITY_33,Set_11_elong_glossy_3.glb,1,1762825218812-677511_before.png,1762825218812-677511_after.png,206.94464123538492,340.52198394738326,0.6952061123922704,-4.4715377599020485,,,1762825218812,1762825218868,56,1762825218869
VCURIOSITY_33,Set_11_elong_glossy_3.glb,1,1762825219596-187794_before.png,1762825219596-187794_after.png,207.86089742366724,336.08227982789606,0.9162561882823184,-4.43970411948726,,,1762825219595,1762825219650,55,1762825219654
VCURIOSITY_33,Set_11_elong_glossy_3.glb,1,1762825222539-864340_before.png,1762825222539-864340_after.png,209.029225020782,331.68504740233504,1.1683275971147395,-4.397232425561015,,,1762825222539,1762825222591,52,1762825222595
VCURIOSITY_33,Set_11_elong_glossy_3.glb,1,1762825223227-885600_before.png,1762825223227-885600_after.png,210.4912879374967,327.34346587246273,1.4620629167146717,-4.341581529872315,,,1762825223227,1762825223279,52,1762825223283
VCURIOSITY_33,Set_11_elong_glossy_3.glb,1,1762825223964-160013_before.png,1762825223964-160013_after.png,212.30230368340094,323.07429852308087,1.8110157459042284,-4.26916734938186,,,1762825223964,1762825224016,52,1762825224019
VCURIOSITY_33,Set_11_elong_glossy_3.glb,-1,,,,,,,269.12961532502,4.923849754810817,,,,1762825237849
VCURIOSITY_33,Set_11_elong_glossy_3.glb,1,1762825280458-813212_before.png,1762825280458-813212_after.png,268.7028313763686,4.829217342540062,-0.4267839486514049,-0.09463241227081198,,,1762825280458,1762825280509,51,1762825280513
VCURIOSITY_33,Set_11_elong_glossy_3.glb,1,1762825281594-829073_before.png,1762825281594-829073_after.png,268.286056385971,4.697763659989903,-0.4167749903975846,-0.1314536825501591,,,1762825281594,1762825281652,58,1762825281657
VCURIOSITY_33,Set_11_elong_glossy_3.glb,1,1762825282267-992737_before.png,1762825282267-992737_after.png,267.8824928601617,4.530509156437176,-0.403563525809318,-0.16725450355272642,,,1762825282267,1762825282317,50,1762825282320
VCURIOSITY_33,Set_11_elong_glossy_3.glb,1,1762825282588-266344_before.png,1762825282588-266344_after.png,267.49523127846334,4.328750013155229,-0.3872615816983398,-0.20175914328194722,,,1762825282588,1762825282639,51,1762825282643
VCURIOSITY_33,Set_11_elong_glossy_3.glb,1,1762825282891-419179_before.png,1762825282891-419179_after.png,267.1272252835512,4.094046680932536,-0.36800599491220964,-0.23470333222269346,,,1762825282891,1762825282943,52,1762825282945
VCURIOSITY_33,Set_11_elong_glossy_3.glb,2,1762825283626-366226_before.png,1762825283626-366226_after.png,262.1272252835511,4.094046680932536,-5,0,,,1762825283626,1762825283682,56,1762825283686
VCURIOSITY_33,Set_11_elong_glossy_3.glb,2,1762825283898-590594_before.png,1762825283898-590594_after.png,257.1272252835512,4.094046680932536,-5,0,,,1762825283898,1762825283953,55,1762825283957
VCURIOSITY_33,Set_11_elong_glossy_3.glb,2,1762825284394-791429_before.png,1762825284394-791429_after.png,252.12722528355113,4.094046680932593,-5,0,,,1762825284394,1762825284446,52,1762825284449
VCURIOSITY_33,Set_11_elong_glossy_3.glb,2,1762825284858-98030_before.png,1762825284858-98030_after.png,247.12722528355118,4.094046680932536,-5,0,,,1762825284858,1762825284909,51,1762825284908
VCURIOSITY_33,Set_11_elong_glossy_3.glb,1,1762825444343-723211_before.png,1762825444343-723211_after.png,246.87644803177386,2.139482788140185,-0.2507772517773219,-1.9545638927922937,,,1762825444343,1762825444395,52,1762825444396
VCURIOSITY_33,Set_11_elong_glossy_3.glb,3,1762825444983-907238_before.png,1762825444983-907238_after.png,251.87644803177378,2.139482788140185,4.999999999999886,0,,,1762825444983,1762825445033,50,1762825445035
VCURIOSITY_33,Set_11_elong_glossy_3.glb,3,1762825445272-444462_before.png,1762825445272-444462_after.png,256.87644803177375,2.139482788140185,5,0,,,1762825445272,1762825445325,53,1762825445328
VCURIOSITY_33,Set_11_elong_glossy_3.glb,3,1762825445575-341183_before.png,1762825445575-341183_after.png,261.87644803177375,2.139482788140185,5,0,,,1762825445575,1762825445627,52,1762825445624
VCURIOSITY_33,Set_11_elong_glossy_3.glb,3,1762825445832-435646_before.png,1762825445832-435646_after.png,266.8764480317737,2.139482788140242,5,0,,,1762825445832,1762825445883,51,1762825445885
VCURIOSITY_33,Set_11_elong_glossy_3.glb,3,1762825446087-341160_before.png,1762825446087-341160_after.png,271.87644803177375,2.139482788140242,5,0,,,1762825446087,1762825446137,50,1762825446139
VCURIOSITY_33,Set_11_elong_glossy_3.glb,3,1762825446327-149708_before.png,1762825446327-149708_after.png,276.8764480317737,2.139482788140242,5,0,,,1762825446327,1762825446379,52,1762825446382
VCURIOSITY_33,Set_11_elong_glossy_3.glb,3,1762825446535-565170_before.png,1762825446535-565170_after.png,281.87644803177375,2.139482788140242,5,0,,,1762825446535,1762825446586,51,1762825446587
VCURIOSITY_33,Set_11_elong_glossy_3.glb,3,1762825446776-642611_before.png,1762825446776-642611_after.png,286.87644803177375,2.139482788140242,5,0,,,1762825446776,1762825446827,51,1762825446826
VCURIOSITY_33,Set_11_elong_glossy_3.glb,3,1762825447017-552402_before.png,1762825447017-552402_after.png,291.87644803177375,2.139482788140242,5,0,,,1762825447017,1762825447068,51,1762825447067
VCURIOSITY_33,Set_11_elong_glossy_3.glb,3,1762825447240-663006_before.png,1762825447240-663006_after.png,296.87644803177375,2.139482788140242,5,0,,,1762825447240,1762825447291,51,1762825447293
VCURIOSITY_33,Set_11_elong_glossy_3.glb,3,1762825447463-95890_before.png,1762825447463-95890_after.png,301.87644803177375,2.139482788140242,5,0,,,1762825447463,1762825447514,51,1762825447516
VCURIOSITY_33,Set_11_elong_glossy_3.glb,3,1762825447687-414798_before.png,1762825447687-414798_after.png,306.87644803177375,2.139482788140185,5,0,,,1762825447687,1762825447742,55,1762825447745
VCURIOSITY_33,Set_11_elong_glossy_3.glb,3,1762825447880-395558_before.png,1762825447880-395558_after.png,311.87644803177375,2.139482788140242,5,0,,,1762825447880,1762825447930,50,1762825447928
VCURIOSITY_33,Set_11_elong_glossy_3.glb,3,1762825448071-310054_before.png,1762825448071-310054_after.png,316.87644803177375,2.139482788140242,5,0,,,1762825448071,1762825448122,51,1762825448124
VCURIOSITY_33,Set_11_elong_glossy_3.glb,3,1762825448280-699697_before.png,1762825448280-699697_after.png,321.87644803177375,2.139482788140185,5,0,,,1762825448280,1762825448332,52,1762825448333
VCURIOSITY_33,Set_11_elong_glossy_3.glb,3,1762825448504-947111_before.png,1762825448504-947111_after.png,326.87644803177375,2.139482788140185,5,0,,,1762825448504,1762825448557,53,1762825448559
VCURIOSITY_33,Set_11_elong_glossy_3.glb,3,1762825448712-89037_before.png,1762825448712-89037_after.png,331.8764480317738,2.139482788140185,5,0,,,1762825448712,1762825448763,51,1762825448764
VCURIOSITY_33,Set_11_elong_glossy_3.glb,3,1762825448903-92958_before.png,1762825448903-92958_after.png,336.8764480317738,2.139482788140185,5,0,,,1762825448903,1762825448955,52,1762825448957
VCURIOSITY_33,Set_11_elong_glossy_3.glb,3,1762825449097-761618_before.png,1762825449097-761618_after.png,341.8764480317738,2.139482788140185,5,0,,,1762825449097,1762825449151,54,1762825449153
VCURIOSITY_33,Set_11_elong_glossy_3.glb,3,1762825449287-679930_before.png,1762825449287-679930_after.png,346.8764480317738,2.139482788140185,5,0,,,1762825449287,1762825449343,56,1762825449345
VCURIOSITY_33,Set_11_elong_glossy_3.glb,3,1762825449496-633444_before.png,1762825449496-633444_after.png,351.8764480317738,2.139482788140185,5,0,,,1762825449496,1762825449546,50,1762825449549
VCURIOSITY_33,Set_11_elong_glossy_3.glb,3,1762825449703-486588_before.png,1762825449703-486588_after.png,356.87644803177386,2.139482788140185,5,0,,,1762825449703,1762825449755,52,1762825449757
VCURIOSITY_33,Set_11_elong_glossy_3.glb,3,1762825449928-92925_before.png,1762825449928-92925_after.png,1.8764480317738617,2.139482788140185,5,0,,,1762825449928,1762825449983,55,1762825449984
VCURIOSITY_33,Set_11_elong_glossy_3.glb,3,1762825450135-71211_before.png,1762825450135-71211_after.png,6.876448031773862,2.139482788140185,5,0,,,1762825450135,1762825450188,53,1762825450190
VCURIOSITY_33,Set_11_elong_glossy_3.glb,3,1762825450311-9082_before.png,1762825450311-9082_after.png,11.876448031773862,2.139482788140185,5,0,,,1762825450311,1762825450364,53,1762825450365
VCURIOSITY_33,Set_11_elong_glossy_3.glb,3,1762825450503-464523_before.png,1762825450503-464523_after.png,16.87644803177392,2.139482788140185,5,0,,,1762825450503,1762825450559,56,1762825450561
VCURIOSITY_33,Set_11_elong_glossy_3.glb,3,1762825450696-179065_before.png,1762825450696-179065_after.png,21.87644803177392,2.139482788140185,5,0,,,1762825450696,1762825450747,51,1762825450748
VCURIOSITY_33,Set_11_elong_glossy_3.glb,3,1762825450903-295667_before.png,1762825450903-295667_after.png,26.87644803177392,2.1394827881401284,5,0,,,1762825450903,1762825450955,52,1762825450951
VCURIOSITY_33,Set_11_elong_glossy_3.glb,3,1762825451096-232789_before.png,1762825451096-232789_after.png,31.876448031773975,2.1394827881401284,5,0,,,1762825451096,1762825451147,51,1762825451150
VCURIOSITY_33,Set_11_elong_glossy_3.glb,3,1762825451304-336920_before.png,1762825451304-336920_after.png,36.876448031773975,2.1394827881401284,5,0,,,1762825451304,1762825451357,53,1762825451359
VCURIOSITY_33,Set_11_elong_glossy_3.glb,3,1762825451512-624612_before.png,1762825451512-624612_after.png,41.876448031773975,2.1394827881401284,5,0,,,1762825451512,1762825451562,50,1762825451564
VCURIOSITY_33,Set_11_elong_glossy_3.glb,3,1762825451687-912031_before.png,1762825451687-912031_after.png,46.87644803177403,2.1394827881401284,5,0,,,1762825451687,1762825451740,53,1762825451740
VCURIOSITY_33,Set_11_elong_glossy_3.glb,3,1762825451896-338524_before.png,1762825451896-338524_after.png,51.87644803177403,2.1394827881401284,5,0,,,1762825451896,1762825451948,52,1762825451946
VCURIOSITY_33,Set_11_elong_glossy_3.glb,3,1762825452183-747123_before.png,1762825452183-747123_after.png,56.87644803177403,2.1394827881401284,5,0,,,1762825452183,1762825452235,52,1762825452236
VCURIOSITY_33,Set_11_elong_glossy_3.glb,3,1762825510278-273587_before.png,1762825510278-273587_after.png,61.87644803177409,2.1394827881401284,5,0,,,1762825510278,1762825510330,52,1762825510332
VCURIOSITY_33,Set_11_elong_glossy_3.glb,3,1762825510470-171050_before.png,1762825510470-171050_after.png,66.87644803177409,2.1394827881401284,5,0,,,1762825510470,1762825510523,53,1762825510525
VCURIOSITY_33,Set_11_elong_glossy_3.glb,3,1762825510662-988607_before.png,1762825510662-988607_after.png,71.87644803177415,2.1394827881401284,5,0,,,1762825510662,1762825510714,52,1762825510711
VCURIOSITY_33,Set_11_elong_glossy_3.glb,3,1762825510838-500530_before.png,1762825510838-500530_after.png,76.87644803177415,2.1394827881401284,5,0,,,1762825510838,1762825510890,52,1762825510893
VCURIOSITY_33,Set_11_elong_glossy_3.glb,0,1762825511126-725768_before.png,1762825511126-725768_after.png,76.74304876299004,0.9978690762337123,-0.13339926878416009,-1.141613711906416,,,1762825511126,1762825511180,54,1762825511179
VCURIOSITY_33,Set_11_elong_glossy_3.glb,0,1762825511318-254699_before.png,1762825511318-254699_after.png,76.7070585608156,359.8490574614839,-0.035990202174389196,-1.148811614749775,,,1762825511318,1762825511368,50,1762825511365
VCURIOSITY_33,Set_11_elong_glossy_3.glb,0,1762825511494-384285_before.png,1762825511494-384285_after.png,76.76866518160108,358.70133420858434,0.061606620785482846,-1.1477232528995955,,,1762825511494,1762825511549,55,1762825511550
VCURIOSITY_33,Set_11_elong_glossy_3.glb,0,1762825511734-407966_before.png,1762825511734-407966_after.png,76.92754687375339,357.56298120318246,0.15888169215236303,-1.138353005401882,,,1762825511734,1762825511785,51,1762825511785
VCURIOSITY_33,Set_11_elong_glossy_3.glb,0,1762825511942-93672_before.png,1762825511942-93672_after.png,77.1828659370048,356.4422422437519,0.25531906325136333,-1.1207389594305823,,,1762825511942,1762825511996,54,1762825511998
VCURIOSITY_33,Set_11_elong_glossy_3.glb,0,1762825512134-964799_before.png,1762825512134-964799_after.png,77.53325252689905,355.3472876730285,0.3503865898942422,-1.0949545707233028,,,1762825512134,1762825512189,55,1762825512191
VCURIOSITY_33,Set_11_elong_glossy_3.glb,0,1762825512326-162965_before.png,1762825512326-162965_after.png,77.97677989102999,354.2861759756849,0.4435273641308868,-1.0611116973436765,,,1762825512326,1762825512378,52,1762825512380
VCURIOSITY_33,Set_11_elong_glossy_3.glb,0,1762825512550-146876_before.png,1762825512550-146876_after.png,78.51093294472389,353.2668111446741,0.534153053693899,-1.019364831010762,,,1762825512550,1762825512600,50,1762825512598
VCURIOSITY_33,Set_11_elong_glossy_3.glb,0,1762825512774-549304_before.png,1762825512774-549304_after.png,79.13257279398078,352.2968948806872,0.6216398492568942,-0.9699162639868746,,,1762825512774,1762825512827,53,1762825512828
VCURIOSITY_33,Set_11_elong_glossy_3.glb,0,1762825512998-327711_before.png,1762825512998-327711_after.png,79.83790046285145,351.38387303867967,0.7053276688707228,-0.913021842007538,,,1762825512998,1762825513058,60,1762825513059
VCURIOSITY_33,Set_11_elong_glossy_3.glb,0,1762825513174-700007_before.png,1762825513174-700007_after.png,80.62242363425503,350.5348761694425,0.7845231714036345,-0.8489968692372258,,,1762825513174,1762825513231,57,1762825513227
VCURIOSITY_33,Set_11_elong_glossy_3.glb,0,1762825513366-791964_before.png,1762825513366-791964_after.png,81.48093060466238,349.75665451241935,0.8585069704073476,-0.7782216570230958,,,1762825513366,1762825513418,52,1762825513420
VCURIOSITY_33,Set_11_elong_glossy_3.glb,0,1762825513574-262060_before.png,1762825513574-262060_after.png,82.40747581025676,349.055508357862,0.9265452055943797,-0.7011461545573638,,,1762825513574,1762825513633,59,1762825513635
VCURIOSITY_33,Set_11_elong_glossy_3.glb,0,1762825513782-738941_before.png,1762825513782-738941_after.png,83.39538113041539,348.4372152793162,0.9879053201586885,-0.6182930785457756,,,1762825513782,1762825513832,50,1762825513834
VCURIOSITY_33,Set_11_elong_glossy_3.glb,0,1762825513976-529177_before.png,1762825513976-529177_after.png,84.43725665238594,347.90695629644904,1.0418755219704963,-0.5302589828671671,,,1762825513976,1762825514027,51,1762825514029
VCURIOSITY_33,Set_11_elong_glossy_3.glb,0,1762825514150-274807_before.png,1762825514150-274807_after.png,85.52504365820045,347.46924350871495,1.0877870058145618,-0.4377127877340854,,,1762825514150,1762825514202,52,1762825514204
VCURIOSITY_33,Set_11_elong_glossy_3.glb,0,1762825514327-859174_before.png,1762825514327-859174_after.png,86.65008128752055,347.1278520833173,1.1250376293201043,-0.34139142539766,,,1762825514327,1762825514379,52,1762825514380
VCURIOSITY_33,Set_11_elong_glossy_3.glb,0,1762825514502-640123_before.png,1762825514502-640123_after.png,87.80319671307655,346.88575963109787,1.1531154255560523,-0.24209245221936726,,,1762825514502,1762825514556,54,1762825514558
VCURIOSITY_33,Set_11_elong_glossy_3.glb,0,1762825514694-600259_before.png,1762825514694-600259_after.png,88.97481687374301,346.74509591963067,1.1716201606664072,-0.14066371146714118,,,1762825514694,1762825514745,51,1762825514748
VCURIOSITY_33,Set_11_elong_glossy_3.glb,0,1762825514871-310348_before.png,1762825514871-310348_after.png,90.15509802849027,346.7071055351251,1.180281154747263,-0.037990384505519614,,,1762825514871,1762825514922,51,1762825514922
VCURIOSITY_33,Set_11_elong_glossy_3.glb,0,1762825515046-88932_before.png,1762825515046-88932_after.png,91.33406783191958,346.77212552493967,1.1789698034292542,0.06501998981457291,,,1762825515046,1762825515098,52,1762825515100
VCURIOSITY_33,Set_11_elong_glossy_3.glb,0,1762825515223-51630_before.png,1762825515223-51630_after.png,92.50177348948773,346.93957927397736,1.167705657568149,0.1674537490376906,,,1762825515223,1762825515276,53,1762825515277
VCURIOSITY_33,Set_11_elong_glossy_3.glb,0,1762825515398-53643_before.png,1762825515398-53643_after.png,93.6484289831015,347.2079869629331,1.1466554936137072,0.26840768895567635,,,1762825515398,1762825515450,52,1762825515454
VCURIOSITY_33,Set_11_elong_glossy_3.glb,2,1762825515670-310466_before.png,1762825515670-310466_after.png,88.64842898310144,347.2079869629331,-5,0,,,1762825515670,1762825515722,52,1762825515724
VCURIOSITY_33,Set_11_elong_glossy_3.glb,2,1762825515862-496408_before.png,1762825515862-496408_after.png,83.64842898310138,347.2079869629331,-5,0,,,1762825515862,1762825515913,51,1762825515913
VCURIOSITY_33,Set_11_elong_glossy_3.glb,2,1762825516023-562859_before.png,1762825516023-562859_after.png,78.64842898310138,347.2079869629331,-5,0,,,1762825516023,1762825516076,53,1762825516078
VCURIOSITY_33,Set_11_elong_glossy_3.glb,2,1762825516198-72610_before.png,1762825516198-72610_after.png,73.64842898310133,347.2079869629331,-5,0,,,1762825516198,1762825516249,51,1762825516252
VCURIOSITY_33,Set_11_elong_glossy_3.glb,2,1762825516358-47687_before.png,1762825516358-47687_after.png,68.64842898310133,347.2079869629331,-5,0,,,1762825516358,1762825516408,50,1762825516409
VCURIOSITY_33,Set_11_elong_glossy_3.glb,2,1762825516534-271769_before.png,1762825516534-271769_after.png,63.648428983101326,347.2079869629331,-5,0,,,1762825516534,1762825516592,58,1762825516593
VCURIOSITY_33,Set_11_elong_glossy_3.glb,2,1762825516711-316411_before.png,1762825516711-316411_after.png,58.64842898310127,347.20798696293303,-5,0,,,1762825516710,1762825516767,57,1762825516768
VCURIOSITY_33,Set_11_elong_glossy_3.glb,2,1762825516902-829039_before.png,1762825516902-829039_after.png,53.64842898310121,347.20798696293303,-5,0,,,1762825516902,1762825516953,51,1762825516949
VCURIOSITY_33,Set_11_elong_glossy_3.glb,2,1762825517078-298201_before.png,1762825517078-298201_after.png,48.64842898310121,347.20798696293303,-5,0,,,1762825517078,1762825517131,53,1762825517132
VCURIOSITY_33,Set_11_elong_glossy_3.glb,2,1762825517240-959267_before.png,1762825517240-959267_after.png,43.648428983101155,347.20798696293303,-5,0,,,1762825517240,1762825517292,52,1762825517294
VCURIOSITY_33,Set_11_elong_glossy_3.glb,2,1762825517398-778626_before.png,1762825517398-778626_after.png,38.648428983101155,347.20798696293303,-5,0,,,1762825517398,1762825517454,56,1762825517456
VCURIOSITY_33,Set_11_elong_glossy_3.glb,2,1762825517575-51287_before.png,1762825517575-51287_after.png,33.6484289831011,347.207986962933,-5,0,,,1762825517575,1762825517630,55,1762825517631
VCURIOSITY_33,Set_11_elong_glossy_3.glb,1,1762825518071-4929_before.png,1762825518071-4929_after.png,33.1279789049014,351.38363820473836,-0.5204500781997012,4.175651241805326,,,1762825518071,1762825518123,52,1762825518126
VCURIOSITY_33,Set_11_elong_glossy_3.glb,1,1762825518247-462384_before.png,1762825518247-462384_after.png,32.816845998102224,355.5791056439722,-0.3111329067992301,4.19546743923388,,,1762825518247,1762825518301,54,1762825518302
VCURIOSITY_33,Set_11_elong_glossy_3.glb,1,1762825518422-304872_before.png,1762825518422-304872_after.png,32.70724163392185,359.7845153346581,-0.1096043641803135,4.205409690685883,,,1762825518422,1762825518474,52,1762825518476
VCURIOSITY_33,Set_11_elong_glossy_3.glb,1,1762825518598-135809_before.png,1762825518598-135809_after.png,32.79643994648916,3.990405798029201,0.08919831256730504,4.205890463371077,,,1762825518598,1762825518653,55,1762825518655
VCURIOSITY_33,Set_11_elong_glossy_3.glb,1,1762825518775-57180_before.png,1762825518775-57180_after.png,33.08665858704671,8.187335391363263,0.29021864055755486,4.196929593334062,,,1762825518775,1762825518829,54,1762825518830
VCURIOSITY_33,Set_11_elong_glossy_3.glb,1,1762825518950-39060_before.png,1762825518950-39060_after.png,33.585155769008736,12.365491096940332,0.4984971819619659,4.178155705577069,,,1762825518950,1762825519001,51,1762825519001
VCURIOSITY_33,Set_11_elong_glossy_3.glb,1,1762825519141-219884_before.png,1762825519141-219884_after.png,34.304545845441965,16.51427068658313,0.7193900764332284,4.1487795896428,,,1762825519141,1762825519193,52,1762825519195
VCURIOSITY_33,Set_11_elong_glossy_3.glb,-1,,,,,,,269.12961532502,4.923849754810817,,,,1762825527404
VCURIOSITY_33,Set_11_elong_glossy_3.glb,2,1762826273878-675737_before.png,1762826273878-675737_after.png,264.12961532502004,4.923849754810817,-5,0,,,1762826273878,1762826273935,57,1762826273938
VCURIOSITY_33,Set_11_elong_glossy_3.glb,2,1762826275046-596063_before.png,1762826275046-596063_after.png,259.12961532502004,4.923849754810817,-5,0,,,1762826275046,1762826275099,53,1762826275102
VCURIOSITY_33,Set_11_elong_glossy_3.glb,2,1762826275239-414701_before.png,1762826275239-414701_after.png,254.12961532501998,4.923849754810817,-5,0,,,1762826275239,1762826275289,50,1762826275292
VCURIOSITY_33,Set_11_elong_glossy_3.glb,2,1762826275399-302146_before.png,1762826275399-302146_after.png,249.12961532502004,4.923849754810817,-5,0,,,1762826275399,1762826275453,54,1762826275456
VCURIOSITY_33,Set_11_elong_glossy_3.glb,2,1762826275574-902507_before.png,1762826275574-902507_after.png,244.12961532502004,4.923849754810817,-5,0,,,1762826275574,1762826275631,57,1762826275632
VCURIOSITY_33,Set_11_elong_glossy_3.glb,2,1762826275734-530910_before.png,1762826275734-530910_after.png,239.12961532502,4.923849754810817,-5,0,,,1762826275734,1762826275785,51,1762826275786
VCURIOSITY_33,Set_11_elong_glossy_3.glb,2,1762826276214-70361_before.png,1762826276214-70361_after.png,234.12961532502,4.923849754810817,-5,0,,,1762826276214,1762826276267,53,1762826276270
VCURIOSITY_33,Set_11_elong_glossy_3.glb,2,1762826276406-981324_before.png,1762826276406-981324_after.png,229.12961532502,4.923849754810817,-5,0,,,1762826276406,1762826276463,57,1762826276466
VCURIOSITY_33,Set_11_elong_glossy_3.glb,2,1762826276553-342123_before.png,1762826276553-342123_after.png,224.12961532502,4.923849754810817,-5,0,,,1762826276553,1762826276607,54,1762826276610
VCURIOSITY_33,Set_11_elong_glossy_3.glb,2,1762826276711-505452_before.png,1762826276711-505452_after.png,219.12961532502,4.923849754810817,-5,0,,,1762826276711,1762826276763,52,1762826276765
VCURIOSITY_33,Set_11_elong_glossy_3.glb,2,1762826276870-329740_before.png,1762826276870-329740_after.png,214.12961532502,4.923849754810817,-5,0,,,1762826276870,1762826276926,56,1762826276928
VCURIOSITY_33,Set_11_elong_glossy_3.glb,2,1762826277046-971665_before.png,1762826277046-971665_after.png,209.12961532502,4.923849754810817,-5,0,,,1762826277046,1762826277099,53,1762826277101
VCURIOSITY_33,Set_11_elong_glossy_3.glb,2,1762826277222-624465_before.png,1762826277222-624465_after.png,204.12961532502,4.923849754810817,-5,0,,,1762826277222,1762826277278,56,1762826277280
VCURIOSITY_33,Set_11_elong_glossy_3.glb,2,1762826277398-765773_before.png,1762826277398-765773_after.png,199.12961532502004,4.923849754810817,-5,0,,,1762826277398,1762826277454,56,1762826277456
VCURIOSITY_33,Set_11_elong_glossy_3.glb,2,1762826277558-863034_before.png,1762826277558-863034_after.png,194.12961532502004,4.923849754810817,-5,0,,,1762826277558,1762826277613,55,1762826277617
VCURIOSITY_33,Set_11_elong_glossy_3.glb,2,1762826277800-467323_before.png,1762826277800-467323_after.png,189.12961532502004,4.923849754810817,-5,0,,,1762826277800,1762826277851,51,1762826277854
VCURIOSITY_33,Set_11_elong_glossy_3.glb,2,1762826277959-195711_before.png,1762826277959-195711_after.png,184.12961532502,4.923849754810817,-5,0,,,1762826277959,1762826278010,51,1762826278013
VCURIOSITY_33,Set_11_elong_glossy_3.glb,2,1762826278121-448692_before.png,1762826278121-448692_after.png,179.12961532502004,4.923849754810817,-5,0,,,1762826278121,1762826278171,50,1762826278173
VCURIOSITY_33,Set_11_elong_glossy_3.glb,2,1762826278263-827578_before.png,1762826278263-827578_after.png,174.12961532502004,4.923849754810817,-5,0,,,1762826278263,1762826278313,50,1762826278319
VCURIOSITY_33,Set_11_elong_glossy_3.glb,2,1762826278423-96846_before.png,1762826278423-96846_after.png,169.12961532502004,4.923849754810817,-5,0,,,1762826278423,1762826278476,53,1762826278479
VCURIOSITY_33,Set_11_elong_glossy_3.glb,2,1762826278599-802879_before.png,1762826278599-802879_after.png,164.12961532502004,4.923849754810817,-5,0,,,1762826278599,1762826278651,52,1762826278652
VCURIOSITY_33,Set_11_elong_glossy_3.glb,2,1762826278742-405356_before.png,1762826278742-405356_after.png,159.12961532502004,4.923849754810817,-5,0,,,1762826278742,1762826278796,54,1762826278799
VCURIOSITY_33,Set_11_elong_glossy_3.glb,2,1762826278934-294246_before.png,1762826278934-294246_after.png,154.12961532502004,4.923849754810817,-5,0,,,1762826278934,1762826278989,55,1762826278991
VCURIOSITY_33,Set_11_elong_glossy_3.glb,2,1762826279095-92525_before.png,1762826279095-92525_after.png,149.12961532502004,4.923849754810817,-5,0,,,1762826279095,1762826279147,52,1762826279149
VCURIOSITY_33,Set_11_elong_glossy_3.glb,2,1762826279271-12553_before.png,1762826279271-12553_after.png,144.12961532502004,4.92384975481076,-5,0,,,1762826279271,1762826279322,51,1762826279323
VCURIOSITY_33,Set_11_elong_glossy_3.glb,2,1762826279430-957424_before.png,1762826279430-957424_after.png,139.12961532502004,4.923849754810817,-5,0,,,1762826279430,1762826279482,52,1762826279484
VCURIOSITY_33,Set_11_elong_glossy_3.glb,2,1762826279575-192613_before.png,1762826279575-192613_after.png,134.12961532502004,4.92384975481076,-5,0,,,1762826279575,1762826279625,50,1762826279627
VCURIOSITY_33,Set_11_elong_glossy_3.glb,2,1762826279734-247216_before.png,1762826279734-247216_after.png,129.12961532502004,4.92384975481076,-5,0,,,1762826279734,1762826279785,51,1762826279784
VCURIOSITY_33,Set_11_elong_glossy_3.glb,2,1762826279896-265964_before.png,1762826279896-265964_after.png,124.12961532502004,4.92384975481076,-5,0,,,1762826279896,1762826279949,53,1762826279951
VCURIOSITY_33,Set_11_elong_glossy_3.glb,2,1762826280054-624278_before.png,1762826280054-624278_after.png,119.1296153250201,4.92384975481076,-5,0,,,1762826280054,1762826280109,55,1762826280111
VCURIOSITY_33,Set_11_elong_glossy_3.glb,2,1762826280231-756854_before.png,1762826280231-756854_after.png,114.1296153250201,4.923849754810703,-5,0,,,1762826280231,1762826280283,52,1762826280288
VCURIOSITY_33,Set_11_elong_glossy_3.glb,2,1762826280408-835686_before.png,1762826280408-835686_after.png,109.1296153250201,4.92384975481076,-5,0,,,1762826280408,1762826280462,54,1762826280465
VCURIOSITY_33,Set_11_elong_glossy_3.glb,2,1762826280599-752792_before.png,1762826280599-752792_after.png,104.1296153250201,4.92384975481076,-5,0,,,1762826280599,1762826280653,54,1762826280654
VCURIOSITY_33,Set_11_elong_glossy_3.glb,2,1762826280999-843040_before.png,1762826280999-843040_after.png,99.12961532502044,4.923849754810703,-4.999999999999659,0,,,1762826280999,1762826281050,51,1762826281051
VCURIOSITY_33,Set_11_elong_glossy_3.glb,2,1762826281174-626159_before.png,1762826281174-626159_after.png,94.12961532502044,4.923849754810647,-5,0,,,1762826281174,1762826281227,53,1762826281227
VCURIOSITY_33,Set_11_elong_glossy_3.glb,2,1762826281320-843459_before.png,1762826281320-843459_after.png,89.12961532502038,4.923849754810647,-5,0,,,1762826281320,1762826281372,52,1762826281374
VCURIOSITY_33,Set_11_elong_glossy_3.glb,2,1762826281495-845807_before.png,1762826281495-845807_after.png,84.12961532502038,4.923849754810703,-5,0,,,1762826281495,1762826281548,53,1762826281552
VCURIOSITY_33,Set_11_elong_glossy_3.glb,2,1762826281687-46313_before.png,1762826281687-46313_after.png,79.12961532502038,4.923849754810703,-5,0,,,1762826281687,1762826281742,55,1762826281744
VCURIOSITY_33,Set_11_elong_glossy_3.glb,2,1762826282231-301233_before.png,1762826282231-301233_after.png,74.12961532502038,4.923849754810703,-5,0,,,1762826282231,1762826282282,51,1762826282284
VCURIOSITY_33,Set_11_elong_glossy_3.glb,3,1762826300631-379885_before.png,1762826300631-379885_after.png,79.12961532502044,4.923849754810647,5,0,,,1762826300631,1762826300682,51,1762826300683
VCURIOSITY_33,Set_11_elong_glossy_3.glb,3,1762826300809-305861_before.png,1762826300809-305861_after.png,84.12961532502044,4.923849754810647,5,0,,,1762826300809,1762826300859,50,1762826300855
VCURIOSITY_33,Set_11_elong_glossy_3.glb,3,1762826300983-697889_before.png,1762826300983-697889_after.png,89.1296153250205,4.923849754810647,5,0,,,1762826300983,1762826301034,51,1762826301035
VCURIOSITY_33,Set_11_elong_glossy_3.glb,3,1762826301128-950066_before.png,1762826301128-950066_after.png,94.12961532502055,4.923849754810647,5,0,,,1762826301128,1762826301184,56,1762826301186
VCURIOSITY_33,Set_11_elong_glossy_3.glb,3,1762826301655-715149_before.png,1762826301655-715149_after.png,99.12961532502067,4.92384975481059,5.000000000000114,0,,,1762826301655,1762826301710,55,1762826301712
VCURIOSITY_33,Set_11_elong_glossy_3.glb,3,1762826301814-914389_before.png,1762826301814-914389_after.png,104.12961532502015,4.923849754810703,4.999999999999545,1.1368683772161603e-13,,,1762826301814,1762826301865,51,1762826301862
VCURIOSITY_33,Set_11_elong_glossy_3.glb,3,1762826301975-698950_before.png,1762826301975-698950_after.png,109.1296153250201,4.923849754810703,5,0,,,1762826301975,1762826302026,51,1762826302028
VCURIOSITY_33,Set_11_elong_glossy_3.glb,3,1762826302151-610033_before.png,1762826302151-610033_after.png,114.1296153250201,4.923849754810703,5,0,,,1762826302151,1762826302203,52,1762826302201
VCURIOSITY_33,Set_11_elong_glossy_3.glb,3,1762826302310-889355_before.png,1762826302310-889355_after.png,119.1296153250201,4.92384975481076,5,0,,,1762826302310,1762826302365,55,1762826302368
VCURIOSITY_33,Set_11_elong_glossy_3.glb,3,1762826302486-206404_before.png,1762826302486-206404_after.png,124.1296153250201,4.92384975481076,5,0,,,1762826302486,1762826302542,56,1762826302544
VCURIOSITY_33,Set_11_elong_glossy_3.glb,3,1762826302647-87318_before.png,1762826302647-87318_after.png,129.1296153250201,4.92384975481076,5,0,,,1762826302647,1762826302699,52,1762826302701
VCURIOSITY_33,Set_11_elong_glossy_3.glb,3,1762826302809-844608_before.png,1762826302809-844608_after.png,134.1296153250201,4.923849754810703,5,0,,,1762826302809,1762826302859,50,1762826302859
VCURIOSITY_33,Set_11_elong_glossy_3.glb,2,1762826304343-660268_before.png,1762826304343-660268_after.png,129.1296153250201,4.92384975481076,-5,0,,,1762826304343,1762826304396,53,1762826304397
VCURIOSITY_33,Set_11_elong_glossy_3.glb,2,1762826304503-727388_before.png,1762826304503-727388_after.png,124.1296153250201,4.923849754810703,-5,0,,,1762826304503,1762826304555,52,1762826304556
VCURIOSITY_33,Set_11_elong_glossy_3.glb,2,1762826304664-451323_before.png,1762826304664-451323_after.png,119.1296153250201,4.923849754810703,-5,0,,,1762826304664,1762826304717,53,1762826304720
VCURIOSITY_33,Set_11_elong_glossy_3.glb,2,1762826304839-872274_before.png,1762826304839-872274_after.png,114.1296153250201,4.923849754810703,-5,0,,,1762826304839,1762826304894,55,1762826304895
VCURIOSITY_33,Set_11_elong_glossy_3.glb,2,1762826305014-488961_before.png,1762826305014-488961_after.png,109.1296153250201,4.923849754810703,-5,0,,,1762826305014,1762826305069,55,1762826305071
VCURIOSITY_33,Set_11_elong_glossy_3.glb,2,1762826305176-548837_before.png,1762826305176-548837_after.png,104.12961532502015,4.923849754810703,-5,0,,,1762826305176,1762826305228,52,1762826305229
VCURIOSITY_33,Set_11_elong_glossy_3.glb,2,1762826305333-14019_before.png,1762826305333-14019_after.png,99.12961532502072,4.92384975481059,-4.999999999999432,-1.1368683772161603e-13,,,1762826305333,1762826305390,57,1762826305394
VCURIOSITY_33,Set_11_elong_glossy_3.glb,2,1762826305509-416034_before.png,1762826305509-416034_after.png,94.12961532502061,4.92384975481059,-5.000000000000114,0,,,1762826305509,1762826305564,55,1762826305568
VCURIOSITY_33,Set_11_elong_glossy_3.glb,2,1762826305669-269677_before.png,1762826305669-269677_after.png,89.12961532502061,4.92384975481059,-5,0,,,1762826305669,1762826305723,54,1762826305727
VCURIOSITY_33,Set_11_elong_glossy_3.glb,2,1762826305829-522718_before.png,1762826305829-522718_after.png,84.12961532502055,4.92384975481059,-5,0,,,1762826305829,1762826305884,55,1762826305889
VCURIOSITY_33,Set_11_elong_glossy_3.glb,2,1762826305989-837406_before.png,1762826305989-837406_after.png,79.12961532502055,4.92384975481059,-5,0,,,1762826305989,1762826306040,51,1762826306043
VCURIOSITY_33,Set_11_elong_glossy_3.glb,2,1762826306149-91772_before.png,1762826306149-91772_after.png,74.1296153250205,4.92384975481059,-5,0,,,1762826306149,1762826306202,53,1762826306203
VCURIOSITY_33,Set_11_elong_glossy_3.glb,2,1762826306310-572576_before.png,1762826306310-572576_after.png,69.12961532502044,4.92384975481059,-5,0,,,1762826306310,1762826306365,55,1762826306368
VCURIOSITY_33,Set_11_elong_glossy_3.glb,2,1762826306485-743415_before.png,1762826306485-743415_after.png,64.12961532502038,4.92384975481059,-5,0,,,1762826306485,1762826306540,55,1762826306544
VCURIOSITY_33,Set_11_elong_glossy_3.glb,0,1762826308453-265940_before.png,1762826308453-265940_after.png,63.82889695510852,2.7292348393830252,-0.3007183699119196,-2.1946149154275645,,,1762826308453,1762826308510,57,1762826308513
VCURIOSITY_33,Set_11_elong_glossy_3.glb,0,1762826308598-806942_before.png,1762826308598-806942_after.png,63.70169547566377,0.5178581105342914,-0.12720147944469318,-2.2113767288487907,,,1762826308598,1762826308651,53,1762826308657
VCURIOSITY_33,Set_11_elong_glossy_3.glb,0,1762826308774-711646_before.png,1762826308774-711646_after.png,63.747848135372635,358.30331014858166,0.04615265970892324,-2.214547961952576,,,1762826308773,1762826308824,51,1762826308827
VCURIOSITY_33,Set_11_elong_glossy_3.glb,0,1762826308933-367834_before.png,1762826308933-367834_after.png,63.967415279289526,356.099163275535,0.21956714391694732,-2.2041468730467386,,,1762826308933,1762826308990,57,1762826308992
VCURIOSITY_33,Set_11_elong_glossy_3.glb,0,1762826309111-796658_before.png,1762826309111-796658_after.png,64.3606638004876,353.919049234232,0.39324852119807474,-2.180114041303,,,1762826309111,1762826309161,50,1762826309164
VCURIOSITY_33,Set_11_elong_glossy_3.glb,0,1762826309285-525556_before.png,1762826309285-525556_after.png,64.92798805093435,351.7767319548626,0.5673242504467453,-2.1423172793693084,,,1762826309285,1762826309340,55,1762826309342
VCURIOSITY_33,Set_11_elong_glossy_3.glb,0,1762826309462-964210_before.png,1762826309462-964210_after.png,65.66976686182943,349.6861687474881,0.7417788108950845,-2.0905632073745437,,,1762826309462,1762826309518,56,1762826309520
VCURIOSITY_33,Set_11_elong_glossy_3.glb,0,1762826309623-213205_before.png,1762826309623-213205_after.png,66.58615494076906,347.66155271259964,0.9163880789396899,-2.0246160348884814,,,1762826309623,1762826309673,50,1762826309676
VCURIOSITY_33,Set_11_elong_glossy_3.glb,0,1762826309781-418393_before.png,1762826309781-418393_after.png,67.67680772725328,345.71732844356586,1.09065278648427,-1.944224269033839,,,1762826309781,1762826309833,52,1762826309838
VCURIOSITY_33,Set_11_elong_glossy_3.glb,0,1762826309958-777160_before.png,1762826309958-777160_after.png,68.94054137486421,343.86817240688976,1.263733647610934,-1.8491560366760496,,,1762826309958,1762826310016,58,1762826310018
VCURIOSITY_33,Set_11_elong_glossy_3.glb,0,1762826310277-304139_before.png,1762826310277-304139_after.png,70.37493442667255,342.1289290296048,1.4343930518083425,-1.7392433772849927,,,1762826310277,1762826310328,51,1762826310331
VCURIOSITY_33,Set_11_elong_glossy_3.glb,0,1762826310438-261677_before.png,1762826310438-261677_after.png,71.9758853134889,340.5144939012399,1.6009508868163493,-1.614435128364903,,,1762826310438,1762826310490,52,1762826310491
VCURIOSITY_33,Set_11_elong_glossy_3.glb,0,1762826310613-525787_before.png,1762826310613-525787_after.png,73.73714995522482,339.039637089426,1.7612646417359201,-1.4748568118138792,,,1762826310613,1762826310664,51,1762826310666
VCURIOSITY_33,Set_11_elong_glossy_3.glb,0,1762826310790-689590_before.png,1762826310790-689590_after.png,75.64989565886162,337.71876285029145,1.9127457036368014,-1.3208742391345822,,,1762826310790,1762826310846,56,1762826310849
VCURIOSITY_33,Set_11_elong_glossy_3.glb,0,1762826310949-210220_before.png,1762826310949-210220_after.png,77.7023193131646,336.5656073186329,2.05242365430297,-1.1531555316585127,,,1762826310949,1762826311001,52,1762826311003
VCURIOSITY_33,Set_11_elong_glossy_3.glb,0,1762826311110-553111_before.png,1762826311110-553111_after.png,79.87938656968714,335.5928830705573,2.177067256522605,-0.9727242480755649,,,1762826311110,1762826311163,53,1762826311163
VCURIOSITY_33,Set_11_elong_glossy_3.glb,0,1762826311269-250527_before.png,1762826311269-250527_after.png,82.16275045687735,334.8118881786139,2.283363887190262,-0.7809948919434646,,,1762826311269,1762826311320,51,1762826311320
VCURIOSITY_33,Set_11_elong_glossy_3.glb,0,1762826311430-581713_before.png,1762826311430-581713_after.png,84.53089903279812,334.23210624184435,2.3681485759207135,-0.5797819367695638,,,1762826311430,1762826311482,52,1762826311484
VCURIOSITY_33,Set_11_elong_glossy_3.glb,0,1762826311621-333296_before.png,1762826311621-333296_after.png,86.95956023244838,333.8608309631068,2.4286611996502643,-0.3712752787375848,,,1762826311621,1762826311673,52,1762826311682
VCURIOSITY_33,Set_11_elong_glossy_3.glb,0,1762826311814-877707_before.png,1762826311814-877707_after.png,89.42235925077773,333.70285201724283,2.462799018329406,-0.15797894586398797,,,1762826311814,1762826311868,54,1762826311873
VCURIOSITY_33,Set_11_elong_glossy_3.glb,0,1762826311990-833345_before.png,1762826311990-833345_after.png,91.89168496113473,333.76023648730035,2.4693257103569977,0.05738447005751368,,,1762826311990,1762826312043,53,1762826312046
VCURIOSITY_33,Set_11_elong_glossy_3.glb,0,1762826312133-576372_before.png,1762826312133-576372_after.png,94.33968569672174,334.0322314906821,2.4480007355870157,0.2719950033817895,,,1762826312133,1762826312185,52,1762826312188
VCURIOSITY_33,Set_11_elong_glossy_3.glb,0,1762826312294-662482_before.png,1762826312294-662482_after.png,96.73929074501586,334.5152998591173,2.39960504829412,0.48306836843516976,,,1762826312294,1762826312352,58,1762826312352
VCURIOSITY_33,Set_11_elong_glossy_3.glb,0,1762826312455-521119_before.png,1762826312455-521119_after.png,99.06514900429818,335.2032844937024,2.325858259282313,0.6879846345850638,,,1762826312455,1762826312505,50,1762826312507
VCURIOSITY_33,Set_11_elong_glossy_3.glb,0,1762826312630-935245_before.png,1762826312630-935245_after.png,101.29439188217901,336.0876816992,2.229242877880779,0.8843972054976348,,,1762826312630,1762826312681,51,1762826312684
VCURIOSITY_33,Set_11_elong_glossy_3.glb,-1,,,,,,,269.12961532502,4.923849754810817,,,,1762826704153
VCURIOSITY_33,Set_11_elong_glossy_3.glb,3,1762826706605-476188_before.png,1762826706605-476188_after.png,274.12961532502,4.923849754810817,5,0,,,1762826706605,1762826706661,56,1762826706654
VCURIOSITY_33,Set_11_elong_glossy_3.glb,3,1762826706845-602208_before.png,1762826706845-602208_after.png,279.12961532502,4.923849754810817,5,0,,,1762826706845,1762826706898,53,1762826706889
VCURIOSITY_33,Set_11_elong_glossy_3.glb,3,1762826707084-735340_before.png,1762826707084-735340_after.png,284.12961532502,4.923849754810817,5,0,,,1762826707084,1762826707140,56,1762826707133
VCURIOSITY_33,Set_11_elong_glossy_3.glb,3,1762826707772-42264_before.png,1762826707772-42264_after.png,289.12961532502,4.923849754810817,5,0,,,1762826707772,1762826707823,51,1762826707814
VCURIOSITY_33,Set_11_elong_glossy_3.glb,3,1762826707980-229738_before.png,1762826707980-229738_after.png,294.12961532502,4.923849754810817,5,0,,,1762826707980,1762826708036,56,1762826708028
VCURIOSITY_33,Set_11_elong_glossy_3.glb,3,1762826708173-537757_before.png,1762826708173-537757_after.png,299.12961532502,4.923849754810817,5,0,,,1762826708173,1762826708225,52,1762826708219
VCURIOSITY_33,Set_11_elong_glossy_3.glb,3,1762826708382-301464_before.png,1762826708382-301464_after.png,304.12961532502,4.923849754810817,5,0,,,1762826708382,1762826708434,52,1762826708426
VCURIOSITY_33,Set_11_elong_glossy_3.glb,3,1762826708636-960366_before.png,1762826708636-960366_after.png,309.12961532502,4.923849754810817,5,0,,,1762826708636,1762826708694,58,1762826708681
VCURIOSITY_33,Set_11_elong_glossy_3.glb,3,1762826708892-16115_before.png,1762826708892-16115_after.png,314.12961532502,4.923849754810817,5,0,,,1762826708892,1762826708943,51,1762826708936
VCURIOSITY_33,Set_11_elong_glossy_3.glb,3,1762826709116-955266_before.png,1762826709116-955266_after.png,319.12961532502,4.923849754810817,5,0,,,1762826709116,1762826709167,51,1762826709155
VCURIOSITY_33,Set_11_elong_glossy_3.glb,3,1762826709373-713409_before.png,1762826709373-713409_after.png,324.12961532502,4.923849754810817,5,0,,,1762826709372,1762826709426,54,1762826709418
VCURIOSITY_33,Set_11_elong_glossy_3.glb,3,1762826710508-733813_before.png,1762826710508-733813_after.png,329.12961532502,4.923849754810817,5,0,,,1762826710508,1762826710559,51,1762826710550
VCURIOSITY_33,Set_11_elong_glossy_3.glb,3,1762826710989-897580_before.png,1762826710989-897580_after.png,334.12961532502,4.923849754810817,5,0,,,1762826710989,1762826711041,52,1762826711026
VCURIOSITY_33,Set_11_elong_glossy_3.glb,3,1762826711262-752816_before.png,1762826711262-752816_after.png,339.12961532502,4.923849754810817,5,0,,,1762826711262,1762826711316,54,1762826711308
VCURIOSITY_33,Set_11_elong_glossy_3.glb,3,1762826711534-108544_before.png,1762826711534-108544_after.png,344.12961532502,4.923849754810817,5,0,,,1762826711534,1762826711587,53,1762826711578
VCURIOSITY_33,Set_11_elong_glossy_3.glb,3,1762826711804-331966_before.png,1762826711804-331966_after.png,349.12961532502,4.923849754810817,5,0,,,1762826711804,1762826711856,52,1762826711846
VCURIOSITY_33,Set_11_elong_glossy_3.glb,3,1762826712125-868699_before.png,1762826712125-868699_after.png,354.12961532502004,4.923849754810817,5,0,,,1762826712124,1762826712175,51,1762826712167
VCURIOSITY_33,Set_11_elong_glossy_3.glb,3,1762826712863-26544_before.png,1762826712863-26544_after.png,359.12961532502004,4.923849754810817,5,0,,,1762826712863,1762826712922,59,1762826712909
VCURIOSITY_33,Set_11_elong_glossy_3.glb,3,1762826713372-684790_before.png,1762826713372-684790_after.png,4.1296153250200405,4.923849754810817,5,0,,,1762826713372,1762826713429,57,1762826713419
VCURIOSITY_33,Set_11_elong_glossy_3.glb,3,1762826723692-166681_before.png,1762826723692-166681_after.png,9.12961532502004,4.923849754810817,5,0,,,1762826723692,1762826723747,55,1762826723732
VCURIOSITY_33,Set_11_elong_glossy_3.glb,3,1762826723948-676993_before.png,1762826723948-676993_after.png,14.12961532502004,4.923849754810817,5,0,,,1762826723948,1762826724000,52,1762826723987
VCURIOSITY_33,Set_11_elong_glossy_3.glb,3,1762826724173-158601_before.png,1762826724173-158601_after.png,19.12961532502004,4.92384975481076,5,0,,,1762826724173,1762826724224,51,1762826724209
VCURIOSITY_33,Set_11_elong_glossy_3.glb,2,1762826725133-924921_before.png,1762826725133-924921_after.png,14.12961532502004,4.92384975481076,-5,0,,,1762826725133,1762826725184,51,1762826725176
VCURIOSITY_33,Set_11_elong_glossy_3.glb,2,1762826725372-826923_before.png,1762826725372-826923_after.png,9.12961532502004,4.923849754810817,-5,0,,,1762826725372,1762826725427,55,1762826725428
VCURIOSITY_33,Set_11_elong_glossy_3.glb,2,1762826726460-421262_before.png,1762826726460-421262_after.png,4.1296153250200405,4.923849754810817,-5,0,,,1762826726460,1762826726511,51,1762826726513
VCURIOSITY_33,Set_11_elong_glossy_3.glb,2,1762826726733-457879_before.png,1762826726733-457879_after.png,359.12961532502004,4.923849754810817,-5,0,,,1762826726733,1762826726784,51,1762826726787
VCURIOSITY_33,Set_11_elong_glossy_3.glb,2,1762826726940-306782_before.png,1762826726940-306782_after.png,354.12961532502004,4.923849754810817,-5,0,,,1762826726940,1762826726994,54,1762826726996
VCURIOSITY_33,Set_11_elong_glossy_3.glb,3,1762826727453-218776_before.png,1762826727453-218776_after.png,359.12961532502004,4.923849754810817,5,0,,,1762826727453,1762826727509,56,1762826727512
VCURIOSITY_33,Set_11_elong_glossy_3.glb,3,1762826727646-621542_before.png,1762826727646-621542_after.png,4.1296153250200405,4.923849754810817,5,0,,,1762826727646,1762826727698,52,1762826727700
VCURIOSITY_33,Set_11_elong_glossy_3.glb,3,1762826727806-100751_before.png,1762826727806-100751_after.png,9.12961532502004,4.92384975481076,5,0,,,1762826727806,1762826727858,52,1762826727858
VCURIOSITY_33,Set_11_elong_glossy_3.glb,3,1762826727981-551036_before.png,1762826727981-551036_after.png,14.12961532502004,4.92384975481076,5,0,,,1762826727981,1762826728032,51,1762826728035
VCURIOSITY_33,Set_11_elong_glossy_3.glb,3,1762826728173-503759_before.png,1762826728173-503759_after.png,19.12961532502004,4.92384975481076,5,0,,,1762826728173,1762826728224,51,1762826728222
VCURIOSITY_33,Set_11_elong_glossy_3.glb,3,1762826728349-402003_before.png,1762826728349-402003_after.png,24.12961532502004,4.92384975481076,5,0,,,1762826728349,1762826728402,53,1762826728404
VCURIOSITY_33,Set_11_elong_glossy_3.glb,3,1762826728508-264321_before.png,1762826728508-264321_after.png,29.129615325020097,4.92384975481076,5,0,,,1762826728508,1762826728559,51,1762826728561
VCURIOSITY_33,Set_11_elong_glossy_3.glb,3,1762826728685-546038_before.png,1762826728685-546038_after.png,34.1296153250201,4.92384975481076,5,0,,,1762826728685,1762826728738,53,1762826728742
VCURIOSITY_33,Set_11_elong_glossy_3.glb,3,1762826728861-482100_before.png,1762826728861-482100_after.png,39.1296153250201,4.92384975481076,5,0,,,1762826728861,1762826728911,50,1762826728915
VCURIOSITY_33,Set_11_elong_glossy_3.glb,3,1762826729053-830200_before.png,1762826729053-830200_after.png,44.1296153250201,4.923849754810703,5,0,,,1762826729053,1762826729106,53,1762826729111
VCURIOSITY_33,Set_11_elong_glossy_3.glb,3,1762826729229-339932_before.png,1762826729229-339932_after.png,49.1296153250201,4.923849754810703,5,0,,,1762826729228,1762826729279,51,1762826729277
VCURIOSITY_33,Set_11_elong_glossy_3.glb,3,1762826729420-537424_before.png,1762826729420-537424_after.png,54.129615325020154,4.923849754810703,5,0,,,1762826729420,1762826729472,52,1762826729472
VCURIOSITY_33,Set_11_elong_glossy_3.glb,3,1762826729596-35296_before.png,1762826729596-35296_after.png,59.12961532502021,4.923849754810703,5,0,,,1762826729596,1762826729648,52,1762826729644
VCURIOSITY_33,Set_11_elong_glossy_3.glb,3,1762826729790-231103_before.png,1762826729790-231103_after.png,64.12961532502021,4.923849754810703,5,0,,,1762826729790,1762826729841,51,1762826729842
VCURIOSITY_33,Set_11_elong_glossy_3.glb,3,1762826729980-185196_before.png,1762826729980-185196_after.png,69.12961532502027,4.923849754810647,5,0,,,1762826729980,1762826730032,52,1762826730034
VCURIOSITY_33,Set_11_elong_glossy_3.glb,3,1762826730189-466085_before.png,1762826730189-466085_after.png,74.12961532502032,4.923849754810647,5,0,,,1762826730189,1762826730240,51,1762826730241
VCURIOSITY_33,Set_11_elong_glossy_3.glb,3,1762826730380-185666_before.png,1762826730380-185666_after.png,79.12961532502032,4.923849754810647,5,0,,,1762826730380,1762826730437,57,1762826730439
VCURIOSITY_33,Set_11_elong_glossy_3.glb,3,1762826730556-585970_before.png,1762826730556-585970_after.png,84.12961532502038,4.923849754810647,5,0,,,1762826730556,1762826730607,51,1762826730608
VCURIOSITY_33,Set_11_elong_glossy_3.glb,3,1762826730780-476271_before.png,1762826730780-476271_after.png,89.12961532502038,4.923849754810647,5,0,,,1762826730780,1762826730834,54,1762826730836
VCURIOSITY_33,Set_11_elong_glossy_3.glb,3,1762826730991-23656_before.png,1762826730991-23656_after.png,94.1296153250205,4.92384975481059,5.000000000000114,0,,,1762826730991,1762826731042,51,1762826731044
VCURIOSITY_33,Set_11_elong_glossy_3.glb,3,1762826731181-439258_before.png,1762826731181-439258_after.png,99.12961532502055,4.92384975481059,5,0,,,1762826731181,1762826731233,52,1762826731235
VCURIOSITY_33,Set_11_elong_glossy_3.glb,3,1762826731406-3225_before.png,1762826731406-3225_after.png,104.12961532502004,4.923849754810703,4.999999999999545,1.1368683772161603e-13,,,1762826731406,1762826731458,52,1762826731457
VCURIOSITY_33,Set_11_elong_glossy_3.glb,3,1762826731676-358006_before.png,1762826731676-358006_after.png,109.12961532502004,4.923849754810703,5,0,,,1762826731676,1762826731728,52,1762826731729
VCURIOSITY_33,Set_11_elong_glossy_3.glb,1,1762826735164-795706_before.png,1762826735164-795706_after.png,109.4678592075183,3.2704398515642765,0.33824388249831827,-1.6534099032464837,,,1762826735164,1762826735220,56,1762826735220
VCURIOSITY_33,Set_11_elong_glossy_3.glb,2,1762826736380-993640_before.png,1762826736380-993640_after.png,104.4678592075183,3.2704398515642765,-5,0,,,1762826736380,1762826736431,51,1762826736430
VCURIOSITY_33,Set_11_elong_glossy_3.glb,2,1762826736653-270148_before.png,1762826736653-270148_after.png,99.4678592075183,3.2704398515642765,-5,0,,,1762826736653,1762826736706,53,1762826736706
VCURIOSITY_33,Set_11_elong_glossy_3.glb,2,1762826737100-281101_before.png,1762826737100-281101_after.png,94.46785920751881,3.270439851564106,-4.999999999999545,-2.2737367544323206e-13,,,1762826737100,1762826737151,51,1762826737151
VCURIOSITY_33,Set_11_elong_glossy_3.glb,2,1762826737277-499151_before.png,1762826737277-499151_after.png,89.46785920751881,3.270439851564106,-5,0,,,1762826737277,1762826737330,53,1762826737331
VCURIOSITY_33,Set_11_elong_glossy_3.glb,2,1762826737453-456557_before.png,1762826737453-456557_after.png,84.4678592075187,3.270439851564163,-5.000000000000114,0,,,1762826737453,1762826737506,53,1762826737506
VCURIOSITY_33,Set_11_elong_glossy_3.glb,2,1762826737612-418496_before.png,1762826737612-418496_after.png,79.4678592075187,3.270439851564163,-5,0,,,1762826737612,1762826737662,50,1762826737657
VCURIOSITY_33,Set_11_elong_glossy_3.glb,2,1762826737772-194585_before.png,1762826737772-194585_after.png,74.4678592075187,3.270439851564163,-5,0,,,1762826737772,1762826737824,52,1762826737823
VCURIOSITY_33,Set_11_elong_glossy_3.glb,2,1762826737964-26268_before.png,1762826737964-26268_after.png,69.46785920751864,3.2704398515642197,-5,0,,,1762826737964,1762826738015,51,1762826738008
VCURIOSITY_33,Set_11_elong_glossy_3.glb,2,1762826738156-736251_before.png,1762826738156-736251_after.png,64.46785920751859,3.2704398515642197,-5,0,,,1762826738156,1762826738207,51,1762826738207
VCURIOSITY_33,Set_11_elong_glossy_3.glb,2,1762826738332-124746_before.png,1762826738332-124746_after.png,59.46785920751853,3.2704398515642197,-5,0,,,1762826738332,1762826738384,52,1762826738378
VCURIOSITY_33,Set_11_elong_glossy_3.glb,2,1762826738508-990843_before.png,1762826738508-990843_after.png,54.46785920751853,3.2704398515642197,-5,0,,,1762826738508,1762826738559,51,1762826738555
VCURIOSITY_33,Set_11_elong_glossy_3.glb,2,1762826738684-463527_before.png,1762826738684-463527_after.png,49.46785920751847,3.2704398515642197,-5,0,,,1762826738684,1762826738735,51,1762826738734
VCURIOSITY_33,Set_11_elong_glossy_3.glb,2,1762826738861-477204_before.png,1762826738861-477204_after.png,44.46785920751847,3.2704398515642197,-5,0,,,1762826738861,1762826738915,54,1762826738912
VCURIOSITY_33,Set_11_elong_glossy_3.glb,2,1762826739053-322783_before.png,1762826739053-322783_after.png,39.46785920751847,3.2704398515642765,-5,0,,,1762826739053,1762826739105,52,1762826739101
VCURIOSITY_33,Set_11_elong_glossy_3.glb,2,1762826739229-507646_before.png,1762826739229-507646_after.png,34.467859207518416,3.2704398515642765,-5,0,,,1762826739229,1762826739281,52,1762826739277
VCURIOSITY_33,Set_11_elong_glossy_3.glb,2,1762826739389-244189_before.png,1762826739389-244189_after.png,29.467859207518416,3.2704398515642765,-5,0,,,1762826739389,1762826739442,53,1762826739444
VCURIOSITY_33,Set_11_elong_glossy_3.glb,2,1762826739580-455830_before.png,1762826739580-455830_after.png,24.46785920751836,3.2704398515643334,-5,0,,,1762826739580,1762826739631,51,1762826739631
VCURIOSITY_33,Set_11_elong_glossy_3.glb,2,1762826739838-469004_before.png,1762826739838-469004_after.png,19.46785920751836,3.2704398515643334,-5,0,,,1762826739838,1762826739889,51,1762826739889
VCURIOSITY_33,Set_11_elong_glossy_3.glb,3,1762826741887-316513_before.png,1762826741887-316513_after.png,24.46785920751836,3.2704398515643334,5,0,,,1762826741887,1762826741938,51,1762826741938
VCURIOSITY_33,Set_11_elong_glossy_3.glb,2,1762826742492-21420_before.png,1762826742492-21420_after.png,19.46785920751836,3.2704398515643334,-5,0,,,1762826742492,1762826742543,51,1762826742541
VCURIOSITY_33,Set_11_elong_glossy_3.glb,3,1762826743404-651926_before.png,1762826743404-651926_after.png,24.46785920751836,3.2704398515643334,5,0,,,1762826743404,1762826743455,51,1762826743453
VCURIOSITY_33,Set_11_elong_glossy_3.glb,0,1762826750221-219320_before.png,1762826750221-219320_after.png,24.431916313264082,358.71832676367916,-0.035942894254276325,-4.552113087885118,,,1762826750221,1762826750272,51,1762826750270
VCURIOSITY_33,Set_11_elong_glossy_3.glb,0,1762826750412-296353_before.png,1762826750412-296353_after.png,24.560865653804512,354.1678906018545,0.12894934054043006,-4.550436161824678,,,1762826750412,1762826750463,51,1762826750463
VCURIOSITY_33,Set_11_elong_glossy_3.glb,0,1762826750638-319233_before.png,1762826750638-319233_after.png,24.85865037729377,349.62518667768717,0.2977847234892579,-4.542703924167313,,,1762826750638,1762826750689,51,1762826750685
VCURIOSITY_33,Set_11_elong_glossy_3.glb,0,1762826750813-849690_before.png,1762826750813-849690_after.png,25.33451126364463,345.09666025540884,0.4758608863508016,-4.528526422278333,,,1762826750813,1762826750867,54,1762826750862
VCURIOSITY_33,Set_11_elong_glossy_3.glb,0,1762826750988-220748_before.png,1762826750988-220748_after.png,26.00360204858407,340.58949149073675,0.6690907849394989,-4.5071687646720875,,,1762826750988,1762826751043,55,1762826751040
VCURIOSITY_33,Set_11_elong_glossy_3.glb,0,1762826751165-806506_before.png,1762826751165-806506_after.png,26.888021993358223,336.1120150857325,0.8844199447742085,-4.477476405004268,,,1762826751165,1762826751219,54,1762826751216
VCURIOSITY_33,Set_11_elong_glossy_3.glb,0,1762826751341-797036_before.png,1762826751341-797036_after.png,28.01836631364438,331.67426228043183,1.1303443202862127,-4.437752805300647,,,1762826751341,1762826751395,54,1762826751391
VCURIOSITY_33,Set_11_elong_glossy_3.glb,0,1762826751501-710128_before.png,1762826751501-710128_after.png,29.435939285074937,327.28869188829424,1.417572971430559,-4.385570392137652,,,1762826751501,1762826751552,51,1762826751548
VCURIOSITY_33,Set_11_elong_glossy_3.glb,0,1762826751660-973699_before.png,1762826751660-973699_after.png,31.19581607954899,322.97120683811414,1.759876794474053,-4.317485050180039,,,1762826751660,1762826751712,52,1762826751708
VCURIOSITY_33,Set_11_elong_glossy_3.glb,0,1762826751822-335984_before.png,1762826751822-335984_after.png,33.37095038365561,318.7425966961061,2.1751343041066775,-4.228610142008051,,,1762826751822,1762826751877,55,1762826751870
VCURIOSITY_33,Set_11_elong_glossy_3.glb,0,1762826752141-705464_before.png,1762826752141-705464_after.png,36.057427495719935,314.6306066280853,2.686477112064267,-4.111990068020759,,,1762826752141,1762826752191,50,1762826752187
VCURIOSITY_33,Set_11_elong_glossy_3.glb,0,1762826752364-908697_before.png,1762826752364-908697_after.png,39.38055652189445,310.67290045693204,3.323129026174456,-3.957706171153177,,,1762826752364,1762826752419,55,1762826752414
VCURIOSITY_33,Set_11_elong_glossy_3.glb,0,1762826752620-940586_before.png,1762826752620-940586_after.png,43.5003123829714,306.92121488090487,4.11975586107701,-3.751685576027171,,,1762826752620,1762826752672,52,1762826752664
VCURIOSITY_33,Set_11_elong_glossy_3.glb,1,1762826754668-60920_before.png,1762826754668-60920_after.png,39.38055652189445,310.67290045693204,-4.11975586107701,3.751685576027171,,,1762826754668,1762826754723,55,1762826754717
VCURIOSITY_33,Set_11_elong_glossy_3.glb,1,1762826755372-247217_before.png,1762826755372-247217_after.png,36.057427495719935,314.6306066280853,-3.323129026174456,3.957706171153177,,,1762826755372,1762826755423,51,1762826755416
VCURIOSITY_33,Set_11_elong_glossy_3.glb,0,1762826756749-893775_before.png,1762826756749-893775_after.png,39.380556521894505,310.67290045693204,3.32312902617457,-3.957706171153177,,,1762826756749,1762826756802,53,1762826756797
VCURIOSITY_33,Set_11_elong_glossy_3.glb,0,1762826757357-917878_before.png,1762826757357-917878_after.png,43.50031238297146,306.92121488090487,4.11975586107701,-3.751685576027171,,,1762826757357,1762826757410,53,1762826757409
VCURIOSITY_33,Set_11_elong_glossy_3.glb,0,1762826759773-860938_before.png,1762826759773-860938_after.png,48.611728968070565,303.44684582670567,5.11141658509905,-3.474369054199201,,,1762826759773,1762826759827,54,1762826759822
VCURIOSITY_33,Set_11_elong_glossy_3.glb,-1,,,,,,,269.12961532502,4.923849754810817,,,,1762829187599
VCURIOSITY_33,Set_11_elong_glossy_3.glb,-1,,,,,,,269.12961532502,4.923849754810817,,,,1762829239236
VCURIOSITY_33,Set_11_elong_glossy_3.glb,-1,,,,,,,269.12961532502,4.923849754810817,,,,1762829287626
VCURIOSITY_33,Set_11_elong_glossy_3.glb,1,1762829289912-773326_before.png,1762829289912-773326_after.png,268.7028313763686,4.829217342540062,-0.4267839486514049,-0.09463241227081198,,,1762829289912,1762829289962,50,1762829289964
VCURIOSITY_33,Set_11_elong_glossy_3.glb,1,1762829290137-85206_before.png,1762829290137-85206_after.png,268.286056385971,4.697763659989903,-0.4167749903975846,-0.1314536825501591,,,1762829290137,1762829290189,52,1762829290187
VCURIOSITY_33,Set_11_elong_glossy_3.glb,1,1762829290343-916996_before.png,1762829290343-916996_after.png,267.8824928601617,4.530509156437176,-0.403563525809318,-0.16725450355272642,,,1762829290343,1762829290399,56,1762829290400
VCURIOSITY_33,Set_11_elong_glossy_3.glb,1,1762829290504-362477_before.png,1762829290504-362477_after.png,267.49523127846334,4.328750013155229,-0.3872615816983398,-0.20175914328194722,,,1762829290504,1762829290557,53,1762829290558
VCURIOSITY_33,Set_11_elong_glossy_3.glb,3,1762829291096-959172_before.png,1762829291096-959172_after.png,272.4952312784634,4.328750013155229,5,0,,,1762829291096,1762829291146,50,1762829291149
VCURIOSITY_33,Set_11_elong_glossy_3.glb,3,1762829291304-888185_before.png,1762829291304-888185_after.png,277.49523127846334,4.328750013155229,5,0,,,1762829291304,1762829291357,53,1762829291359
VCURIOSITY_33,Set_11_elong_glossy_3.glb,3,1762829291527-825039_before.png,1762829291527-825039_after.png,282.49523127846334,4.328750013155229,5,0,,,1762829291527,1762829291580,53,1762829291581
VCURIOSITY_33,Set_11_elong_glossy_3.glb,3,1762829291752-747338_before.png,1762829291752-747338_after.png,287.4952312784634,4.328750013155229,5,0,,,1762829291752,1762829291805,53,1762829291806
VCURIOSITY_33,Set_11_elong_glossy_3.glb,3,1762829291944-717097_before.png,1762829291944-717097_after.png,292.4952312784634,4.328750013155172,5,0,,,1762829291944,1762829291994,50,1762829291995
VCURIOSITY_33,Set_11_elong_glossy_3.glb,3,1762829292135-950974_before.png,1762829292135-950974_after.png,297.4952312784634,4.328750013155172,5,0,,,1762829292135,1762829292189,54,1762829292190
VCURIOSITY_33,Set_11_elong_glossy_3.glb,3,1762829292328-161114_before.png,1762829292328-161114_after.png,302.4952312784634,4.328750013155172,5,0,,,1762829292328,1762829292383,55,1762829292383
VCURIOSITY_33,Set_11_elong_glossy_3.glb,3,1762829292520-109696_before.png,1762829292520-109696_after.png,307.4952312784634,4.328750013155229,5,0,,,1762829292520,1762829292576,56,1762829292576
VCURIOSITY_33,Set_11_elong_glossy_3.glb,3,1762829293176-867923_before.png,1762829293176-867923_after.png,312.4952312784634,4.328750013155229,5,0,,,1762829293176,1762829293228,52,1762829293229
VCURIOSITY_33,Set_11_elong_glossy_3.glb,3,1762829293356-729043_before.png,1762829293356-729043_after.png,317.4952312784634,4.328750013155229,5,0,,,1762829293356,1762829293411,55,1762829293412
VCURIOSITY_33,Set_11_elong_glossy_3.glb,3,1762829293512-119554_before.png,1762829293512-119554_after.png,322.4952312784634,4.328750013155229,5,0,,,1762829293512,1762829293568,56,1762829293569
VCURIOSITY_33,Set_11_elong_glossy_3.glb,3,1762829293688-64130_before.png,1762829293688-64130_after.png,327.4952312784634,4.328750013155229,5,0,,,1762829293688,1762829293740,52,1762829293741
VCURIOSITY_33,Set_11_elong_glossy_3.glb,-1,,,,,,,269.12961532502,4.923849754810817,,,,1762829347623
VCURIOSITY_33,Set_11_elong_glossy_3.glb,1,1762829348948-268405_before.png,1762829348948-268405_after.png,268.7028313763686,4.829217342540062,-0.4267839486514049,-0.09463241227081198,,,1762829348948,1762829349000,52,1762829348999
VCURIOSITY_33,Set_11_elong_glossy_3.glb,1,1762829349188-930763_before.png,1762829349188-930763_after.png,268.286056385971,4.697763659989903,-0.4167749903975846,-0.1314536825501591,,,1762829349188,1762829349240,52,1762829349242
VCURIOSITY_33,Set_11_elong_glossy_3.glb,1,1762829349348-228045_before.png,1762829349348-228045_after.png,267.8824928601617,4.530509156437176,-0.403563525809318,-0.16725450355272642,,,1762829349348,1762829349401,53,1762829349402
VCURIOSITY_33,Set_11_elong_glossy_3.glb,1,1762829349850-202468_before.png,1762829349850-202468_after.png,267.49523127846334,4.328750013155229,-0.3872615816983398,-0.20175914328194722,,,1762829349850,1762829349900,50,1762829349902
VCURIOSITY_33,Set_11_elong_glossy_3.glb,1,1762829349916-682220_before.png,1762829349916-682220_after.png,267.1272252835512,4.094046680932536,-0.36800599491220964,-0.23470333222269346,,,1762829349916,1762829349968,52,1762829349969
VCURIOSITY_33,Set_11_elong_glossy_3.glb,1,1762829349984-26472_before.png,1762829349984-26472_after.png,266.7812687948076,3.8282102958392557,-0.34595648874358176,-0.2658363850932801,,,1762829349984,1762829350035,51,1762829350036
VCURIOSITY_33,Set_11_elong_glossy_3.glb,1,1762829350050-116764_before.png,1762829350050-116764_after.png,266.4599752426436,3.533287194630816,-0.32129355216397926,-0.2949231012084965,,,1762829350050,1762829350101,51,1762829350102
VCURIOSITY_33,Set_11_elong_glossy_3.glb,1,1762829350117-884215_before.png,1762829350117-884215_after.png,266.16575904159987,3.2115417642272064,-0.29421620104380963,-0.32174543040355275,,,1762829350117,1762829350174,57,1762829350175
VCURIOSITY_33,Set_11_elong_glossy_3.glb,1,1762829350219-138664_before.png,1762829350219-138664_after.png,265.90081934406993,2.8654378628952486,-0.2649396975299396,-0.3461039013319578,,,1762829350219,1762829350276,57,1762829350277
VCURIOSITY_33,Set_11_elong_glossy_3.glb,1,1762829350320-214429_before.png,1762829350320-214429_after.png,265.66712604792843,2.4976190449199294,-0.23369329614149592,-0.3678188179753761,,,1762829350320,1762829350375,55,1762829350376
VCURIOSITY_33,Set_11_elong_glossy_3.glb,3,1762829350675-319111_before.png,1762829350675-319111_after.png,270.66712604792843,2.4976190449198725,5,0,,,1762829350675,1762829350731,56,1762829350732
VCURIOSITY_33,Set_11_elong_glossy_3.glb,3,1762829350883-622179_before.png,1762829350883-622179_after.png,275.6671260479284,2.4976190449199294,5,0,,,1762829350883,1762829350936,53,1762829350938
VCURIOSITY_33,Set_11_elong_glossy_3.glb,3,1762829351060-551740_before.png,1762829351060-551740_after.png,280.6671260479284,2.4976190449199294,5,0,,,1762829351060,1762829351116,56,1762829351114
VCURIOSITY_33,Set_11_elong_glossy_3.glb,3,1762829351560-169333_before.png,1762829351560-169333_after.png,285.6671260479284,2.4976190449199294,5,0,,,1762829351560,1762829351610,50,1762829351611
VCURIOSITY_33,Set_11_elong_glossy_3.glb,3,1762829351627-144633_before.png,1762829351627-144633_after.png,290.6671260479284,2.4976190449199294,5,0,,,1762829351627,1762829351680,53,1762829351681
VCURIOSITY_33,Set_11_elong_glossy_3.glb,3,1762829351704-856877_before.png,1762829351704-856877_after.png,295.6671260479284,2.4976190449199294,5,0,,,1762829351704,1762829351761,57,1762829351762
VCURIOSITY_33,Set_11_elong_glossy_3.glb,3,1762829351795-422199_before.png,1762829351795-422199_after.png,300.6671260479284,2.4976190449199294,5,0,,,1762829351795,1762829351848,53,1762829351849
VCURIOSITY_33,Set_11_elong_glossy_3.glb,3,1762829351856-408297_before.png,1762829351856-408297_after.png,305.6671260479284,2.4976190449199294,5,0,,,1762829351856,1762829351907,51,1762829351907
VCURIOSITY_33,Set_11_elong_glossy_3.glb,3,1762829351923-380375_before.png,1762829351923-380375_after.png,310.6671260479284,2.4976190449199294,5,0,,,1762829351923,1762829351980,57,1762829351981
VCURIOSITY_33,Set_11_elong_glossy_3.glb,3,1762829351988-309815_before.png,1762829351988-309815_after.png,315.6671260479284,2.4976190449199294,5,0,,,1762829351988,1762829352040,52,1762829352041
VCURIOSITY_33,Set_11_elong_glossy_3.glb,3,1762829352055-653766_before.png,1762829352055-653766_after.png,320.6671260479284,2.4976190449199294,5,0,,,1762829352055,1762829352107,52,1762829352107
VCURIOSITY_33,Set_11_elong_glossy_3.glb,3,1762829352123-493099_before.png,1762829352123-493099_after.png,325.6671260479284,2.4976190449199294,5,0,,,1762829352123,1762829352174,51,1762829352175
VCURIOSITY_33,Set_11_elong_glossy_3.glb,3,1762829352194-429030_before.png,1762829352194-429030_after.png,330.6671260479284,2.4976190449199294,5,0,,,1762829352194,1762829352250,56,1762829352246
VCURIOSITY_33,Set_11_elong_glossy_3.glb,3,1762829352256-747810_before.png,1762829352256-747810_after.png,335.6671260479284,2.4976190449199294,5,0,,,1762829352256,1762829352310,54,1762829352310
VCURIOSITY_33,Set_11_elong_glossy_3.glb,3,1762829352319-981300_before.png,1762829352319-981300_after.png,340.66712604792843,2.4976190449199294,5,0,,,1762829352319,1762829352369,50,1762829352371
VCURIOSITY_33,Set_11_elong_glossy_3.glb,3,1762829352387-792036_before.png,1762829352387-792036_after.png,345.66712604792843,2.4976190449199294,5,0,,,1762829352387,1762829352439,52,1762829352435
VCURIOSITY_33,Set_11_elong_glossy_3.glb,3,1762829352449-739700_before.png,1762829352449-739700_after.png,350.66712604792843,2.4976190449199294,5,0,,,1762829352449,1762829352508,59,1762829352508
VCURIOSITY_33,Set_11_elong_glossy_3.glb,3,1762829352516-261169_before.png,1762829352516-261169_after.png,355.66712604792843,2.4976190449199294,5,0,,,1762829352516,1762829352569,53,1762829352570
VCURIOSITY_33,Set_11_elong_glossy_3.glb,3,1762829352592-482661_before.png,1762829352592-482661_after.png,0.6671260479284342,2.4976190449199294,5,0,,,1762829352592,1762829352643,51,1762829352642
VCURIOSITY_33,Set_11_elong_glossy_3.glb,0,1762829353061-141902_before.png,1762829353061-141902_after.png,0.6671282966036074,357.4979575426725,2.2486751731776167e-06,-4.999661502247363,,,1762829353061,1762829353114,53,1762829353114
VCURIOSITY_33,Set_11_elong_glossy_3.glb,0,1762829353219-217788_before.png,1762829353219-217788_after.png,0.6722462986089113,352.4982986383959,0.005118002005247035,-4.999658904276657,,,1762829353219,1762829353270,51,1762829353271
VCURIOSITY_33,Set_11_elong_glossy_3.glb,0,1762829353380-67990_before.png,1762829353380-67990_after.png,0.6826787097014062,347.4986476847921,0.010432411092551774,-4.999650953603805,,,1762829353380,1762829353436,56,1762829353437
VCURIOSITY_33,Set_11_elong_glossy_3.glb,1,1762829353651-446645_before.png,1762829353651-446645_after.png,0.6722462986089113,352.4982986383959,-0.010432411092551774,4.999650953603805,,,1762829353651,1762829353708,57,1762829353708
VCURIOSITY_33,Set_11_elong_glossy_3.glb,1,1762829353844-898954_before.png,1762829353844-898954_after.png,0.6671282966036074,357.4979575426725,-0.005118002005247035,4.999658904276657,,,1762829353844,1762829353898,54,1762829353891
VCURIOSITY_33,Set_11_elong_glossy_3.glb,1,1762829353988-957975_before.png,1762829353988-957975_after.png,0.6671260479284342,2.4976190449199294,-2.2486751731776167e-06,4.99966150224742,,,1762829353988,1762829354039,51,1762829354035
VCURIOSITY_33,Set_11_elong_glossy_3.glb,-1,,,,,,,269.12961532502,4.923849754810817,,,,1762829538791
VCURIOSITY_33,Set_11_elong_glossy_3.glb,-1,,,,,,,269.12961532502,4.923849754810817,,,,1762829581377
VCURIOSITY_33,Set_11_elong_glossy_3.glb,1,1762829588004-750502_before.png,1762829588004-750502_after.png,268.7028313763686,4.829217342540062,-0.4267839486514049,-0.09463241227081198,,,1762829588004,1762829588058,54,1762829588055
VCURIOSITY_33,Set_11_elong_glossy_3.glb,1,1762829588180-269587_before.png,1762829588180-269587_after.png,268.286056385971,4.697763659989903,-0.4167749903975846,-0.1314536825501591,,,1762829588180,1762829588234,54,1762829588234
VCURIOSITY_33,Set_11_elong_glossy_3.glb,1,1762829588596-594098_before.png,1762829588596-594098_after.png,267.8824928601617,4.530509156437176,-0.403563525809318,-0.16725450355272642,,,1762829588596,1762829588647,51,1762829588645
VCURIOSITY_33,Set_11_elong_glossy_3.glb,1,1762829588789-331805_before.png,1762829588789-331805_after.png,267.49523127846334,4.328750013155229,-0.3872615816983398,-0.20175914328194722,,,1762829588789,1762829588842,53,1762829588836
VCURIOSITY_33,Set_11_elong_glossy_3.glb,1,1762829588948-208791_before.png,1762829588948-208791_after.png,267.1272252835512,4.094046680932536,-0.36800599491220964,-0.23470333222269346,,,1762829588948,1762829588999,51,1762829588998
VCURIOSITY_33,Set_11_elong_glossy_3.glb,1,1762829589125-680356_before.png,1762829589125-680356_after.png,266.7812687948076,3.8282102958392557,-0.34595648874358176,-0.2658363850932801,,,1762829589125,1762829589176,51,1762829589175
VCURIOSITY_33,Set_11_elong_glossy_3.glb,3,1762829589349-385907_before.png,1762829589349-385907_after.png,271.78126879480766,3.8282102958392557,5,0,,,1762829589349,1762829589401,52,1762829589399
VCURIOSITY_33,Set_11_elong_glossy_3.glb,3,1762829589604-789607_before.png,1762829589604-789607_after.png,276.7812687948076,3.8282102958392557,5,0,,,1762829589604,1762829589656,52,1762829589655
VCURIOSITY_33,Set_11_elong_glossy_3.glb,3,1762829590113-417921_before.png,1762829590113-417921_after.png,281.7812687948076,3.8282102958392557,5,0,,,1762829590113,1762829590166,53,1762829590165
VCURIOSITY_33,Set_11_elong_glossy_3.glb,3,1762829590211-680552_before.png,1762829590211-680552_after.png,286.7812687948076,3.8282102958392557,5,0,,,1762829590211,1762829590262,51,1762829590260
VCURIOSITY_33,Set_11_elong_glossy_3.glb,3,1762829590308-172412_before.png,1762829590308-172412_after.png,291.7812687948076,3.8282102958392557,5,0,,,1762829590308,1762829590359,51,1762829590358
VCURIOSITY_33,Set_11_elong_glossy_3.glb,3,1762829590376-88317_before.png,1762829590376-88317_after.png,296.7812687948076,3.8282102958392557,5,0,,,1762829590376,1762829590429,53,1762829590432
VCURIOSITY_33,Set_11_elong_glossy_3.glb,3,1762829590476-662242_before.png,1762829590476-662242_after.png,301.7812687948076,3.8282102958392557,5,0,,,1762829590476,1762829590530,54,1762829590529
VCURIOSITY_33,Set_11_elong_glossy_3.glb,3,1762829590546-972601_before.png,1762829590546-972601_after.png,306.7812687948076,3.8282102958392557,5,0,,,1762829590546,1762829590596,50,1762829590596
VCURIOSITY_33,Set_11_elong_glossy_3.glb,3,1762829590605-136598_before.png,1762829590605-136598_after.png,311.7812687948076,3.8282102958392557,5,0,,,1762829590605,1762829590657,52,1762829590655
VCURIOSITY_33,Set_11_elong_glossy_3.glb,3,1762829590666-487412_before.png,1762829590666-487412_after.png,316.7812687948076,3.8282102958392557,5,0,,,1762829590666,1762829590717,51,1762829590717
VCURIOSITY_33,Set_11_elong_glossy_3.glb,3,1762829590732-785560_before.png,1762829590732-785560_after.png,321.78126879480766,3.8282102958392557,5,0,,,1762829590732,1762829590785,53,1762829590784
VCURIOSITY_33,Set_11_elong_glossy_3.glb,3,1762829590803-435055_before.png,1762829590803-435055_after.png,326.78126879480766,3.8282102958392557,5,0,,,1762829590803,1762829590857,54,1762829590855
VCURIOSITY_33,Set_11_elong_glossy_3.glb,3,1762829590903-27293_before.png,1762829590903-27293_after.png,331.78126879480766,3.8282102958392557,5,0,,,1762829590903,1762829590955,52,1762829590954
VCURIOSITY_33,Set_11_elong_glossy_3.glb,0,1762829591476-967906_before.png,1762829591476-967906_after.png,331.84828110488434,359.42045927323903,0.06701231007673414,-4.407751022600223,,,1762829591476,1762829591527,51,1762829591524
VCURIOSITY_33,Set_11_elong_glossy_3.glb,0,1762829591668-244604_before.png,1762829591668-244604_after.png,331.73332168059767,355.01369448140986,-0.11495942428666694,-4.406764791829119,,,1762829591668,1762829591724,56,1762829591723
VCURIOSITY_33,Set_11_elong_glossy_3.glb,0,1762829592272-698083_before.png,1762829592272-698083_after.png,331.4331576144804,350.6155004576656,-0.3001640661173042,-4.398194023744281,,,1762829592272,1762829592322,50,1762829592324
VCURIOSITY_33,Set_11_elong_glossy_3.glb,0,1762829592512-927505_before.png,1762829592512-927505_after.png,330.93925867925554,346.2338606013541,-0.49389893522493367,-4.381639856311494,,,1762829592512,1762829592568,56,1762829592570
VCURIOSITY_33,Set_11_elong_glossy_3.glb,0,1762829592736-21961_before.png,1762829592736-21961_after.png,330.2373141955805,341.87754525583443,-0.7019444836751063,-4.356315345519647,,,1762829592736,1762829592789,53,1762829592791
VCURIOSITY_33,Set_11_elong_glossy_3.glb,0,1762829592960-213285_before.png,1762829592960-213285_after.png,329.3064164947585,337.5565695228579,-0.9308977008220154,-4.320975732976535,,,1762829592960,1762829593012,52,1762829593014
VCURIOSITY_33,Set_11_elong_glossy_3.glb,0,1762829593200-676735_before.png,1762829593200-676735_after.png,328.1178611311985,333.28276415546526,-1.188555363559999,-4.273805367392697,,,1762829593200,1762829593250,50,1762829593252
VCURIOSITY_33,Set_11_elong_glossy_3.glb,0,1762829593407-373942_before.png,1762829593407-373942_after.png,326.63350459791684,329.07051605477926,-1.484356533281698,-4.212248100685997,,,1762829593407,1762829593461,54,1762829593461
VCURIOSITY_33,Set_11_elong_glossy_3.glb,0,1762829593616-561821_before.png,1762829593616-561821_after.png,324.8036333428556,324.93775338136516,-1.8298712550612208,-4.132762673414163,,,1762829593616,1762829593667,51,1762829593667
VCURIOSITY_33,Set_11_elong_glossy_3.glb,0,1762829593840-757612_before.png,1762829593840-757612_after.png,322.56436697125406,320.90727304789567,-2.239266371601616,-4.030480333469541,,,1762829593840,1762829593891,51,1762829593895
VCURIOSITY_33,Set_11_elong_glossy_3.glb,0,1762829594047-587644_before.png,1762829594047-587644_after.png,319.83481633138933,317.0085293913243,-2.729550639864783,-3.898743656571355,,,1762829594047,1762829594098,51,1762829594101
VCURIOSITY_33,Set_11_elong_glossy_3.glb,0,1762829594224-125619_before.png,1762829594224-125619_after.png,316.514689229438,313.28000285522035,-3.320127101951357,-3.7285265361040274,,,1762829594224,1762829594275,51,1762829594277
VCURIOSITY_33,Set_11_elong_glossy_3.glb,0,1762829594480-262867_before.png,1762829594480-262867_after.png,312.4840396419883,309.77219604401995,-4.030649587449716,-3.507806811200453,,,1762829594480,1762829594534,54,1762829594534
VCURIOSITY_33,Set_11_elong_glossy_3.glb,0,1762829594688-506129_before.png,1762829594688-506129_after.png,307.60872959236383,306.5510481586529,-4.8753100496244315,-3.2211478853670314,,,1762829594688,1762829594740,52,1762829594742
VCURIOSITY_33,Set_11_elong_glossy_3.glb,0,1762829594896-291926_before.png,1762829594896-291926_after.png,301.75797113464887,303.7009111429352,-5.85075845771496,-2.8501370157177917,,,1762829594896,1762829594952,56,1762829594954
VCURIOSITY_33,Set_11_elong_glossy_3.glb,0,1762829595104-554145_before.png,1762829595104-554145_after.png,294.8424811317258,301.32496185218486,-6.915490002923093,-2.3759492907503272,,,1762829595104,1762829595155,51,1762829595159
VCURIOSITY_33,Set_11_elong_glossy_3.glb,0,1762829595312-932393_before.png,1762829595312-932393_after.png,286.8775451581532,299.539233754433,-7.964935973572551,-1.7857280977518712,,,1762829595312,1762829595366,54,1762829595366
VCURIOSITY_33,Set_11_elong_glossy_3.glb,0,1762829595822-264076_before.png,1762829595822-264076_after.png,278.05480868660123,298.456055312543,-8.822736471551934,-1.0831784418899133,,,1762829595822,1762829595872,50,1762829595875
VCURIOSITY_33,Set_11_elong_glossy_3.glb,0,1762829595888-409497_before.png,1762829595888-409497_after.png,268.77180595604455,298.1571957224168,-9.283002730556746,-0.2988595901261988,,,1762829595888,1762829595940,52,1762829595942
VCURIOSITY_33,Set_11_elong_glossy_3.glb,0,1762829595986-935231_before.png,1762829595986-935231_after.png,259.5613394426127,298.66734565466896,-9.210466513431811,0.5101499322521477,,,1762829595986,1762829596037,51,1762829596037
VCURIOSITY_33,Set_11_elong_glossy_3.glb,0,1762829596046-176308_before.png,1762829596046-176308_after.png,250.93370402732305,299.9449397692926,-8.62763541528966,1.2775941146236391,,,1762829596046,1762829596098,52,1762829596098
VCURIOSITY_33,Set_11_elong_glossy_3.glb,0,1762829596125-954724_before.png,1762829596125-954724_after.png,243.23442274614126,301.89729369235704,-7.699281281181811,1.9523539230644928,,,1762829596125,1762829596176,51,1762829596180
VCURIOSITY_33,Set_11_elong_glossy_3.glb,0,1762829596211-215087_before.png,1762829596211-215087_after.png,236.60297869960846,304.4088298188826,-6.631444046532806,2.5115361265255842,,,1762829596210,1762829596262,52,1762829596265
VCURIOSITY_33,Set_11_elong_glossy_3.glb,0,1762829596277-114811_before.png,1762829596277-114811_after.png,231.01995072724688,307.36577884127735,-5.583027972361606,2.956949022394724,,,1762829596277,1762829596328,51,1762829596330
VCURIOSITY_33,Set_11_elong_glossy_3.glb,0,1762829596343-497580_before.png,1762829596343-497580_after.png,226.38000421649963,310.6696775198718,-4.639946510747222,3.3038986785944644,,,1762829596343,1762829596394,51,1762829596397
VCURIOSITY_33,Set_11_elong_glossy_3.glb,0,1762829596410-628432_before.png,1762829596410-628432_after.png,222.54876586994519,314.2412135206319,-3.8312383465544144,3.571536000760034,,,1762829596410,1762829596465,55,1762829596467
VCURIOSITY_33,Set_11_elong_glossy_3.glb,0,1762829596474-112776_before.png,1762829596474-112776_after.png,219.39476477755332,318.0188373466649,-3.154001092391809,3.77762382603305,,,1762829596474,1762829596526,52,1762829596529
VCURIOSITY_33,Set_11_elong_glossy_3.glb,0,1762829596540-514055_before.png,1762829596540-514055_after.png,216.80301384728554,321.95552903746875,-2.5917509302678354,3.9366916908038547,,,1762829596540,1762829596592,52,1762829596596
VCURIOSITY_33,Set_11_elong_glossy_3.glb,0,1762829596609-799550_before.png,1762829596609-799550_after.png,214.67847838735128,326.01544662530415,-2.1245354599342363,4.0599175878353435,,,1762829596609,1762829596660,51,1762829596662
VCURIOSITY_33,Set_11_elong_glossy_3.glb,0,1762829596675-321058_before.png,1762829596675-321058_after.png,212.94501079607525,330.17109014958356,-1.733467591276053,4.155643524279412,,,1762829596675,1762829596726,51,1762829596728
VCURIOSITY_33,Set_11_elong_glossy_3.glb,0,1762829596740-638204_before.png,1762829596740-638204_after.png,211.54272783350302,334.4010950324858,-1.402282962572258,4.230004882902222,,,1762829596740,1762829596791,51,1762829596791
VCURIOSITY_33,Set_11_elong_glossy_3.glb,0,1762829596806-830707_before.png,1762829596806-830707_after.png,210.42519216817664,338.68857686840227,-1.1175356653263862,4.287481835916424,,,1762829596806,1762829596857,51,1762829596855
VCURIOSITY_33,Set_11_elong_glossy_3.glb,0,1762829596872-603625_before.png,1762829596872-603625_after.png,209.5569280764707,343.01990474617963,-0.8682640917058961,4.331327877777312,,,1762829596872,1762829596924,52,1762829596927
VCURIOSITY_33,Set_11_elong_glossy_3.glb,0,1762829596939-507489_before.png,1762829596939-507489_after.png,208.9114210472717,347.38378894957503,-0.6455070291990523,4.363884203395401,,,1762829596939,1762829596990,51,1762829596992
VCURIOSITY_33,Set_11_elong_glossy_3.glb,0,1762829597005-978335_before.png,1762829597005-978335_after.png,208.4695974705998,351.7705914726519,-0.4418235766718226,4.386802523076881,,,1762829597005,1762829597055,50,1762829597058
VCURIOSITY_33,Set_11_elong_glossy_3.glb,0,1762829597071-680523_before.png,1762829597071-680523_after.png,208.21873120519228,356.1717897041608,-0.2508662654074669,4.401198231508943,,,1762829597071,1762829597121,50,1762829597124
VCURIOSITY_33,Set_11_elong_glossy_3.glb,0,1762829597138-894264_before.png,1762829597138-894264_after.png,208.1517188951156,0.5795407267609676,-0.06701231007673414,4.407751022600166,,,1762829597138,1762829597188,50,1762829597191
VCURIOSITY_33,Set_11_elong_glossy_3.glb,0,1762829597198-566650_before.png,1762829597198-566650_after.png,208.26667831940225,4.986305518590143,0.11495942428666694,4.406764791829119,,,1762829597198,1762829597250,52,1762829597252
VCURIOSITY_33,Set_11_elong_glossy_3.glb,0,1762829597265-28400_before.png,1762829597265-28400_after.png,208.56684238551944,9.384499542334424,0.3001640661171905,4.398194023744281,,,1762829597265,1762829597316,51,1762829597319
VCURIOSITY_33,Set_11_elong_glossy_3.glb,0,1762829597340-948885_before.png,1762829597340-948885_after.png,209.0607413207443,13.766139398645919,0.49389893522493367,4.381639856311494,,,1762829597340,1762829597393,53,1762829597397
VCURIOSITY_33,Set_11_elong_glossy_3.glb,0,1762829597439-819751_before.png,1762829597439-819751_after.png,209.76268580441933,18.122454744165566,0.7019444836749926,4.356315345519647,,,1762829597439,1762829597489,50,1762829597493
VCURIOSITY_33,Set_11_elong_glossy_3.glb,0,1762829597543-985393_before.png,1762829597543-985393_after.png,210.6935835052413,22.443430477142044,0.9308977008220154,4.320975732976422,,,1762829597543,1762829597595,52,1762829597597
VCURIOSITY_33,Set_11_elong_glossy_3.glb,0,1762829597626-528244_before.png,1762829597626-528244_after.png,211.88213886880126,26.717235844534684,1.188555363559999,4.273805367392697,,,1762829597626,1762829597679,53,1762829597683
VCURIOSITY_33,Set_11_elong_glossy_3.glb,0,1762829597693-890801_before.png,1762829597693-890801_after.png,213.3664954020829,30.929483945220625,1.484356533281698,4.212248100685883,,,1762829597693,1762829597745,52,1762829597748
VCURIOSITY_33,Set_11_elong_glossy_3.glb,0,1762829597764-555721_before.png,1762829597764-555721_after.png,215.19636665714404,35.06224661863479,1.8298712550611071,4.132762673414163,,,1762829597764,1762829597815,51,1762829597817
VCURIOSITY_33,Set_11_elong_glossy_3.glb,0,1762829597831-984634_before.png,1762829597831-984634_after.png,217.4356330287455,39.09272695210427,2.239266371601502,4.030480333469541,,,1762829597831,1762829597882,51,1762829597879
VCURIOSITY_33,Set_11_elong_glossy_3.glb,0,1762829597905-814272_before.png,1762829597905-814272_after.png,220.16518366861024,42.99147060867563,2.729550639864783,3.898743656571355,,,1762829597905,1762829597956,51,1762829597962
VCURIOSITY_33,Set_11_elong_glossy_3.glb,0,1762829597995-960144_before.png,1762829597995-960144_after.png,223.4853107705609,46.71999714477943,3.320127101950675,3.7285265361038,,,1762829597995,1762829598046,51,1762829598044
VCURIOSITY_33,Set_11_elong_glossy_3.glb,0,1762829598062-902467_before.png,1762829598062-902467_after.png,227.51596035801052,50.22780395597988,4.030649587449602,3.507806811200453,,,1762829598062,1762829598112,50,1762829598110
VCURIOSITY_33,Set_11_elong_glossy_3.glb,0,1762829598136-519044_before.png,1762829598136-519044_after.png,232.39127040763486,53.44895184134697,4.875310049624318,3.221147885367145,,,1762829598136,1762829598189,53,1762829598192
VCURIOSITY_33,Set_11_elong_glossy_3.glb,0,1762829598222-28893_before.png,1762829598222-28893_after.png,238.2420288653496,56.29908885706476,5.850758457714733,2.8501370157177917,,,1762829598222,1762829598273,51,1762829598276
VCURIOSITY_33,Set_11_elong_glossy_3.glb,0,1762829598288-415383_before.png,1762829598288-415383_after.png,245.15751886827255,58.675038147815144,6.915490002922979,2.375949290750441,,,1762829598288,1762829598339,51,1762829598342
VCURIOSITY_33,Set_11_elong_glossy_3.glb,0,1762829598354-668184_before.png,1762829598354-668184_after.png,253.12245484184498,60.46076624556707,7.964935973572437,1.7857280977518712,,,1762829598354,1762829598410,56,1762829598409
VCURIOSITY_33,Set_11_elong_glossy_3.glb,0,1762829598426-170092_before.png,1762829598426-170092_after.png,261.9451913133969,61.5439446874571,8.822736471551934,1.083178441890027,,,1762829598426,1762829598480,54,1762829598480
VCURIOSITY_33,Set_11_elong_glossy_3.glb,0,1762829598490-792444_before.png,1762829598490-792444_after.png,271.22819404395364,61.8428042775833,9.283002730556746,0.2988595901261988,,,1762829598490,1762829598540,50,1762829598542
VCURIOSITY_33,Set_11_elong_glossy_3.glb,0,1762829598555-221605_before.png,1762829598555-221605_after.png,280.43866055738545,61.33265434533115,9.210466513431811,-0.5101499322521477,,,1762829598555,1762829598608,53,1762829598608
VCURIOSITY_33,Set_11_elong_glossy_3.glb,0,1762829598618-464928_before.png,1762829598618-464928_after.png,289.0662959726759,60.055060230707795,8.627635415290456,-1.277594114623298,,,1762829598618,1762829598673,55,1762829598676
VCURIOSITY_33,Set_11_elong_glossy_3.glb,0,1762829598683-177524_before.png,1762829598683-177524_after.png,296.7655772538578,58.102706307643416,7.699281281181925,-1.9523539230643792,,,1762829598683,1762829598734,51,1762829598737
VCURIOSITY_33,Set_11_elong_glossy_3.glb,0,1762829598750-880779_before.png,1762829598750-880779_after.png,303.3970213003909,55.59117018111789,6.6314440465330335,-2.5115361265254705,,,1762829598750,1762829598800,50,1762829598802
VCURIOSITY_33,Set_11_elong_glossy_3.glb,0,1762829598829-321761_before.png,1762829598829-321761_after.png,308.9800492727526,52.634221158723165,5.583027972361606,-2.956949022394724,,,1762829598829,1762829598881,52,1762829598883
VCURIOSITY_33,Set_11_elong_glossy_3.glb,0,1762829598920-973501_before.png,1762829598920-973501_after.png,313.6199957835,49.33032248012864,4.63994651074745,-3.303898678594578,,,1762829598920,1762829598971,51,1762829598977
VCURIOSITY_33,Set_11_elong_glossy_3.glb,0,1762829599022-261710_before.png,1762829599022-261710_after.png,317.4512341300545,45.75878647936855,3.831238346554528,-3.571536000760034,,,1762829599022,1762829599076,54,1762829599075
VCURIOSITY_33,Set_11_elong_glossy_3.glb,0,1762829599085-974880_before.png,1762829599085-974880_after.png,320.6052352224464,41.981162653335616,3.1540010923919226,-3.7776238260329364,,,1762829599085,1762829599140,55,1762829599144
VCURIOSITY_33,Set_11_elong_glossy_3.glb,0,1762829599185-160543_before.png,1762829599185-160543_after.png,323.19698615271426,38.04447096253165,2.5917509302678354,-3.9366916908039684,,,1762829599185,1762829599236,51,1762829599239
VCURIOSITY_33,Set_11_elong_glossy_3.glb,0,1762829599251-845891_before.png,1762829599251-845891_after.png,325.32152161264855,33.98455337469619,2.12453545993435,-4.059917587835457,,,1762829599251,1762829599303,52,1762829599305
VCURIOSITY_33,Set_11_elong_glossy_3.glb,0,1762829599356-102868_before.png,1762829599356-102868_after.png,327.0549892039246,29.82890985041678,1.733467591276053,-4.155643524279412,,,1762829599356,1762829599407,51,1762829599409
VCURIOSITY_33,Set_11_elong_glossy_3.glb,0,1762829599427-15548_before.png,1762829599427-15548_after.png,328.4572721664968,25.598904967514557,1.4022829625721442,-4.230004882902222,,,1762829599427,1762829599482,55,1762829599483
VCURIOSITY_33,Set_11_elong_glossy_3.glb,0,1762829599513-787184_before.png,1762829599513-787184_after.png,329.5748078318232,21.311423131597962,1.1175356653263862,-4.287481835916651,,,1762829599513,1762829599565,52,1762829599566
VCURIOSITY_33,Set_11_elong_glossy_3.glb,0,1762829599587-34500_before.png,1762829599587-34500_after.png,330.4430719235291,16.980095253820593,0.8682640917058961,-4.331327877777312,,,1762829599587,1762829599637,50,1762829599641
VCURIOSITY_33,Set_11_elong_glossy_3.glb,0,1762829599685-15663_before.png,1762829599685-15663_after.png,331.08857895272814,12.616211050425136,0.6455070291990523,-4.363884203395401,,,1762829599685,1762829599738,53,1762829599738
VCURIOSITY_33,Set_11_elong_glossy_3.glb,0,1762829599777-594900_before.png,1762829599777-594900_after.png,331.53040252939996,8.229408527348255,0.4418235766718226,-4.386802523076881,,,1762829599777,1762829599829,52,1762829599832
VCURIOSITY_33,Set_11_elong_glossy_3.glb,0,1762829599838-495910_before.png,1762829599838-495910_after.png,331.7812687948075,3.8282102958393125,0.2508662654074669,-4.401198231508943,,,1762829599838,1762829599891,53,1762829599893
VCURIOSITY_33,Set_11_elong_glossy_3.glb,0,1762829599908-410984_before.png,1762829599908-410984_after.png,331.84828110488417,359.4204592732391,0.06701231007673414,-4.407751022600223,,,1762829599908,1762829599959,51,1762829599962
VCURIOSITY_33,Set_11_elong_glossy_3.glb,0,1762829599982-759497_before.png,1762829599982-759497_after.png,331.73332168059744,355.01369448140986,-0.11495942428678063,-4.406764791829232,,,1762829599982,1762829600039,57,1762829600041
VCURIOSITY_33,Set_11_elong_glossy_3.glb,0,1762829600047-146950_before.png,1762829600047-146950_after.png,331.4331576144802,350.6155004576656,-0.3001640661173042,-4.398194023744281,,,1762829600047,1762829600099,52,1762829600102
VCURIOSITY_33,Set_11_elong_glossy_3.glb,0,1762829600147-206987_before.png,1762829600147-206987_after.png,330.9392586792553,346.2338606013541,-0.49389893522493367,-4.381639856311494,,,1762829600147,1762829600200,53,1762829600202
VCURIOSITY_33,Set_11_elong_glossy_3.glb,0,1762829600236-929207_before.png,1762829600236-929207_after.png,330.2373141955802,341.8775452558344,-0.7019444836751063,-4.356315345519761,,,1762829600236,1762829600291,55,1762829600294
VCURIOSITY_33,Set_11_elong_glossy_3.glb,0,1762829600308-923987_before.png,1762829600308-923987_after.png,329.3064164947582,337.5565695228579,-0.9308977008220154,-4.320975732976422,,,1762829600308,1762829600362,54,1762829600359
VCURIOSITY_33,Set_11_elong_glossy_3.glb,0,1762829600401-98841_before.png,1762829600401-98841_after.png,328.11786113119814,333.2827641554652,-1.188555363559999,-4.273805367392697,,,1762829600401,1762829600452,51,1762829600454
VCURIOSITY_33,Set_11_elong_glossy_3.glb,0,1762829600467-9849_before.png,1762829600467-9849_after.png,326.63350459791644,329.07051605477926,-1.484356533281698,-4.212248100685883,,,1762829600467,1762829600519,52,1762829600518
VCURIOSITY_33,Set_11_elong_glossy_3.glb,0,1762829600537-410654_before.png,1762829600537-410654_after.png,324.80363334285516,324.9377533813651,-1.8298712550613345,-4.132762673414163,,,1762829600537,1762829600588,51,1762829600591
VCURIOSITY_33,Set_11_elong_glossy_3.glb,0,1762829600598-68672_before.png,1762829600598-68672_after.png,322.5643669712536,320.90727304789556,-2.239266371601616,-4.030480333469541,,,1762829600598,1762829600649,51,1762829600650
VCURIOSITY_33,Set_11_elong_glossy_3.glb,0,1762829600676-122867_before.png,1762829600676-122867_after.png,319.83481633138877,317.0085293913242,-2.729550639864783,-3.898743656571355,,,1762829600676,1762829600738,62,1762829600735
VCURIOSITY_33,Set_11_elong_glossy_3.glb,0,1762829600775-81609_before.png,1762829600775-81609_after.png,316.5146892294374,313.28000285522023,-3.320127101951357,-3.7285265361040274,,,1762829600775,1762829600830,55,1762829600833
VCURIOSITY_33,Set_11_elong_glossy_3.glb,0,1762829600862-219361_before.png,1762829600862-219361_after.png,312.4840396419876,309.77219604401984,-4.03064958744983,-3.507806811200453,,,1762829600862,1762829600914,52,1762829600917
VCURIOSITY_33,Set_11_elong_glossy_3.glb,0,1762829600931-31735_before.png,1762829600931-31735_after.png,307.6087295923629,306.55104815865275,-4.875310049624659,-3.221147885367145,,,1762829600931,1762829600983,52,1762829600986
VCURIOSITY_33,Set_11_elong_glossy_3.glb,0,1762829600993-596506_before.png,1762829600993-596506_after.png,301.75797113464785,303.700911142935,-5.850758457715074,-2.8501370157177917,,,1762829600993,1762829601045,52,1762829601044
VCURIOSITY_33,Set_11_elong_glossy_3.glb,0,1762829601062-99088_before.png,1762829601062-99088_after.png,294.84248113172464,301.3249618521847,-6.915490002923207,-2.3759492907503272,,,1762829601062,1762829601113,51,1762829601111
VCURIOSITY_33,Set_11_elong_glossy_3.glb,0,1762829601129-512325_before.png,1762829601129-512325_after.png,286.87754515815186,299.53923375443276,-7.9649359735727785,-1.7857280977518712,,,1762829601129,1762829601180,51,1762829601177
VCURIOSITY_33,Set_11_elong_glossy_3.glb,0,1762829601195-424093_before.png,1762829601195-424093_after.png,278.0548086865998,298.4560553125428,-8.822736471552048,-1.0831784418899133,,,1762829601195,1762829601246,51,1762829601245
VCURIOSITY_33,Set_11_elong_glossy_3.glb,0,1762829601270-296616_before.png,1762829601270-296616_after.png,268.77180595604295,298.1571957224166,-9.28300273055686,-0.2988595901261988,,,1762829601270,1762829601321,51,1762829601323
VCURIOSITY_33,Set_11_elong_glossy_3.glb,0,1762829601364-3173_before.png,1762829601364-3173_after.png,259.56133944261126,298.66734565466874,-9.210466513431697,0.5101499322521477,,,1762829601364,1762829601416,52,1762829601418
VCURIOSITY_33,Set_11_elong_glossy_3.glb,0,1762829601432-523565_before.png,1762829601432-523565_after.png,250.93370402732296,299.9449397692929,-8.627635415288296,1.2775941146242076,,,1762829601432,1762829601483,51,1762829601486
VCURIOSITY_33,Set_11_elong_glossy_3.glb,2,1762829601808-727169_before.png,1762829601808-727169_after.png,245.9337040273229,299.9449397692929,-5,0,,,1762829601808,1762829601863,55,1762829601862
VCURIOSITY_33,Set_11_elong_glossy_3.glb,2,1762829602315-873456_before.png,1762829602315-873456_after.png,240.9337040273229,299.94493976929294,-5,0,,,1762829602315,1762829602366,51,1762829602366
VCURIOSITY_33,Set_11_elong_glossy_3.glb,2,1762829602383-439512_before.png,1762829602383-439512_after.png,235.93370402732296,299.94493976929294,-5,0,,,1762829602383,1762829602434,51,1762829602429
VCURIOSITY_33,Set_11_elong_glossy_3.glb,2,1762829602447-312628_before.png,1762829602447-312628_after.png,230.93370402732202,299.94493976929255,-5.0000000000009095,-4.547473508864641e-13,,,1762829602447,1762829602497,50,1762829602499
VCURIOSITY_33,Set_11_elong_glossy_3.glb,2,1762829602507-326813_before.png,1762829602507-326813_after.png,225.9337040273222,299.94493976929266,-4.999999999999773,1.1368683772161603e-13,,,1762829602507,1762829602564,57,1762829602566
VCURIOSITY_33,Set_11_elong_glossy_3.glb,2,1762829602573-268978_before.png,1762829602573-268978_after.png,220.93370402732248,299.9449397692927,-4.999999999999773,0,,,1762829602573,1762829602624,51,1762829602622
VCURIOSITY_33,Set_11_elong_glossy_3.glb,2,1762829602641-45627_before.png,1762829602641-45627_after.png,215.9337040273226,299.9449397692928,-4.999999999999886,0,,,1762829602641,1762829602691,50,1762829602694
VCURIOSITY_33,Set_11_elong_glossy_3.glb,2,1762829602716-938812_before.png,1762829602716-938812_after.png,210.93370402732273,299.9449397692929,-4.999999999999886,1.1368683772161603e-13,,,1762829602716,1762829602768,52,1762829602769
VCURIOSITY_33,Set_11_elong_glossy_3.glb,2,1762829602776-832538_before.png,1762829602776-832538_after.png,205.9337040273229,299.94493976929294,-4.999999999999773,0,,,1762829602776,1762829602827,51,1762829602831
VCURIOSITY_33,Set_11_elong_glossy_3.glb,2,1762829602837-901283_before.png,1762829602837-901283_after.png,200.933704027323,299.944939769293,-4.999999999999886,0,,,1762829602837,1762829602890,53,1762829602890
VCURIOSITY_33,Set_11_elong_glossy_3.glb,2,1762829602914-806359_before.png,1762829602914-806359_after.png,195.93370402732313,299.94493976929306,-4.999999999999886,0,,,1762829602914,1762829602966,52,1762829602968
VCURIOSITY_33,Set_11_elong_glossy_3.glb,2,1762829602984-466596_before.png,1762829602984-466596_after.png,190.93370402732322,299.94493976929306,-4.999999999999886,0,,,1762829602984,1762829603034,50,1762829603035
VCURIOSITY_33,Set_11_elong_glossy_3.glb,2,1762829603068-577130_before.png,1762829603068-577130_after.png,185.9337040273233,299.944939769293,-4.999999999999886,0,,,1762829603068,1762829603118,50,1762829603117
VCURIOSITY_33,Set_11_elong_glossy_3.glb,2,1762829603146-544230_before.png,1762829603146-544230_after.png,180.9337040273229,299.944939769293,-5.000000000000455,0,,,1762829603146,1762829603197,51,1762829603199
VCURIOSITY_33,Set_11_elong_glossy_3.glb,2,1762829603210-532630_before.png,1762829603210-532630_after.png,175.93370402732285,299.944939769293,-5,0,,,1762829603210,1762829603262,52,1762829603265
VCURIOSITY_33,Set_11_elong_glossy_3.glb,2,1762829603304-913681_before.png,1762829603304-913681_after.png,170.93370402732285,299.944939769293,-5,0,,,1762829603304,1762829603355,51,1762829603357
VCURIOSITY_33,Set_11_elong_glossy_3.glb,2,1762829603365-698501_before.png,1762829603365-698501_after.png,165.93370402732296,299.944939769293,-4.999999999999886,0,,,1762829603365,1762829603417,52,1762829603419
VCURIOSITY_33,Set_11_elong_glossy_3.glb,2,1762829603435-832991_before.png,1762829603435-832991_after.png,160.93370402732296,299.944939769293,-5,0,,,1762829603435,1762829603485,50,1762829603487
VCURIOSITY_33,Set_11_elong_glossy_3.glb,2,1762829603508-939356_before.png,1762829603508-939356_after.png,155.93370402732296,299.944939769293,-5,0,,,1762829603508,1762829603558,50,1762829603561
VCURIOSITY_33,Set_11_elong_glossy_3.glb,2,1762829603574-464900_before.png,1762829603574-464900_after.png,150.93370402732296,299.944939769293,-5,0,,,1762829603574,1762829603627,53,1762829603629
VCURIOSITY_33,Set_11_elong_glossy_3.glb,2,1762829603643-993399_before.png,1762829603643-993399_after.png,145.93370402732302,299.944939769293,-5,0,,,1762829603643,1762829603693,50,1762829603695
VCURIOSITY_33,Set_11_elong_glossy_3.glb,2,1762829603702-309186_before.png,1762829603702-309186_after.png,140.93370402732302,299.94493976929294,-5,0,,,1762829603702,1762829603752,50,1762829603753
VCURIOSITY_33,Set_11_elong_glossy_3.glb,2,1762829603771-599482_before.png,1762829603771-599482_after.png,135.93370402732307,299.944939769293,-5,0,,,1762829603771,1762829603826,55,1762829603829
VCURIOSITY_33,Set_11_elong_glossy_3.glb,2,1762829603859-346024_before.png,1762829603859-346024_after.png,130.93370402732307,299.94493976929294,-5,0,,,1762829603859,1762829603913,54,1762829603912
VCURIOSITY_33,Set_11_elong_glossy_3.glb,2,1762829603931-100639_before.png,1762829603931-100639_after.png,125.93370402732307,299.944939769293,-5,0,,,1762829603931,1762829603986,55,1762829603989
VCURIOSITY_33,Set_11_elong_glossy_3.glb,2,1762829604001-925001_before.png,1762829604001-925001_after.png,120.93370402732307,299.944939769293,-5,0,,,1762829604001,1762829604056,55,1762829604058
VCURIOSITY_33,Set_11_elong_glossy_3.glb,2,1762829604093-442582_before.png,1762829604093-442582_after.png,115.93370402732313,299.944939769293,-5,0,,,1762829604093,1762829604146,53,1762829604149
VCURIOSITY_33,Set_11_elong_glossy_3.glb,2,1762829604162-923528_before.png,1762829604162-923528_after.png,110.93370402732307,299.94493976929306,-5,0,,,1762829604162,1762829604212,50,1762829604215
VCURIOSITY_33,Set_11_elong_glossy_3.glb,2,1762829604230-448352_before.png,1762829604230-448352_after.png,105.93370402732307,299.9449397692931,-5,0,,,1762829604230,1762829604282,52,1762829604281
VCURIOSITY_33,Set_11_elong_glossy_3.glb,2,1762829604292-899688_before.png,1762829604292-899688_after.png,100.93370402732307,299.9449397692932,-5,1.1368683772161603e-13,,,1762829604292,1762829604348,56,1762829604348
VCURIOSITY_33,Set_11_elong_glossy_3.glb,2,1762829604366-773350_before.png,1762829604366-773350_after.png,95.93370402732222,299.9449397692931,-5.0000000000009095,-1.1368683772161603e-13,,,1762829604366,1762829604418,52,1762829604422
VCURIOSITY_33,Set_11_elong_glossy_3.glb,2,1762829604453-872827_before.png,1762829604453-872827_after.png,90.93370402732228,299.94493976929306,-5,0,,,1762829604453,1762829604507,54,1762829604509
VCURIOSITY_33,Set_11_elong_glossy_3.glb,3,1762829604704-259949_before.png,1762829604704-259949_after.png,95.93370402732216,299.94493976929317,4.999999999999886,1.1368683772161603e-13,,,1762829604704,1762829604757,53,1762829604760
VCURIOSITY_33,Set_11_elong_glossy_3.glb,3,1762829605211-820134_before.png,1762829605211-820134_after.png,100.93370402732307,299.9449397692932,5.0000000000009095,0,,,1762829605211,1762829605264,53,1762829605266
VCURIOSITY_33,Set_11_elong_glossy_3.glb,3,1762829605272-833892_before.png,1762829605272-833892_after.png,105.93370402732307,299.94493976929317,5,0,,,1762829605272,1762829605323,51,1762829605325
VCURIOSITY_33,Set_11_elong_glossy_3.glb,3,1762829605337-144884_before.png,1762829605337-144884_after.png,110.93370402732313,299.9449397692931,5,0,,,1762829605337,1762829605388,51,1762829605390
VCURIOSITY_33,Set_11_elong_glossy_3.glb,3,1762829605403-923351_before.png,1762829605403-923351_after.png,115.93370402732307,299.9449397692931,5,0,,,1762829605403,1762829605456,53,1762829605458
VCURIOSITY_33,Set_11_elong_glossy_3.glb,3,1762829605472-996887_before.png,1762829605472-996887_after.png,120.93370402732307,299.9449397692931,5,0,,,1762829605472,1762829605523,51,1762829605526
VCURIOSITY_33,Set_11_elong_glossy_3.glb,3,1762829605538-984941_before.png,1762829605538-984941_after.png,125.93370402732307,299.94493976929306,5,0,,,1762829605538,1762829605593,55,1762829605595
VCURIOSITY_33,Set_11_elong_glossy_3.glb,3,1762829605609-15638_before.png,1762829605609-15638_after.png,130.93370402732307,299.94493976929306,5,0,,,1762829605609,1762829605659,50,1762829605660
VCURIOSITY_33,Set_11_elong_glossy_3.glb,3,1762829605671-325653_before.png,1762829605671-325653_after.png,135.93370402732302,299.94493976929306,5,0,,,1762829605671,1762829605723,52,1762829605725
VCURIOSITY_33,Set_11_elong_glossy_3.glb,3,1762829605738-188847_before.png,1762829605738-188847_after.png,140.93370402732296,299.94493976929306,5,0,,,1762829605738,1762829605791,53,1762829605792
VCURIOSITY_33,Set_11_elong_glossy_3.glb,3,1762829605804-8353_before.png,1762829605804-8353_after.png,145.93370402732296,299.94493976929306,5,0,,,1762829605804,1762829605856,52,1762829605857
VCURIOSITY_33,Set_11_elong_glossy_3.glb,3,1762829605870-567421_before.png,1762829605870-567421_after.png,150.93370402732296,299.9449397692931,5,0,,,1762829605870,1762829605921,51,1762829605923
VCURIOSITY_33,Set_11_elong_glossy_3.glb,3,1762829605936-157104_before.png,1762829605936-157104_after.png,155.93370402732296,299.9449397692931,5,0,,,1762829605936,1762829605988,52,1762829605990
VCURIOSITY_33,Set_11_elong_glossy_3.glb,3,1762829605997-569254_before.png,1762829605997-569254_after.png,160.93370402732285,299.9449397692931,4.999999999999886,0,,,1762829605997,1762829606048,51,1762829606045
VCURIOSITY_33,Set_11_elong_glossy_3.glb,3,1762829606073-128907_before.png,1762829606073-128907_after.png,165.93370402732285,299.94493976929317,5,0,,,1762829606073,1762829606126,53,1762829606128
VCURIOSITY_33,Set_11_elong_glossy_3.glb,3,1762829606168-240336_before.png,1762829606168-240336_after.png,170.93370402732285,299.94493976929317,5,0,,,1762829606168,1762829606219,51,1762829606216
VCURIOSITY_33,Set_11_elong_glossy_3.glb,3,1762829606235-848840_before.png,1762829606235-848840_after.png,175.93370402732285,299.94493976929317,5,0,,,1762829606235,1762829606286,51,1762829606288
VCURIOSITY_33,Set_11_elong_glossy_3.glb,3,1762829606296-870777_before.png,1762829606296-870777_after.png,180.93370402732282,299.94493976929317,5,0,,,1762829606296,1762829606349,53,1762829606351
VCURIOSITY_33,Set_11_elong_glossy_3.glb,3,1762829606373-154660_before.png,1762829606373-154660_after.png,185.93370402732333,299.9449397692932,5.000000000000455,0,,,1762829606373,1762829606434,61,1762829606436
VCURIOSITY_33,Set_11_elong_glossy_3.glb,3,1762829606467-106588_before.png,1762829606467-106588_after.png,190.93370402732322,299.9449397692932,4.999999999999886,0,,,1762829606467,1762829606520,53,1762829606522
VCURIOSITY_33,Set_11_elong_glossy_3.glb,3,1762829606528-42350_before.png,1762829606528-42350_after.png,195.9337040273231,299.9449397692932,4.999999999999886,0,,,1762829606528,1762829606579,51,1762829606581
VCURIOSITY_33,Set_11_elong_glossy_3.glb,3,1762829606591-238349_before.png,1762829606591-238349_after.png,200.93370402732293,299.94493976929317,4.999999999999773,0,,,1762829606591,1762829606642,51,1762829606645
VCURIOSITY_33,Set_11_elong_glossy_3.glb,3,1762829606660-222466_before.png,1762829606660-222466_after.png,205.9337040273228,299.9449397692931,4.999999999999886,0,,,1762829606660,1762829606713,53,1762829606715
VCURIOSITY_33,Set_11_elong_glossy_3.glb,3,1762829606731-947985_before.png,1762829606731-947985_after.png,210.9337040273226,299.94493976929306,4.999999999999773,0,,,1762829606731,1762829606781,50,1762829606784
VCURIOSITY_33,Set_11_elong_glossy_3.glb,3,1762829606797-418389_before.png,1762829606797-418389_after.png,215.93370402732236,299.944939769293,4.999999999999773,0,,,1762829606797,1762829606849,52,1762829606851
VCURIOSITY_33,Set_11_elong_glossy_3.glb,3,1762829606867-580075_before.png,1762829606867-580075_after.png,220.93370402732205,299.94493976929283,4.999999999999659,-2.2737367544323206e-13,,,1762829606867,1762829606918,51,1762829606921
VCURIOSITY_33,Set_11_elong_glossy_3.glb,3,1762829606969-690647_before.png,1762829606969-690647_after.png,225.93370402732182,299.9449397692927,4.999999999999773,-1.1368683772161603e-13,,,1762829606969,1762829607021,52,1762829607022
VCURIOSITY_33,Set_11_elong_glossy_3.glb,3,1762829607029-878351_before.png,1762829607029-878351_after.png,230.93370402732145,299.94493976929255,4.999999999999659,-2.2737367544323206e-13,,,1762829607029,1762829607079,50,1762829607081
VCURIOSITY_33,Set_11_elong_glossy_3.glb,3,1762829607089-393035_before.png,1762829607089-393035_after.png,235.93370402732285,299.94493976929317,5.000000000001364,6.821210263296962e-13,,,1762829607089,1762829607139,50,1762829607141
VCURIOSITY_33,Set_11_elong_glossy_3.glb,3,1762829607154-907314_before.png,1762829607154-907314_after.png,240.93370402732285,299.9449397692931,5,0,,,1762829607154,1762829607205,51,1762829607203
VCURIOSITY_33,Set_11_elong_glossy_3.glb,3,1762829607221-698419_before.png,1762829607221-698419_after.png,245.93370402732285,299.9449397692931,5,0,,,1762829607221,1762829607272,51,1762829607273
VCURIOSITY_33,Set_11_elong_glossy_3.glb,3,1762829607283-13378_before.png,1762829607283-13378_after.png,250.9337040273229,299.9449397692931,5,0,,,1762829607283,1762829607337,54,1762829607338
VCURIOSITY_33,Set_11_elong_glossy_3.glb,3,1762829607358-315632_before.png,1762829607358-315632_after.png,255.9337040273229,299.9449397692931,5,0,,,1762829607358,1762829607409,51,1762829607412
VCURIOSITY_33,Set_11_elong_glossy_3.glb,3,1762829607448-353692_before.png,1762829607448-353692_after.png,260.93370402732285,299.94493976929306,5,0,,,1762829607448,1762829607502,54,1762829607504
VCURIOSITY_33,Set_11_elong_glossy_3.glb,3,1762829607515-922068_before.png,1762829607515-922068_after.png,265.9337040273229,299.9449397692931,5,0,,,1762829607515,1762829607565,50,1762829607566
VCURIOSITY_33,Set_11_elong_glossy_3.glb,3,1762829607592-190766_before.png,1762829607592-190766_after.png,270.93370402732296,299.9449397692931,5,0,,,1762829607592,1762829607646,54,1762829607649
VCURIOSITY_33,Set_11_elong_glossy_3.glb,3,1762829607691-315852_before.png,1762829607691-315852_after.png,275.93370402732296,299.9449397692931,5,0,,,1762829607691,1762829607742,51,1762829607744
VCURIOSITY_33,Set_11_elong_glossy_3.glb,3,1762829607751-440543_before.png,1762829607751-440543_after.png,280.9337040273236,299.9449397692931,5.000000000000682,0,,,1762829607751,1762829607801,50,1762829607804
VCURIOSITY_33,Set_11_elong_glossy_3.glb,3,1762829607812-6759_before.png,1762829607812-6759_after.png,285.93370402732364,299.9449397692931,5,0,,,1762829607812,1762829607865,53,1762829607867
VCURIOSITY_33,Set_11_elong_glossy_3.glb,3,1762829607890-566682_before.png,1762829607890-566682_after.png,290.93370402732364,299.94493976929306,5,0,,,1762829607890,1762829607942,52,1762829607943
VCURIOSITY_33,Set_11_elong_glossy_3.glb,3,1762829607976-621369_before.png,1762829607976-621369_after.png,295.93370402732353,299.944939769293,4.999999999999886,0,,,1762829607976,1762829608027,51,1762829608029
VCURIOSITY_33,Set_11_elong_glossy_3.glb,3,1762829608044-525327_before.png,1762829608044-525327_after.png,300.93370402732353,299.94493976929294,5,0,,,1762829608044,1762829608097,53,1762829608095
VCURIOSITY_33,Set_11_elong_glossy_3.glb,3,1762829608108-609145_before.png,1762829608108-609145_after.png,305.9337040273236,299.94493976929294,5,0,,,1762829608108,1762829608160,52,1762829608161
VCURIOSITY_33,Set_11_elong_glossy_3.glb,3,1762829608175-731756_before.png,1762829608175-731756_after.png,310.93370402732353,299.9449397692929,5,0,,,1762829608175,1762829608229,54,1762829608231
VCURIOSITY_33,Set_11_elong_glossy_3.glb,0,1762829608463-977167_before.png,1762829608463-977167_after.png,303.57192211136896,296.9108008006478,-7.361781915954566,-3.0341389686450384,,,1762829608463,1762829608515,52,1762829608516
VCURIOSITY_33,Set_11_elong_glossy_3.glb,0,1762829608967-402855_before.png,1762829608967-402855_after.png,294.4691475496434,294.4763332500553,-9.102774561725482,-2.4344675505924442,,,1762829608967,1762829609022,55,1762829609023
VCURIOSITY_33,Set_11_elong_glossy_3.glb,0,1762829609030-950947_before.png,1762829609030-950947_after.png,283.65796067252165,292.83502479995514,-10.811186877121827,-1.641308450100155,,,1762829609030,1762829609084,54,1762829609085
VCURIOSITY_33,Set_11_elong_glossy_3.glb,0,1762829609096-293336_before.png,1762829609096-293336_after.png,271.66498289877484,292.1643404014134,-11.992977773746816,-0.6706843985416526,,,1762829609096,1762829609146,50,1762829609144
VCURIOSITY_33,Set_11_elong_glossy_3.glb,0,1762829609176-572615_before.png,1762829609176-572615_after.png,259.5142100568321,292.55125658780366,-12.15077284194274,0.3869161863901809,,,1762829609176,1762829609229,53,1762829609231
VCURIOSITY_33,Set_11_elong_glossy_3.glb,0,1762829609274-611431_before.png,1762829609274-611431_after.png,248.30614629072613,293.9444469211291,-11.208063766105965,1.3931903333254922,,,1762829609274,1762829609329,55,1762829609331
VCURIOSITY_33,Set_11_elong_glossy_3.glb,0,1762829609375-295711_before.png,1762829609375-295711_after.png,238.719731252964,296.18338784068436,-9.586415037762094,2.2389409195552616,,,1762829609374,1762829609427,53,1762829609428
VCURIOSITY_33,Set_11_elong_glossy_3.glb,0,1762829609464-774085_before.png,1762829609464-774085_after.png,230.9017208583157,299.07272527337796,-7.818010394648354,2.8893374326935373,,,1762829609464,1762829609515,51,1762829609514
VCURIOSITY_33,Set_11_elong_glossy_3.glb,0,1762829609532-418989_before.png,1762829609532-418989_after.png,224.67148381772625,302.4383343441634,-6.230237040589486,3.3656090707854673,,,1762829609532,1762829609585,53,1762829609587
VCURIOSITY_33,Set_11_elong_glossy_3.glb,0,1762829609599-184226_before.png,1762829609599-184226_after.png,219.74129858143354,306.14647266474674,-4.930185236292687,3.7081383205833163,,,1762829609599,1762829609651,52,1762829609653
VCURIOSITY_33,Set_11_elong_glossy_3.glb,0,1762829609671-522937_before.png,1762829609671-522937_after.png,215.83413750863087,310.10114282513916,-3.907161072802637,3.954670160392425,,,1762829609671,1762829609733,62,1762829609734
VCURIOSITY_33,Set_11_elong_glossy_3.glb,0,1762829609763-961822_before.png,1762829609763-961822_after.png,212.72260967159966,314.23505176608137,-3.11152783703119,4.133908940942206,,,1762829609763,1762829609813,50,1762829609810
VCURIOSITY_33,Set_11_elong_glossy_3.glb,0,1762829609823-42111_before.png,1762829609823-42111_after.png,210.2318258025457,318.5010356193861,-2.4907838690539847,4.2659838533047605,,,1762829609823,1762829609879,56,1762829609880
VCURIOSITY_33,Set_11_elong_glossy_3.glb,0,1762829609896-818151_before.png,1762829609896-818151_after.png,208.2307742067797,322.86563786463535,-2.0010515957660573,4.364602245249216,,,1762829609895,1762829609946,51,1762829609943
VCURIOSITY_33,Set_11_elong_glossy_3.glb,0,1762829609956-833440_before.png,1762829609956-833440_after.png,206.62218352096122,327.3046853068648,-1.6085906858185126,4.43904744222948,,,1762829609956,1762829610007,51,1762829610008
VCURIOSITY_33,Set_11_elong_glossy_3.glb,0,1762829610023-610990_before.png,1762829610023-610990_after.png,205.33395239682116,331.8003252222324,-1.2882311241401112,4.495639915367519,,,1762829610023,1762829610073,50,1762829610075
VCURIOSITY_33,Set_11_elong_glossy_3.glb,0,1762829610089-279355_before.png,1762829610089-279355_after.png,204.31264675429787,336.3390469496108,-1.0213056425233162,4.538721727378402,,,1762829610089,1762829610140,51,1762829610137
VCURIOSITY_33,Set_11_elong_glossy_3.glb,0,1762829610156-330211_before.png,1762829610156-330211_after.png,203.51878663076633,340.9103470772892,-0.7938601235315446,4.571300127678342,,,1762829610156,1762829610207,51,1762829610209
VCURIOSITY_33,Set_11_elong_glossy_3.glb,0,1762829610236-506747_before.png,1762829610236-506747_after.png,202.9235070085141,345.50581164594945,-0.595279622252292,4.595464568660191,,,1762829610236,1762829610288,52,1762829610290
VCURIOSITY_33,Set_11_elong_glossy_3.glb,0,1762829610328-757153_before.png,1762829610328-757153_after.png,202.50623142892158,350.11846808705826,-0.41727557959256956,4.612656441108811,,,1762829610328,1762829610379,51,1762829610380
VCURIOSITY_33,Set_11_elong_glossy_3.glb,3,1762829610560-996935_before.png,1762829610560-996935_after.png,207.50623142892155,350.1184680870582,5,0,,,1762829610560,1762829610612,52,1762829610613
VCURIOSITY_33,Set_11_elong_glossy_3.glb,3,1762829611067-386608_before.png,1762829611067-386608_after.png,212.50623142892152,350.1184680870582,5,0,,,1762829611067,1762829611118,51,1762829611119
VCURIOSITY_33,Set_11_elong_glossy_3.glb,3,1762829611135-359392_before.png,1762829611135-359392_after.png,217.5062314289215,350.11846808705815,5,0,,,1762829611135,1762829611185,50,1762829611188
VCURIOSITY_33,Set_11_elong_glossy_3.glb,3,1762829611200-287829_before.png,1762829611200-287829_after.png,222.5062314289215,350.1184680870581,5,0,,,1762829611200,1762829611251,51,1762829611253
VCURIOSITY_33,Set_11_elong_glossy_3.glb,3,1762829611261-904674_before.png,1762829611261-904674_after.png,227.50623142892147,350.1184680870581,5,0,,,1762829611261,1762829611313,52,1762829611314
VCURIOSITY_33,Set_11_elong_glossy_3.glb,3,1762829611333-889818_before.png,1762829611333-889818_after.png,232.50623142892147,350.11846808705803,5,0,,,1762829611333,1762829611387,54,1762829611389
VCURIOSITY_33,Set_11_elong_glossy_3.glb,3,1762829611399-217846_before.png,1762829611399-217846_after.png,237.5062314289214,350.118468087058,5,0,,,1762829611399,1762829611449,50,1762829611454
VCURIOSITY_33,Set_11_elong_glossy_3.glb,3,1762829611497-783051_before.png,1762829611497-783051_after.png,242.5062314289214,350.118468087058,5,0,,,1762829611497,1762829611551,54,1762829611539
VCURIOSITY_33,Set_11_elong_glossy_3.glb,3,1762829611599-963008_before.png,1762829611599-963008_after.png,247.5062314289214,350.1184680870579,5,0,,,1762829611599,1762829611650,51,1762829611652
VCURIOSITY_33,Set_11_elong_glossy_3.glb,3,1762829611699-132695_before.png,1762829611699-132695_after.png,252.5062314289214,350.1184680870579,5,0,,,1762829611699,1762829611753,54,1762829611755
VCURIOSITY_33,Set_11_elong_glossy_3.glb,3,1762829611763-983346_before.png,1762829611763-983346_after.png,257.5062314289214,350.11846808705786,5,0,,,1762829611763,1762829611817,54,1762829611817
VCURIOSITY_33,Set_11_elong_glossy_3.glb,3,1762829611858-559521_before.png,1762829611858-559521_after.png,262.506231428919,350.1184680870574,4.999999999997613,-4.547473508864641e-13,,,1762829611858,1762829611908,50,1762829611910
VCURIOSITY_33,Set_11_elong_glossy_3.glb,3,1762829611924-187368_before.png,1762829611924-187368_after.png,267.50623142891925,350.11846808705747,5.000000000000227,0,,,1762829611924,1762829611976,52,1762829611976
VCURIOSITY_33,Set_11_elong_glossy_3.glb,0,1762829612128-168249_before.png,1762829612128-168249_after.png,266.64728442123874,350.37362711441335,-0.8589470076805128,0.2551590273558304,,,1762829612128,1762829612184,56,1762829612185
VCURIOSITY_33,Set_11_elong_glossy_3.glb,0,1762829612627-982413_before.png,1762829612627-982413_after.png,265.8152518791746,350.7024903960077,-0.8320325420640984,0.3288632815942947,,,1762829612627,1762829612681,54,1762829612683
VCURIOSITY_33,Set_11_elong_glossy_3.glb,0,1762829612705-889706_before.png,1762829612705-889706_after.png,265.0166465036135,351.1023595353391,-0.7986053755610101,0.399869139331372,,,1762829612705,1762829612755,50,1762829612756
VCURIOSITY_33,Set_11_elong_glossy_3.glb,0,1762829612764-35456_before.png,1762829612764-35456_after.png,264.2576166013229,351.5699795010849,-0.7590299022906493,0.46761996574582554,,,1762829612764,1762829612814,50,1762829612811
VCURIOSITY_33,Set_11_elong_glossy_3.glb,0,1762829612830-854825_before.png,1762829612830-854825_after.png,263.54389534919494,352.10157815922696,-0.7137212521279253,0.531598658142002,,,1762829612830,1762829612880,50,1762829612876
VCURIOSITY_33,Set_11_elong_glossy_3.glb,0,1762829612903-539532_before.png,1762829612903-539532_after.png,262.88076126718823,352.69290967509914,-0.6631340820067635,0.5913315158721844,,,1762829612903,1762829612960,57,1762829612961
VCURIOSITY_33,Set_11_elong_glossy_3.glb,0,1762829612969-440754_before.png,1762829612969-440754_after.png,262.27300970114266,353.33930042537435,-0.6077515660456356,0.646390750275259,,,1762829612969,1762829613024,55,1762829613026
VCURIOSITY_33,Set_11_elong_glossy_3.glb,0,1762829613037-421655_before.png,1762829613037-421655_after.png,261.72493451052674,354.03569615273506,-0.5480751906159185,0.6963957273607093,,,1762829613037,1762829613094,57,1762829613095
VCURIOSITY_33,Set_11_elong_glossy_3.glb,0,1762829613123-476532_before.png,1762829613123-476532_after.png,261.2403186689931,354.7767092583248,-0.48461584153369586,0.7410131055896727,,,1762829613123,1762829613178,55,1762829613179
VCURIOSITY_33,Set_11_elong_glossy_3.glb,0,1762829613193-47132_before.png,1762829613193-47132_after.png,260.8224321406131,355.55666533971095,-0.41788652837999507,0.7799560813862172,,,1762829613193,1762829613246,53,1762829613246
VCURIOSITY_33,Set_11_elong_glossy_3.glb,0,1762829613262-473188_before.png,1762829613262-473188_after.png,260.4740351989576,356.3696483243791,-0.34839694165543733,0.8129829846682242,,,1762829613262,1762829613316,54,1762829613318
VCURIOSITY_33,Set_11_elong_glossy_3.glb,0,1762829613331-449290_before.png,1762829613331-449290_after.png,260.1973853035574,357.2095438009949,-0.27664989540016904,0.8398954766157658,,,1762829613331,1762829613385,54,1762829613386
VCURIOSITY_33,Set_11_elong_glossy_3.glb,0,1762829613394-973724_before.png,1762829613394-973724_after.png,259.9942457230241,358.070080395459,-0.20313958053327497,0.8605365944640653,,,1762829613394,1762829613447,53,1762829613448
VCURIOSITY_33,Set_11_elong_glossy_3.glb,0,1762829613492-534073_before.png,1762829613492-534073_after.png,259.86589427515395,358.9448692620121,-0.12835144787015906,0.8747888665531036,,,1762829613492,1762829613544,52,1762829613545
VCURIOSITY_33,Set_11_elong_glossy_3.glb,0,1762829613560-151947_before.png,1762829613560-151947_after.png,259.813130818839,359.8274419506006,-0.0527634563150059,0.8825726885884251,,,1762829613560,1762829613612,52,1762829613614
VCURIOSITY_33,Set_11_elong_glossy_3.glb,0,1762829613626-535349_before.png,1762829613626-535349_after.png,259.8362824585412,0.7112870628357655,0.023151639702177818,0.8838451122351785,,,1762829613626,1762829613676,50,1762829613677
VCURIOSITY_33,Set_11_elong_glossy_3.glb,-1,,,,,,,269.12961532502,4.923849754810817,,,,1762829865757
VCURIOSITY_33,Set_11_elong_glossy_3.glb,1,1762829870574-888451_before.png,1762829870574-888451_after.png,268.7028313763686,4.829217342540062,-0.4267839486514049,-0.09463241227081198,,,1762829870574,1762829870626,52,1762829870627
VCURIOSITY_33,Set_11_elong_glossy_3.glb,1,1762829870878-932638_before.png,1762829870878-932638_after.png,268.286056385971,4.697763659989903,-0.4167749903975846,-0.1314536825501591,,,1762829870878,1762829870930,52,1762829870932
VCURIOSITY_33,Set_11_elong_glossy_3.glb,1,1762829871117-432715_before.png,1762829871117-432715_after.png,267.8824928601617,4.530509156437176,-0.403563525809318,-0.16725450355272642,,,1762829871117,1762829871168,51,1762829871169
VCURIOSITY_33,Set_11_elong_glossy_3.glb,2,1762829871710-804142_before.png,1762829871710-804142_after.png,262.8824928601616,4.530509156437176,-5,0,,,1762829871709,1762829871765,56,1762829871767
VCURIOSITY_33,Set_11_elong_glossy_3.glb,3,1762829872350-672504_before.png,1762829872350-672504_after.png,267.8824928601617,4.530509156437176,5,0,,,1762829872349,1762829872402,53,1762829872403
VCURIOSITY_33,Set_11_elong_glossy_3.glb,3,1762829872850-525500_before.png,1762829872850-525500_after.png,272.8824928601616,4.530509156437233,5,0,,,1762829872850,1762829872902,52,1762829872904
VCURIOSITY_33,Set_11_elong_glossy_3.glb,3,1762829872919-956501_before.png,1762829872919-956501_after.png,277.8824928601616,4.530509156437233,5,0,,,1762829872919,1762829872972,53,1762829872974
VCURIOSITY_33,Set_11_elong_glossy_3.glb,3,1762829872982-353047_before.png,1762829872982-353047_after.png,282.8824928601616,4.530509156437233,5,0,,,1762829872982,1762829873035,53,1762829873037
VCURIOSITY_33,Set_11_elong_glossy_3.glb,3,1762829873049-281882_before.png,1762829873049-281882_after.png,287.8824928601616,4.530509156437233,5,0,,,1762829873049,1762829873100,51,1762829873103
VCURIOSITY_33,Set_11_elong_glossy_3.glb,3,1762829873117-245151_before.png,1762829873117-245151_after.png,292.8824928601617,4.530509156437233,5,0,,,1762829873117,1762829873171,54,1762829873169
VCURIOSITY_33,Set_11_elong_glossy_3.glb,3,1762829873179-410143_before.png,1762829873179-410143_after.png,297.8824928601617,4.530509156437233,5,0,,,1762829873179,1762829873233,54,1762829873234
VCURIOSITY_33,Set_11_elong_glossy_3.glb,3,1762829873250-5518_before.png,1762829873250-5518_after.png,302.8824928601616,4.530509156437233,5,0,,,1762829873250,1762829873301,51,1762829873303
VCURIOSITY_33,Set_11_elong_glossy_3.glb,3,1762829873319-940713_before.png,1762829873319-940713_after.png,307.8824928601617,4.530509156437233,5,0,,,1762829873319,1762829873372,53,1762829873369
VCURIOSITY_33,Set_11_elong_glossy_3.glb,3,1762829873411-100965_before.png,1762829873411-100965_after.png,312.8824928601616,4.530509156437233,5,0,,,1762829873411,1762829873466,55,1762829873467
VCURIOSITY_33,Set_11_elong_glossy_3.glb,3,1762829873480-764279_before.png,1762829873480-764279_after.png,317.8824928601616,4.530509156437233,5,0,,,1762829873480,1762829873533,53,1762829873535
VCURIOSITY_33,Set_11_elong_glossy_3.glb,3,1762829873542-311120_before.png,1762829873542-311120_after.png,322.8824928601617,4.530509156437233,5,0,,,1762829873542,1762829873593,51,1762829873592
VCURIOSITY_33,Set_11_elong_glossy_3.glb,3,1762829873620-11720_before.png,1762829873620-11720_after.png,327.8824928601617,4.530509156437233,5,0,,,1762829873620,1762829873674,54,1762829873676
VCURIOSITY_33,Set_11_elong_glossy_3.glb,3,1762829873713-437776_before.png,1762829873713-437776_after.png,332.8824928601617,4.530509156437233,5,0,,,1762829873713,1762829873768,55,1762829873769
VCURIOSITY_33,Set_11_elong_glossy_3.glb,3,1762829873818-836125_before.png,1762829873818-836125_after.png,337.8824928601617,4.530509156437233,5,0,,,1762829873818,1762829873883,65,1762829873884
VCURIOSITY_33,Set_11_elong_glossy_3.glb,3,1762829873907-996662_before.png,1762829873907-996662_after.png,342.8824928601617,4.530509156437233,5,0,,,1762829873907,1762829873961,54,1762829873962
VCURIOSITY_33,Set_11_elong_glossy_3.glb,3,1762829873977-794176_before.png,1762829873977-794176_after.png,347.8824928601617,4.530509156437233,5,0,,,1762829873976,1762829874029,53,1762829874031
VCURIOSITY_33,Set_11_elong_glossy_3.glb,0,1762829874158-172095_before.png,1762829874158-172095_after.png,347.920686959471,359.64142737096256,0.03819409930929396,-4.889081785474673,,,1762829874157,1762829874213,56,1762829874215
VCURIOSITY_33,Set_11_elong_glossy_3.glb,0,1762829874398-573055_before.png,1762829874398-573055_after.png,347.86931719354567,354.7524657490138,-0.05136976592530118,-4.888961621948738,,,1762829874398,1762829874454,56,1762829874455
VCURIOSITY_33,Set_11_elong_glossy_3.glb,0,1762829874637-830831_before.png,1762829874637-830831_after.png,347.7265079439131,349.8652824813329,-0.14280924963259167,-4.887183267680939,,,1762829874637,1762829874689,52,1762829874690
VCURIOSITY_33,Set_11_elong_glossy_3.glb,0,1762829874831-874096_before.png,1762829874831-874096_after.png,347.4869500970728,344.98164166169636,-0.23955784684028458,-4.8836408196365255,,,1762829874831,1762829874883,52,1762829874884
VCURIOSITY_33,Set_11_elong_glossy_3.glb,0,1762829875054-369088_before.png,1762829875054-369088_after.png,347.14142184152456,340.103525539231,-0.34552825554828814,-4.8781161224653715,,,1762829875054,1762829875109,55,1762829875112
VCURIOSITY_33,Set_11_elong_glossy_3.glb,0,1762829875278-498248_before.png,1762829875278-498248_after.png,346.6759150801101,335.23327565691574,-0.46550676141441727,-4.870249882315193,,,1762829875278,1762829875328,50,1762829875329
VCURIOSITY_33,Set_11_elong_glossy_3.glb,-1,,,,,,,269.12961532502,4.923849754810817,,,,1762829988363
VCURIOSITY_33,Set_11_elong_glossy_3.glb,-1,,,,,,,269.12961532502,4.923849754810817,,,,1762830143935
VCURIOSITY_33,Set_11_elong_glossy_3.glb,-1,,,,,,,264.9999999999999,279.9999999999999,,,,1762831277062
VCURIOSITY_33,Set_11_elong_glossy_3.glb,1,1762831412116-393782_before.png,1762831412116-393782_after.png,273.68535130401114,5.260962694893294,-0.4446486959888034,0.34096269489327824,,,1762831412116,1762831412167,51,1762831412165
VCURIOSITY_33,Set_11_elong_glossy_3.glb,1,1762831412356-540660_before.png,1762831412356-540660_after.png,273.2122601129625,5.561938960858299,-0.4730911910486384,0.30097626596500504,,,1762831412356,1762831412417,61,1762831412422
VCURIOSITY_33,Set_11_elong_glossy_3.glb,1,1762831412581-41615_before.png,1762831412581-41615_after.png,272.7143125461776,5.820585371600316,-0.4979475667848874,0.258646410742017,,,1762831412581,1762831412632,51,1762831412633
VCURIOSITY_33,Set_11_elong_glossy_3.glb,1,1762831412950-823937_before.png,1762831412950-823937_after.png,272.19531191355014,6.034880577459035,-0.519000632627467,0.21429520585866157,,,1762831412950,1762831413016,66,1762831413022
VCURIOSITY_33,Set_11_elong_glossy_3.glb,1,1762831413236-246461_before.png,1762831413236-246461_after.png,271.6592489295156,6.2031443236988935,-0.5360629840345155,0.16826374623985885,,,1762831413236,1762831413293,57,1762831413291
VCURIOSITY_33,Set_11_elong_glossy_3.glb,1,1762831413492-193505_before.png,1762831413492-193505_after.png,271.11026860646587,6.32405364174474,-0.5489803230498183,0.1209093180458467,,,1762831413492,1762831413558,66,1762831413565
VCURIOSITY_33,Set_11_elong_glossy_3.glb,1,1762831413764-469191_before.png,1762831413764-469191_after.png,270.552634257023,6.39665585045276,-0.5576343494428784,0.07260220870807643,,,1762831413764,1762831413825,61,1762831413823
VCURIOSITY_33,Set_11_elong_glossy_3.glb,1,1762831414340-203081_before.png,1762831414340-203081_after.png,269.99068918328544,6.420378060178109,-0.5619450737375473,0.023722209725292487,,,1762831414340,1762831414405,65,1762831414407
VCURIOSITY_33,Set_11_elong_glossy_3.glb,1,1762831414564-981451_before.png,1762831414564-981451_after.png,269.42881675464645,6.39503294621602,-0.5618724286389352,-0.025345113962089272,,,1762831414564,1762831414631,67,1762831414629
VCURIOSITY_33,Set_11_elong_glossy_3.glb,1,1762831414757-650576_before.png,1762831414757-650576_after.png,268.8713996640392,6.3208206462062435,-0.5574170906072595,-0.0742123000097763,,,1762831414757,1762831414808,51,1762831414809
VCURIOSITY_33,Set_11_elong_glossy_3.glb,1,1762831414980-409145_before.png,1762831414980-409145_after.png,268.32277919813316,6.198326733120325,-0.5486204659059695,-0.1224939130859184,,,1762831414980,1762831415044,64,1762831415046
VCURIOSITY_33,Set_11_elong_glossy_3.glb,0,1762831415524-379027_before.png,1762831415524-379027_after.png,268.8713996640392,6.3208206462062435,0.5486204659059695,0.1224939130859184,,,1762831415524,1762831415576,52,1762831415579
VCURIOSITY_33,Set_11_elong_glossy_3.glb,0,1762831415764-879568_before.png,1762831415764-879568_after.png,269.4288167546464,6.39503294621602,0.5574170906072595,0.0742123000097763,,,1762831415764,1762831415825,61,1762831415823
VCURIOSITY_33,Set_11_elong_glossy_3.glb,0,1762831415940-403491_before.png,1762831415940-403491_after.png,269.99068918328544,6.420378060178109,0.5618724286390488,0.025345113962089272,,,1762831415940,1762831415996,56,1762831415998
VCURIOSITY_33,Set_11_elong_glossy_3.glb,0,1762831416133-640053_before.png,1762831416133-640053_after.png,270.55263425702293,6.39665585045276,0.5619450737374336,-0.023722209725292487,,,1762831416132,1762831416190,58,1762831416191
VCURIOSITY_33,Set_11_elong_glossy_3.glb,1,1762831421045-309365_before.png,1762831421045-309365_after.png,269.99068918328544,6.420378060178109,-0.5619450737374336,0.023722209725292487,,,1762831421045,1762831421096,51,1762831421094
VCURIOSITY_33,Set_11_elong_glossy_3.glb,1,1762831421252-369035_before.png,1762831421252-369035_after.png,269.4288167546464,6.39503294621602,-0.5618724286390488,-0.025345113962089272,,,1762831421252,1762831421306,54,1762831421306
VCURIOSITY_33,Set_11_elong_glossy_3.glb,3,1762831421717-714018_before.png,1762831421717-714018_after.png,274.4288167546464,6.39503294621602,5,0,,,1762831421717,1762831421777,60,1762831421779
VCURIOSITY_33,Set_11_elong_glossy_3.glb,3,1762831421908-381545_before.png,1762831421908-381545_after.png,279.42881675464645,6.39503294621602,5,0,,,1762831421908,1762831421961,53,1762831421959
VCURIOSITY_33,Set_11_elong_glossy_3.glb,1,1762831423781-880466_before.png,1762831423781-880466_after.png,278.84047210559754,7.189310260905245,-0.5883446490488495,0.794277314689225,,,1762831423781,1762831423840,59,1762831423838
VCURIOSITY_33,Set_11_elong_glossy_3.glb,1,1762831423972-497435_before.png,1762831423972-497435_after.png,278.1838072162172,7.929876934734068,-0.6566648893804086,0.7405666738288801,,,1762831423972,1762831424029,57,1762831424027
VCURIOSITY_33,Set_11_elong_glossy_3.glb,1,1762831424165-791833_before.png,1762831424165-791833_after.png,277.46332656966626,8.610930014380301,-0.7204806465508682,0.6810530796462899,,,1762831424165,1762831424228,63,1762831424221
VCURIOSITY_33,Set_11_elong_glossy_3.glb,0,1762831424404-583496_before.png,1762831424404-583496_after.png,278.18380721621713,7.929876934734011,0.7204806465508682,-0.6810530796462899,,,1762831424404,1762831424467,63,1762831424465
VCURIOSITY_33,Set_11_elong_glossy_3.glb,0,1762831424596-553884_before.png,1762831424596-553884_after.png,278.8404721055974,7.189310260905245,0.6566648893802949,-0.7405666738287664,,,1762831424596,1762831424652,56,1762831424660
VCURIOSITY_33,Set_11_elong_glossy_3.glb,0,1762831424788-496418_before.png,1762831424788-496418_after.png,279.4288167546464,6.39503294621602,0.5883446490489632,-0.794277314689225,,,1762831424788,1762831424849,61,1762831424851
VCURIOSITY_33,Set_11_elong_glossy_3.glb,0,1762831424948-36880_before.png,1762831424948-36880_after.png,279.9449228165629,5.55318779989301,0.5161060619165028,-0.8418451463230667,,,1762831424948,1762831425012,64,1762831425012
VCURIOSITY_33,Set_11_elong_glossy_3.glb,-1,,,,,,,264.9999999999999,279.9999999999999,,,,1762831433203
VCURIOSITY_33,Set_11_elong_glossy_3.glb,1,1762831441972-992276_before.png,1762831441972-992276_after.png,292.2454020726552,280.7718130059516,27.245402072655338,0.7718130059517989,,,1762831441972,1762831442023,51,1762831442019
VCURIOSITY_33,Set_11_elong_glossy_3.glb,1,1762831442276-945944_before.png,1762831442276-945944_after.png,312.0634114009835,283.47433855548945,19.818009328328344,2.702525549537768,,,1762831442276,1762831442333,57,1762831442334
VCURIOSITY_33,Set_11_elong_glossy_3.glb,1,1762831442756-464830_before.png,1762831442756-464830_after.png,324.24701628268883,287.22130818943947,12.183604881705378,3.746969633950016,,,1762831442756,1762831442809,53,1762831442807
VCURIOSITY_33,Set_11_elong_glossy_3.glb,1,1762831443029-693823_before.png,1762831443029-693823_after.png,331.7986867466244,291.4725795810383,7.551670463935579,4.251271391598834,,,1762831443029,1762831443091,62,1762831443088
VCURIOSITY_33,Set_11_elong_glossy_3.glb,1,1762831443300-557230_before.png,1762831443300-557230_after.png,336.7418541449223,295.9815678828702,4.943167398297874,4.5089883018318915,,,1762831443300,1762831443365,65,1762831443363
VCURIOSITY_33,Set_11_elong_glossy_3.glb,1,1762831443556-768336_before.png,1762831443556-768336_after.png,340.1545263113131,300.6344558776042,3.4126721663908484,4.652887994733987,,,1762831443556,1762831443621,65,1762831443619
VCURIOSITY_33,Set_11_elong_glossy_3.glb,1,1762831443796-62042_before.png,1762831443796-62042_after.png,342.61366381632,305.37425151865307,2.459137505006993,4.739795641048886,,,1762831443796,1762831443851,55,1762831443848
VCURIOSITY_33,Set_11_elong_glossy_3.glb,1,1762831444052-30135_before.png,1762831444052-30135_after.png,344.44436502474014,310.1699245150352,1.8307012084201233,4.795672996382109,,,1762831444052,1762831444103,51,1762831444103
VCURIOSITY_33,Set_11_elong_glossy_3.glb,3,1762831444485-212943_before.png,1762831444485-212943_after.png,349.44436502474014,310.16992451503523,5,0,,,1762831444485,1762831444545,60,1762831444545
VCURIOSITY_33,Set_11_elong_glossy_3.glb,3,1762831444740-920216_before.png,1762831444740-920216_after.png,354.44436502474014,310.1699245150352,5,0,,,1762831444740,1762831444793,53,1762831444790
VCURIOSITY_33,Set_11_elong_glossy_3.glb,3,1762831444948-248118_before.png,1762831444948-248118_after.png,359.44436502474014,310.1699245150352,5,0,,,1762831444948,1762831445010,62,1762831445007
VCURIOSITY_33,Set_11_elong_glossy_3.glb,3,1762831445188-277529_before.png,1762831445188-277529_after.png,4.444365024740193,310.1699245150352,5.000000000000057,0,,,1762831445188,1762831445246,58,1762831445243
VCURIOSITY_33,Set_11_elong_glossy_3.glb,3,1762831445412-963116_before.png,1762831445412-963116_after.png,9.444365024740193,310.1699245150352,5,0,,,1762831445412,1762831445466,54,1762831445463
VCURIOSITY_33,Set_11_elong_glossy_3.glb,3,1762831445621-399216_before.png,1762831445621-399216_after.png,14.444365024740193,310.1699245150352,5,0,,,1762831445621,1762831445682,61,1762831445679
VCURIOSITY_33,Set_11_elong_glossy_3.glb,3,1762831445860-454259_before.png,1762831445860-454259_after.png,19.444365024740193,310.1699245150352,5,0,,,1762831445860,1762831445920,60,1762831445917
VCURIOSITY_33,Set_11_elong_glossy_3.glb,3,1762831446148-380736_before.png,1762831446148-380736_after.png,24.444365024740193,310.1699245150352,5,0,,,1762831446148,1762831446203,55,1762831446203
VCURIOSITY_33,Set_11_elong_glossy_3.glb,3,1762831446500-60231_before.png,1762831446500-60231_after.png,29.444365024740193,310.1699245150352,5,0,,,1762831446500,1762831446558,58,1762831446555
VCURIOSITY_33,Set_11_elong_glossy_3.glb,3,1762831447156-726215_before.png,1762831447156-726215_after.png,34.44436502474019,310.1699245150352,5,0,,,1762831447156,1762831447214,58,1762831447211
VCURIOSITY_33,Set_11_elong_glossy_3.glb,-1,,,,,,,264.9999999999999,279.9999999999999,,,,1762831892996
VCURIOSITY_33,Set_11_elong_glossy_3.glb,1,1762831903116-967040_before.png,1762831903116-967040_after.png,292.2454020726552,280.7718130059516,27.245402072655338,0.7718130059517989,,,1762831903116,1762831903170,54,1762831903165
VCURIOSITY_33,Set_11_elong_glossy_3.glb,1,1762831903356-336439_before.png,1762831903356-336439_after.png,312.0634114009835,283.47433855548945,19.818009328328344,2.702525549537768,,,1762831903356,1762831903412,56,1762831903414
VCURIOSITY_33,Set_11_elong_glossy_3.glb,1,1762831903516-157519_before.png,1762831903516-157519_after.png,324.24701628268883,287.22130818943947,12.183604881705378,3.746969633950016,,,1762831903516,1762831903566,50,1762831903568
VCURIOSITY_33,Set_11_elong_glossy_3.glb,3,1762831904108-242589_before.png,1762831904108-242589_after.png,329.24701628268883,287.2213081894394,5,0,,,1762831904108,1762831904162,54,1762831904164
VCURIOSITY_33,Set_11_elong_glossy_3.glb,3,1762831904364-694633_before.png,1762831904364-694633_after.png,334.24701628268883,287.22130818943947,5,0,,,1762831904364,1762831904414,50,1762831904418
VCURIOSITY_33,Set_11_elong_glossy_3.glb,3,1762831904572-416144_before.png,1762831904572-416144_after.png,339.2470162826889,287.22130818943947,5,0,,,1762831904572,1762831904622,50,1762831904625
VCURIOSITY_33,Set_11_elong_glossy_3.glb,3,1762831905082-221051_before.png,1762831905082-221051_after.png,344.2470162826889,287.22130818943947,5,0,,,1762831905082,1762831905133,51,1762831905136
VCURIOSITY_33,Set_11_elong_glossy_3.glb,3,1762831905142-105380_before.png,1762831905142-105380_after.png,349.2470162826889,287.22130818943947,5,0,,,1762831905142,1762831905194,52,1762831905196
VCURIOSITY_33,Set_11_elong_glossy_3.glb,3,1762831905205-496715_before.png,1762831905205-496715_after.png,354.24701628268895,287.22130818943936,5,-1.1368683772161603e-13,,,1762831905205,1762831905260,55,1762831905262
VCURIOSITY_33,Set_11_elong_glossy_3.glb,3,1762831905280-490003_before.png,1762831905280-490003_after.png,359.24701628268895,287.22130818943947,5,1.1368683772161603e-13,,,1762831905280,1762831905332,52,1762831905335
VCURIOSITY_33,Set_11_elong_glossy_3.glb,3,1762831905348-708215_before.png,1762831905348-708215_after.png,4.247016282688946,287.22130818943947,5,0,,,1762831905348,1762831905403,55,1762831905406
VCURIOSITY_33,Set_11_elong_glossy_3.glb,3,1762831905412-264048_before.png,1762831905412-264048_after.png,9.247016282688946,287.22130818943947,5,0,,,1762831905411,1762831905463,52,1762831905460
VCURIOSITY_33,Set_11_elong_glossy_3.glb,3,1762831905471-831288_before.png,1762831905471-831288_after.png,14.247016282689003,287.22130818943947,5,0,,,1762831905471,1762831905527,56,1762831905529
VCURIOSITY_33,Set_11_elong_glossy_3.glb,3,1762831905572-724434_before.png,1762831905572-724434_after.png,19.24701628268906,287.22130818943947,5,0,,,1762831905571,1762831905623,52,1762831905625
VCURIOSITY_33,Set_11_elong_glossy_3.glb,3,1762831905632-676565_before.png,1762831905632-676565_after.png,24.24701628268906,287.22130818943947,5,0,,,1762831905632,1762831905682,50,1762831905684
VCURIOSITY_33,Set_11_elong_glossy_3.glb,3,1762831905699-651451_before.png,1762831905699-651451_after.png,29.247016282689003,287.22130818943947,5,0,,,1762831905698,1762831905752,54,1762831905753
VCURIOSITY_33,Set_11_elong_glossy_3.glb,3,1762831905771-942786_before.png,1762831905771-942786_after.png,34.24701628268906,287.22130818943947,5,0,,,1762831905771,1762831905824,53,1762831905827
VCURIOSITY_33,Set_11_elong_glossy_3.glb,3,1762831905834-610137_before.png,1762831905834-610137_after.png,39.24701628268906,287.2213081894395,5,0,,,1762831905834,1762831905886,52,1762831905887
VCURIOSITY_33,Set_11_elong_glossy_3.glb,3,1762831905904-303749_before.png,1762831905904-303749_after.png,44.24701628268906,287.2213081894395,5,0,,,1762831905904,1762831905957,53,1762831905959
VCURIOSITY_33,Set_11_elong_glossy_3.glb,3,1762831906396-466840_before.png,1762831906396-466840_after.png,49.24701628268906,287.22130818943947,5,0,,,1762831906396,1762831906446,50,1762831906445
VCURIOSITY_33,Set_11_elong_glossy_3.glb,3,1762831906588-971549_before.png,1762831906588-971549_after.png,54.24701628268912,287.2213081894395,5,0,,,1762831906588,1762831906638,50,1762831906637
VCURIOSITY_33,Set_11_elong_glossy_3.glb,3,1762831906828-595556_before.png,1762831906828-595556_after.png,59.247016282689174,287.2213081894395,5,0,,,1762831906828,1762831906878,50,1762831906881
VCURIOSITY_33,Set_11_elong_glossy_3.glb,3,1762831907036-947246_before.png,1762831907036-947246_after.png,64.24701628268917,287.22130818943947,5,0,,,1762831907036,1762831907091,55,1762831907092
VCURIOSITY_33,Set_11_elong_glossy_3.glb,0,1762831912189-400408_before.png,1762831912189-400408_after.png,80.44228080482122,285.688701710337,16.195264522131993,-1.5326064791024692,,,1762831912189,1762831912254,65,1762831912253
VCURIOSITY_33,Set_11_elong_glossy_3.glb,0,1762831912460-551653_before.png,1762831912460-551653_after.png,98.35875237825593,285.6357082387381,17.916471573434706,-0.05299347159893841,,,1762831912460,1762831912520,60,1762831912518
VCURIOSITY_33,Set_11_elong_glossy_3.glb,0,1762831912668-621022_before.png,1762831912668-621022_after.png,114.75553232256124,287.0761159788502,16.396779944305308,1.4404077401120503,,,1762831912668,1762831912732,64,1762831912730
VCURIOSITY_33,Set_11_elong_glossy_3.glb,0,1762831912924-784947_before.png,1762831912924-784947_after.png,127.66116608314451,289.6845972409383,12.905633760583214,2.6084812620880484,,,1762831912924,1762831912998,74,1762831913001
VCURIOSITY_33,Set_11_elong_glossy_3.glb,1,1762831913917-484343_before.png,1762831913917-484343_after.png,114.75553232256124,287.0761159788503,-12.905633760583214,-2.6084812620879347,,,1762831913916,1762831913972,56,1762831913970
VCURIOSITY_33,Set_11_elong_glossy_3.glb,1,1762831914140-63594_before.png,1762831914140-63594_after.png,98.3587523782561,285.63570823873806,-16.39677994430508,-1.4404077401122777,,,1762831914140,1762831914206,66,1762831914205
VCURIOSITY_33,Set_11_elong_glossy_3.glb,1,1762831916412-588644_before.png,1762831916412-588644_after.png,80.44228080482134,285.688701710337,-17.91647157343482,0.05299347159893841,,,1762831916412,1762831916469,57,1762831916467
VCURIOSITY_33,Set_11_elong_glossy_3.glb,1,1762831916588-884449_before.png,1762831916588-884449_after.png,64.2470162826894,287.2213081894395,-16.195264522131993,1.5326064791024692,,,1762831916588,1762831916640,52,1762831916638
VCURIOSITY_33,Set_11_elong_glossy_3.glb,1,1762831916780-713491_before.png,1762831916780-713491_after.png,51.59388309370928,289.8942721681702,-12.653133188980064,2.6729639787306496,,,1762831916780,1762831916832,52,1762831916830
VCURIOSITY_33,Set_11_elong_glossy_3.glb,0,1762831917084-650273_before.png,1762831917084-650273_after.png,64.24701628268946,287.22130818943947,12.653133188980178,-2.6729639787306496,,,1762831917084,1762831917144,60,1762831917143
VCURIOSITY_33,Set_11_elong_glossy_3.glb,0,1762831917308-181324_before.png,1762831917308-181324_after.png,80.44228080482162,285.68870171033694,16.19526452213222,-1.5326064791024692,,,1762831917307,1762831917366,59,1762831917368
VCURIOSITY_33,Set_11_elong_glossy_3.glb,3,1762831917677-347304_before.png,1762831917677-347304_after.png,85.44228080482168,285.68870171033694,5,0,,,1762831917677,1762831917739,62,1762831917737
VCURIOSITY_33,Set_11_elong_glossy_3.glb,3,1762831917916-708675_before.png,1762831917916-708675_after.png,90.44228080482173,285.68870171033694,5,0,,,1762831917916,1762831917971,55,1762831917969
VCURIOSITY_33,Set_11_elong_glossy_3.glb,3,1762831918108-589358_before.png,1762831918108-589358_after.png,95.44228080482173,285.688701710337,5,0,,,1762831918108,1762831918161,53,1762831918160
VCURIOSITY_33,Set_11_elong_glossy_3.glb,3,1762831918252-69760_before.png,1762831918252-69760_after.png,100.4422808048219,285.68870171033694,5.000000000000227,0,,,1762831918252,1762831918316,64,1762831918314
VCURIOSITY_33,Set_11_elong_glossy_3.glb,3,1762831918460-100065_before.png,1762831918460-100065_after.png,105.44228080482179,285.688701710337,4.999999999999886,0,,,1762831918460,1762831918524,64,1762831918524
VCURIOSITY_33,Set_11_elong_glossy_3.glb,-1,,,,,,,264.9999999999999,279.9999999999999,,,,1762832200740
VCURIOSITY_33,Set_11_elong_glossy_3.glb,1,1762832207504-447157_before.png,1762832207504-447157_after.png,292.2454020726552,280.7718130059516,27.245402072655338,0.7718130059517989,,,1762832207504,1762832207556,52,1762832207555
VCURIOSITY_33,Set_11_elong_glossy_3.glb,1,1762832208007-162186_before.png,1762832208007-162186_after.png,312.0634114009835,283.47433855548945,19.818009328328344,2.702525549537768,,,1762832208007,1762832208068,61,1762832208067
VCURIOSITY_33,Set_11_elong_glossy_3.glb,1,1762832208099-758110_before.png,1762832208099-758110_after.png,324.24701628268883,287.22130818943947,12.183604881705378,3.746969633950016,,,1762832208099,1762832208161,62,1762832208163
VCURIOSITY_33,Set_11_elong_glossy_3.glb,1,1762832208209-441271_before.png,1762832208209-441271_after.png,331.7986867466244,291.4725795810383,7.551670463935579,4.251271391598834,,,1762832208209,1762832208260,51,1762832208264
VCURIOSITY_33,Set_11_elong_glossy_3.glb,1,1762832208311-287145_before.png,1762832208311-287145_after.png,336.7418541449223,295.9815678828702,4.943167398297874,4.5089883018318915,,,1762832208311,1762832208380,69,1762832208385
VCURIOSITY_33,Set_11_elong_glossy_3.glb,1,1762832208394-51708_before.png,1762832208394-51708_after.png,340.1545263113131,300.6344558776042,3.4126721663908484,4.652887994733987,,,1762832208394,1762832208460,66,1762832208467
VCURIOSITY_33,Set_11_elong_glossy_3.glb,1,1762832208506-640698_before.png,1762832208506-640698_after.png,342.61366381632,305.37425151865307,2.459137505006993,4.739795641048886,,,1762832208506,1762832208563,57,1762832208564
VCURIOSITY_33,Set_11_elong_glossy_3.glb,1,1762832208783-758091_before.png,1762832208783-758091_after.png,344.44436502474014,310.1699245150352,1.8307012084201233,4.795672996382109,,,1762832208783,1762832208833,50,1762832208832
VCURIOSITY_33,Set_11_elong_glossy_3.glb,1,1762832209006-278660_before.png,1762832209006-278660_after.png,345.84020967600463,315.0033122355254,1.3958446512644969,4.8333877204902365,,,1762832209006,1762832209062,56,1762832209064
VCURIOSITY_33,Set_11_elong_glossy_3.glb,1,1762832209215-265737_before.png,1762832209215-265737_after.png,346.9222392038824,319.86311901441286,1.082029527877694,4.859806778887446,,,1762832209215,1762832209270,55,1762832209270
VCURIOSITY_33,Set_11_elong_glossy_3.glb,-1,,,,,,,269.12961532502,4.923849754810817,,,,1762832314215
VCURIOSITY_33,Set_11_elong_glossy_3.glb,1,1762832315242-566647_before.png,1762832315242-566647_after.png,268.7028313763686,4.829217342540062,-0.4267839486514049,-0.09463241227081198,,,1762832315242,1762832315293,51,1762832315296
VCURIOSITY_33,Set_11_elong_glossy_3.glb,1,1762832315465-643708_before.png,1762832315465-643708_after.png,268.286056385971,4.697763659989903,-0.4167749903975846,-0.1314536825501591,,,1762832315465,1762832315515,50,1762832315517
VCURIOSITY_33,Set_11_elong_glossy_3.glb,1,1762832315609-414312_before.png,1762832315609-414312_after.png,267.8824928601617,4.530509156437176,-0.403563525809318,-0.16725450355272642,,,1762832315609,1762832315659,50,1762832315659
VCURIOSITY_33,Set_11_elong_glossy_3.glb,1,1762832315817-903339_before.png,1762832315817-903339_after.png,267.49523127846334,4.328750013155229,-0.3872615816983398,-0.20175914328194722,,,1762832315817,1762832315869,52,1762832315859
VCURIOSITY_33,Set_11_elong_glossy_3.glb,1,1762832315995-9386_before.png,1762832315995-9386_after.png,267.1272252835512,4.094046680932536,-0.36800599491220964,-0.23470333222269346,,,1762832315995,1762832316047,52,1762832316051
VCURIOSITY_33,Set_11_elong_glossy_3.glb,1,1762832316137-275717_before.png,1762832316137-275717_after.png,266.7812687948076,3.8282102958392557,-0.34595648874358176,-0.2658363850932801,,,1762832316137,1762832316194,57,1762832316197
VCURIOSITY_33,Set_11_elong_glossy_3.glb,1,1762832316639-150653_before.png,1762832316639-150653_after.png,266.4599752426436,3.533287194630816,-0.32129355216397926,-0.2949231012084965,,,1762832316639,1762832316689,50,1762832316688
VCURIOSITY_33,Set_11_elong_glossy_3.glb,1,1762832316706-221453_before.png,1762832316706-221453_after.png,266.16575904159987,3.2115417642272064,-0.29421620104380963,-0.32174543040355275,,,1762832316706,1762832316762,56,1762832316761
VCURIOSITY_33,Set_11_elong_glossy_3.glb,1,1762832316780-88038_before.png,1762832316780-88038_after.png,265.90081934406993,2.8654378628952486,-0.2649396975299396,-0.3461039013319578,,,1762832316780,1762832316836,56,1762832316838
VCURIOSITY_33,Set_11_elong_glossy_3.glb,1,1762832316874-906939_before.png,1762832316874-906939_after.png,265.66712604792843,2.4976190449199294,-0.23369329614149592,-0.3678188179753761,,,1762832316874,1762832316925,51,1762832316927
VCURIOSITY_33,Set_11_elong_glossy_3.glb,1,1762832316941-107299_before.png,1762832316941-107299_after.png,265.46640797422543,2.1108878070289734,-0.2007180737030012,-0.38673123789089914,,,1762832316941,1762832316997,56,1762832316997
VCURIOSITY_33,Set_11_elong_glossy_3.glb,1,1762832317035-359456_before.png,1762832317035-359456_after.png,265.30014308818954,1.708184055419565,-0.16626488603583311,-0.40270375160935146,,,1762832317035,1762832317089,54,1762832317089
VCURIOSITY_33,Set_11_elong_glossy_3.glb,3,1762832317433-514542_before.png,1762832317433-514542_after.png,270.30014308818954,1.708184055419565,5,0,,,1762832317433,1762832317488,55,1762832317482
VCURIOSITY_33,Set_11_elong_glossy_3.glb,3,1762832317657-36487_before.png,1762832317657-36487_after.png,275.30014308818954,1.708184055419565,5,0,,,1762832317657,1762832317717,60,1762832317720
VCURIOSITY_33,Set_11_elong_glossy_3.glb,3,1762832317817-527027_before.png,1762832317817-527027_after.png,280.30014308818954,1.708184055419565,5,0,,,1762832317817,1762832317869,52,1762832317872
VCURIOSITY_33,Set_11_elong_glossy_3.glb,3,1762832317961-508420_before.png,1762832317961-508420_after.png,285.30014308818954,1.708184055419565,5,0,,,1762832317961,1762832318012,51,1762832318014
VCURIOSITY_33,Set_11_elong_glossy_3.glb,3,1762832318186-92191_before.png,1762832318186-92191_after.png,290.30014308818954,1.708184055419565,5,0,,,1762832318186,1762832318243,57,1762832318245
VCURIOSITY_33,Set_11_elong_glossy_3.glb,1,1762832322393-213338_before.png,1762832322393-213338_after.png,290.0892410978115,3.4352087100039057,-0.2109019903780336,1.7270246545842838,,,1762832322393,1762832322458,65,1762832322458
VCURIOSITY_33,Set_11_elong_glossy_3.glb,1,1762832322601-877512_before.png,1762832322601-877512_after.png,289.7366011369351,5.13913069934091,-0.3526399608763313,1.7039219893370046,,,1762832322601,1762832322665,64,1762832322665
VCURIOSITY_33,Set_11_elong_glossy_3.glb,1,1762832322777-765635_before.png,1762832322777-765635_after.png,289.24306389935305,6.808285482942495,-0.49353723758213164,1.6691547836015843,,,1762832322777,1762832322835,58,1762832322837
VCURIOSITY_33,Set_11_elong_glossy_3.glb,1,1762832323001-467480_before.png,1762832323001-467480_after.png,288.6099344598724,8.431006499901684,-0.6331294394806264,1.62272101695919,,,1762832323001,1762832323058,57,1762832323060
VCURIOSITY_33,Set_11_elong_glossy_3.glb,1,1762832325593-736123_before.png,1762832325593-736123_after.png,287.839104652507,9.995644914133322,-0.7708298073654305,1.5646384142316947,,,1762832325593,1762832325652,59,1762832325651
VCURIOSITY_33,Set_11_elong_glossy_3.glb,1,1762832325802-222847_before.png,1762832325802-222847_after.png,286.933203843415,11.490606627015097,-0.9059008090919178,1.4949617128818318,,,1762832325802,1762832325867,65,1762832325869
VCURIOSITY_33,Set_11_elong_glossy_3.glb,1,1762832325978-458885_before.png,1762832325978-458885_after.png,285.8957716336722,12.904410271776328,-1.0374322097427466,1.413803644761174,,,1762832325978,1762832326036,58,1762832326038
VCURIOSITY_33,Set_11_elong_glossy_3.glb,1,1762832326138-330214_before.png,1762832326138-330214_after.png,284.7314433069896,14.225769176410097,-1.1643283266826074,1.3213589046338257,,,1762832326138,1762832326189,51,1762832326192
VCURIOSITY_33,Set_11_elong_glossy_3.glb,0,1762832326425-924685_before.png,1762832326425-924685_after.png,285.8957716336722,12.904410271776328,1.1643283266826074,-1.3213589046338257,,,1762832326425,1762832326479,54,1762832326482
VCURIOSITY_33,Set_11_elong_glossy_3.glb,0,1762832326649-370879_before.png,1762832326649-370879_after.png,286.933203843415,11.490606627015097,1.0374322097427466,-1.413803644761174,,,1762832326649,1762832326707,58,1762832326708
VCURIOSITY_33,Set_11_elong_glossy_3.glb,0,1762832326825-256969_before.png,1762832326825-256969_after.png,287.83910465250693,9.99564491413338,0.9059008090919178,-1.494961712881718,,,1762832326825,1762832326877,52,1762832326879
VCURIOSITY_33,Set_11_elong_glossy_3.glb,0,1762832326985-484775_before.png,1762832326985-484775_after.png,288.6099344598724,8.431006499901684,0.7708298073655442,-1.5646384142316947,,,1762832326985,1762832327048,63,1762832327049
VCURIOSITY_33,Set_11_elong_glossy_3.glb,1,1762832332457-303494_before.png,1762832332457-303494_after.png,287.83910465250693,9.99564491413338,-0.7708298073655442,1.5646384142316947,,,1762832332457,1762832332513,56,1762832332515
VCURIOSITY_33,Set_11_elong_glossy_3.glb,1,1762832332633-652584_before.png,1762832332633-652584_after.png,286.93320384341496,11.490606627015097,-0.9059008090919178,1.494961712881718,,,1762832332633,1762832332696,63,1762832332694
VCURIOSITY_33,Set_11_elong_glossy_3.glb,1,1762832332777-86252_before.png,1762832332777-86252_after.png,285.8957716336722,12.904410271776328,-1.0374322097427466,1.413803644761174,,,1762832332777,1762832332835,58,1762832332833
VCURIOSITY_33,Set_11_elong_glossy_3.glb,-1,,,,,,,269.12961532502,4.923849754810817,,,,1762832366685
VCURIOSITY_33,Set_11_elong_glossy_3.glb,1,1762832368103-849012_before.png,1762832368103-849012_after.png,268.7028313763686,4.829217342540062,-0.4267839486514049,-0.09463241227081198,,,1762832368103,1762832368154,51,1762832368158
VCURIOSITY_33,Set_11_elong_glossy_3.glb,1,1762832368607-63246_before.png,1762832368607-63246_after.png,268.286056385971,4.697763659989903,-0.4167749903975846,-0.1314536825501591,,,1762832368607,1762832368659,52,1762832368661
VCURIOSITY_33,Set_11_elong_glossy_3.glb,1,1762832368668-406014_before.png,1762832368668-406014_after.png,267.8824928601617,4.530509156437176,-0.403563525809318,-0.16725450355272642,,,1762832368668,1762832368719,51,1762832368723
VCURIOSITY_33,Set_11_elong_glossy_3.glb,1,1762832368735-430449_before.png,1762832368735-430449_after.png,267.49523127846334,4.328750013155229,-0.3872615816983398,-0.20175914328194722,,,1762832368735,1762832368786,51,1762832368789
VCURIOSITY_33,Set_11_elong_glossy_3.glb,1,1762832368811-831652_before.png,1762832368811-831652_after.png,267.1272252835512,4.094046680932536,-0.36800599491220964,-0.23470333222269346,,,1762832368811,1762832368861,50,1762832368865
VCURIOSITY_33,Set_11_elong_glossy_3.glb,1,1762832368878-820338_before.png,1762832368878-820338_after.png,266.7812687948076,3.8282102958392557,-0.34595648874358176,-0.2658363850932801,,,1762832368878,1762832368928,50,1762832368931
VCURIOSITY_33,Set_11_elong_glossy_3.glb,1,1762832368938-301624_before.png,1762832368938-301624_after.png,266.4599752426436,3.533287194630816,-0.32129355216397926,-0.2949231012084965,,,1762832368938,1762832368988,50,1762832368993
VCURIOSITY_33,Set_11_elong_glossy_3.glb,1,1762832368999-678788_before.png,1762832368999-678788_after.png,266.16575904159987,3.2115417642272064,-0.29421620104380963,-0.32174543040355275,,,1762832368999,1762832369052,53,1762832369056
VCURIOSITY_33,Set_11_elong_glossy_3.glb,1,1762832369075-102952_before.png,1762832369075-102952_after.png,265.90081934406993,2.8654378628952486,-0.2649396975299396,-0.3461039013319578,,,1762832369075,1762832369132,57,1762832369135
VCURIOSITY_33,Set_11_elong_glossy_3.glb,1,1762832369170-477805_before.png,1762832369170-477805_after.png,265.66712604792843,2.4976190449199294,-0.23369329614149592,-0.3678188179753761,,,1762832369170,1762832369225,55,1762832369228
VCURIOSITY_33,Set_11_elong_glossy_3.glb,1,1762832369234-280070_before.png,1762832369234-280070_after.png,265.46640797422543,2.1108878070289734,-0.2007180737030012,-0.38673123789089914,,,1762832369234,1762832369290,56,1762832369294
VCURIOSITY_33,Set_11_elong_glossy_3.glb,1,1762832369330-512177_before.png,1762832369330-512177_after.png,265.30014308818954,1.708184055419565,-0.16626488603583311,-0.40270375160935146,,,1762832369330,1762832369383,53,1762832369383
VCURIOSITY_33,Set_11_elong_glossy_3.glb,2,1762832372616-925803_before.png,1762832372616-925803_after.png,260.30014308818954,1.708184055419565,-5,0,,,1762832372616,1762832372682,66,1762832372686
VCURIOSITY_33,Set_11_elong_glossy_3.glb,2,1762832372840-501623_before.png,1762832372840-501623_after.png,255.30014308818951,1.708184055419565,-5,0,,,1762832372840,1762832372898,58,1762832372904
VCURIOSITY_33,Set_11_elong_glossy_3.glb,2,1762832373030-194101_before.png,1762832373030-194101_after.png,250.30014308818954,1.708184055419565,-5,0,,,1762832373030,1762832373087,57,1762832373086
VCURIOSITY_33,Set_11_elong_glossy_3.glb,2,1762832373175-398824_before.png,1762832373175-398824_after.png,245.3001430881895,1.708184055419565,-5,0,,,1762832373175,1762832373232,57,1762832373236
VCURIOSITY_33,Set_11_elong_glossy_3.glb,2,1762832373368-547172_before.png,1762832373368-547172_after.png,240.30014308818954,1.708184055419565,-5,0,,,1762832373368,1762832373419,51,1762832373421
VCURIOSITY_33,Set_11_elong_glossy_3.glb,2,1762832373560-352276_before.png,1762832373560-352276_after.png,235.30014308818954,1.708184055419565,-5,0,,,1762832373560,1762832373622,62,1762832373621
VCURIOSITY_33,Set_11_elong_glossy_3.glb,2,1762832373719-197966_before.png,1762832373719-197966_after.png,230.30014308818957,1.708184055419565,-5,0,,,1762832373719,1762832373779,60,1762832373781
VCURIOSITY_33,Set_11_elong_glossy_3.glb,2,1762832373880-915653_before.png,1762832373880-915653_after.png,225.30014308818957,1.708184055419565,-5,0,,,1762832373879,1762832373934,55,1762832373935
VCURIOSITY_33,Set_11_elong_glossy_3.glb,2,1762832374023-287589_before.png,1762832374023-287589_after.png,220.30014308818954,1.708184055419565,-5,0,,,1762832374023,1762832374083,60,1762832374083
VCURIOSITY_33,Set_11_elong_glossy_3.glb,2,1762832374183-291192_before.png,1762832374183-291192_after.png,215.30014308818951,1.708184055419565,-5,0,,,1762832374183,1762832374246,63,1762832374245
VCURIOSITY_33,Set_11_elong_glossy_3.glb,2,1762832374359-804024_before.png,1762832374359-804024_after.png,210.30014308818957,1.708184055419565,-5,0,,,1762832374359,1762832374423,64,1762832374424
VCURIOSITY_33,Set_11_elong_glossy_3.glb,2,1762832374488-589865_before.png,1762832374488-589865_after.png,205.30014308818954,1.708184055419565,-5,0,,,1762832374487,1762832374543,56,1762832374544
VCURIOSITY_33,Set_11_elong_glossy_3.glb,1,1762832580717-503911_before.png,1762832580717-503911_after.png,205.32075438463983,357.18763678351746,0.02061129645028359,-4.52054727190216,,,1762832580717,1762832580770,53,1762832580773
VCURIOSITY_33,Set_11_elong_glossy_3.glb,1,1762832580942-78258_before.png,1762832580942-78258_after.png,205.5112880462987,352.6710261278682,0.1905336616588329,-4.516610655649288,,,1762832580942,1762832580996,54,1762832580996
VCURIOSITY_33,Set_11_elong_glossy_3.glb,1,1762832581070-292864_before.png,1762832581070-292864_after.png,205.8774877311584,348.16486825294606,0.36619968485968,-4.50615787492211,,,1762832581070,1762832581129,59,1762832581132
VCURIOSITY_33,Set_11_elong_glossy_3.glb,1,1762832581278-375151_before.png,1762832581278-375151_after.png,206.43059017646428,343.6762015000047,0.5531024453058535,-4.488666752941299,,,1762832581278,1762832581342,64,1762832581341
VCURIOSITY_33,Set_11_elong_glossy_3.glb,1,1762832581486-264962_before.png,1762832581486-264962_after.png,207.18805307420968,339.21296582139104,0.7574628977454267,-4.463235678613728,,,1762832581486,1762832581544,58,1762832581544
VCURIOSITY_33,Set_11_elong_glossy_3.glb,2,1762832581805-90716_before.png,1762832581805-90716_after.png,202.18805307420968,339.21296582139104,-5,0,,,1762832581805,1762832581862,57,1762832581862
VCURIOSITY_33,Set_11_elong_glossy_3.glb,2,1762832582030-765010_before.png,1762832582030-765010_after.png,197.18805307420968,339.21296582139104,-5,0,,,1762832582029,1762832582092,63,1762832582092
VCURIOSITY_33,Set_11_elong_glossy_3.glb,3,1762832582446-162692_before.png,1762832582446-162692_after.png,202.18805307420965,339.21296582139104,5,0,,,1762832582446,1762832582505,59,1762832582510
VCURIOSITY_33,Set_11_elong_glossy_3.glb,3,1762832582654-881795_before.png,1762832582654-881795_after.png,207.18805307420962,339.21296582139104,5,0,,,1762832582654,1762832582715,61,1762832582714
VCURIOSITY_33,Set_11_elong_glossy_3.glb,3,1762832582830-862699_before.png,1762832582830-862699_after.png,212.18805307420965,339.21296582139104,5,0,,,1762832582830,1762832582884,54,1762832582885
VCURIOSITY_33,Set_11_elong_glossy_3.glb,1,1762832586829-552021_before.png,1762832586829-552021_after.png,213.33111550408574,335.00723293842964,1.1430624298760677,-4.205732882961456,,,1762832586829,1762832586889,60,1762832586888
VCURIOSITY_33,Set_11_elong_glossy_3.glb,1,1762832587022-977421_before.png,1762832587022-977421_after.png,214.76238894506812,330.8631808422171,1.4312734409824088,-4.14405209621259,,,1762832587022,1762832587076,54,1762832587076
VCURIOSITY_33,Set_11_elong_glossy_3.glb,1,1762832587183-681262_before.png,1762832587183-681262_after.png,216.52606365276074,326.7985682311435,1.763674707692644,-4.064612611073585,,,1762832587183,1762832587244,61,1762832587247
VCURIOSITY_33,Set_11_elong_glossy_3.glb,-1,,,,,,,269.12961532502,4.923849754810817,,,,1762832822730
VCURIOSITY_33,Set_11_elong_glossy_3.glb,1,1762832824004-931347_before.png,1762832824004-931347_after.png,268.7028313763686,4.829217342540062,-0.4267839486514049,-0.09463241227081198,,,1762832824004,1762832824056,52,1762832824058
VCURIOSITY_33,Set_11_elong_glossy_3.glb,1,1762832824196-390033_before.png,1762832824196-390033_after.png,268.286056385971,4.697763659989903,-0.4167749903975846,-0.1314536825501591,,,1762832824196,1762832824246,50,1762832824245
VCURIOSITY_33,Set_11_elong_glossy_3.glb,1,1762832824404-424558_before.png,1762832824404-424558_after.png,267.8824928601617,4.530509156437176,-0.403563525809318,-0.16725450355272642,,,1762832824404,1762832824458,54,1762832824456
VCURIOSITY_33,Set_11_elong_glossy_3.glb,1,1762832826964-934445_before.png,1762832826964-934445_after.png,267.49523127846334,4.328750013155229,-0.3872615816983398,-0.20175914328194722,,,1762832826964,1762832827015,51,1762832827018
VCURIOSITY_33,Set_11_elong_glossy_3.glb,1,1762832827220-586114_before.png,1762832827220-586114_after.png,267.1272252835512,4.094046680932536,-0.36800599491220964,-0.23470333222269346,,,1762832827220,1762832827270,50,1762832827272
VCURIOSITY_33,Set_11_elong_glossy_3.glb,1,1762832827413-190705_before.png,1762832827413-190705_after.png,266.7812687948076,3.8282102958392557,-0.34595648874358176,-0.2658363850932801,,,1762832827413,1762832827464,51,1762832827467
VCURIOSITY_33,Set_11_elong_glossy_3.glb,3,1762832828180-533341_before.png,1762832828180-533341_after.png,271.78126879480766,3.8282102958392557,5,0,,,1762832828180,1762832828234,54,1762832828234
VCURIOSITY_33,Set_11_elong_glossy_3.glb,3,1762832828372-379512_before.png,1762832828372-379512_after.png,276.7812687948076,3.8282102958392557,5,0,,,1762832828372,1762832828424,52,1762832828423
VCURIOSITY_33,Set_11_elong_glossy_3.glb,3,1762832828548-837875_before.png,1762832828548-837875_after.png,281.7812687948076,3.8282102958392557,5,0,,,1762832828548,1762832828603,55,1762832828606
VCURIOSITY_33,Set_11_elong_glossy_3.glb,1,1762832828981-476592_before.png,1762832828981-476592_after.png,281.4100860392442,4.833848136801805,-0.37118275556338176,1.0056378409625495,,,1762832828981,1762832829032,51,1762832829035
VCURIOSITY_33,Set_11_elong_glossy_3.glb,1,1762832829486-780180_before.png,1762832829486-780180_after.png,280.9531275567549,5.804045627949563,-0.4569584824893127,0.9701974911477009,,,1762832829486,1762832829537,51,1762832829538
VCURIOSITY_33,Set_11_elong_glossy_3.glb,1,1762832829551-564442_before.png,1762832829551-564442_after.png,280.41314200439,6.731511200567866,-0.5399855523648966,0.9274655726183028,,,1762832829551,1762832829604,53,1762832829605
VCURIOSITY_33,Set_11_elong_glossy_3.glb,1,1762832829619-159488_before.png,1762832829619-159488_after.png,279.793481821415,7.609182100308715,-0.6196601829749397,0.877670899740906,,,1762832829619,1762832829669,50,1762832829672
VCURIOSITY_33,Set_11_elong_glossy_3.glb,1,1762832829685-800478_before.png,1762832829685-800478_after.png,279.09812778202047,8.430277412328678,-0.6953540393944877,0.8210953120199065,,,1762832829685,1762832829736,51,1762832829737
VCURIOSITY_33,Set_11_elong_glossy_3.glb,1,1762832829752-567685_before.png,1762832829752-567685_after.png,278.3317085388941,9.188355408758753,-0.7664192431263928,0.7580779964300746,,,1762832829752,1762832829807,55,1762832829809
VCURIOSITY_33,Set_11_elong_glossy_3.glb,1,1762832829823-452230_before.png,1762832829823-452230_after.png,277.4995116897958,9.877374604967258,-0.8321968490982954,0.6890191962085055,,,1762832829823,1762832829876,53,1762832829876
VCURIOSITY_33,Set_11_elong_glossy_3.glb,1,1762832829918-104593_before.png,1762832829918-104593_after.png,276.6074829557657,10.49175744818956,-0.8920287340300774,0.6143828432223017,,,1762832829918,1762832829969,51,1762832829967
VCURIOSITY_33,Set_11_elong_glossy_3.glb,1,1762832830308-225421_before.png,1762832830308-225421_after.png,275.66221038999333,11.026455109590927,-0.9452725657723704,0.5346976614014238,,,1762832830308,1762832830359,51,1762832830362
VCURIOSITY_33,Set_11_elong_glossy_3.glb,1,1762832830676-971367_before.png,1762832830676-971367_after.png,274.67089116729755,11.477011448225198,-0.991319222695779,0.4505563386342146,,,1762832830676,1762832830727,51,1762832830728
VCURIOSITY_33,Set_11_elong_glossy_3.glb,1,1762832830964-841503_before.png,1762832830964-841503_after.png,273.6412794317963,11.839623906163638,-1.0296117355012484,0.36261245793843955,,,1762832830964,1762832831017,53,1762832831019
VCURIOSITY_33,Set_11_elong_glossy_3.glb,3,1762832831476-634402_before.png,1762832831476-634402_after.png,278.64127943179636,11.839623906163638,5,0,,,1762832831476,1762832831527,51,1762832831525
VCURIOSITY_33,Set_11_elong_glossy_3.glb,3,1762832831734-47711_before.png,1762832831734-47711_after.png,283.6412794317963,11.839623906163638,5,0,,,1762832831734,1762832831786,52,1762832831788
VCURIOSITY_33,Set_11_elong_glossy_3.glb,3,1762832831958-447370_before.png,1762832831958-447370_after.png,288.6412794317963,11.839623906163638,5,0,,,1762832831958,1762832832010,52,1762832832012
VCURIOSITY_33,Set_11_elong_glossy_3.glb,3,1762832832133-644654_before.png,1762832832133-644654_after.png,293.6412794317963,11.839623906163638,5,0,,,1762832832133,1762832832189,56,1762832832192
VCURIOSITY_33,Set_11_elong_glossy_3.glb,3,1762832832639-904749_before.png,1762832832639-904749_after.png,298.6412794317963,11.839623906163638,5,0,,,1762832832639,1762832832690,51,1762832832691
VCURIOSITY_33,Set_11_elong_glossy_3.glb,3,1762832832703-271741_before.png,1762832832703-271741_after.png,303.6412794317963,11.839623906163638,5,0,,,1762832832703,1762832832756,53,1762832832758
VCURIOSITY_33,Set_11_elong_glossy_3.glb,3,1762832832770-576699_before.png,1762832832770-576699_after.png,308.6412794317963,11.839623906163638,5,0,,,1762832832770,1762832832825,55,1762832832828
VCURIOSITY_33,Set_11_elong_glossy_3.glb,3,1762832832867-837709_before.png,1762832832867-837709_after.png,313.6412794317963,11.839623906163638,5,0,,,1762832832867,1762832832917,50,1762832832920
VCURIOSITY_33,Set_11_elong_glossy_3.glb,3,1762832832941-870243_before.png,1762832832941-870243_after.png,318.6412794317963,11.839623906163638,5,0,,,1762832832940,1762832832991,51,1762832832992
VCURIOSITY_33,Set_11_elong_glossy_3.glb,3,1762832832999-746728_before.png,1762832832999-746728_after.png,323.6412794317963,11.839623906163638,5,0,,,1762832832999,1762832833050,51,1762832833052
VCURIOSITY_33,Set_11_elong_glossy_3.glb,3,1762832833065-425176_before.png,1762832833065-425176_after.png,328.6412794317963,11.839623906163638,5,0,,,1762832833065,1762832833115,50,1762832833113
VCURIOSITY_33,Set_11_elong_glossy_3.glb,3,1762832833131-721000_before.png,1762832833131-721000_after.png,333.6412794317963,11.839623906163638,5,0,,,1762832833131,1762832833182,51,1762832833179
VCURIOSITY_33,Set_11_elong_glossy_3.glb,3,1762832833428-116304_before.png,1762832833428-116304_after.png,338.64127943179636,11.839623906163638,5,0,,,1762832833428,1762832833479,51,1762832833480
VCURIOSITY_33,Set_11_elong_glossy_3.glb,3,1762832833636-783587_before.png,1762832833636-783587_after.png,343.64127943179636,11.839623906163638,5,0,,,1762832833636,1762832833690,54,1762832833693
VCURIOSITY_33,Set_11_elong_glossy_3.glb,3,1762832833844-132896_before.png,1762832833844-132896_after.png,348.64127943179636,11.839623906163638,5,0,,,1762832833844,1762832833894,50,1762832833896
VCURIOSITY_33,Set_11_elong_glossy_3.glb,3,1762832834036-622608_before.png,1762832834036-622608_after.png,353.64127943179636,11.839623906163638,5,0,,,1762832834036,1762832834090,54,1762832834090
VCURIOSITY_33,Set_11_elong_glossy_3.glb,3,1762832834244-369710_before.png,1762832834244-369710_after.png,358.64127943179636,11.839623906163638,5,0,,,1762832834244,1762832834295,51,1762832834296
VCURIOSITY_33,Set_11_elong_glossy_3.glb,3,1762832834436-171797_before.png,1762832834436-171797_after.png,3.64127943179642,11.839623906163638,5.000000000000057,0,,,1762832834436,1762832834490,54,1762832834491
VCURIOSITY_33,Set_11_elong_glossy_3.glb,3,1762832834660-400208_before.png,1762832834660-400208_after.png,8.64127943179642,11.839623906163638,5,0,,,1762832834660,1762832834711,51,1762832834714
VCURIOSITY_33,Set_11_elong_glossy_3.glb,3,1762832834820-549661_before.png,1762832834820-549661_after.png,13.64127943179642,11.839623906163638,5,0,,,1762832834820,1762832834872,52,1762832834874
VCURIOSITY_33,Set_11_elong_glossy_3.glb,3,1762832835325-941124_before.png,1762832835325-941124_after.png,18.641279431796477,11.839623906163638,5,0,,,1762832835325,1762832835377,52,1762832835376
VCURIOSITY_33,Set_11_elong_glossy_3.glb,3,1762832835385-635349_before.png,1762832835385-635349_after.png,23.641279431796477,11.839623906163638,5,0,,,1762832835385,1762832835439,54,1762832835436
VCURIOSITY_33,Set_11_elong_glossy_3.glb,3,1762832835454-689439_before.png,1762832835454-689439_after.png,28.641279431796477,11.839623906163638,5,0,,,1762832835454,1762832835505,51,1762832835507
VCURIOSITY_33,Set_11_elong_glossy_3.glb,3,1762832835533-983725_before.png,1762832835533-983725_after.png,33.641279431796534,11.839623906163638,5,0,,,1762832835533,1762832835586,53,1762832835589
VCURIOSITY_33,Set_11_elong_glossy_3.glb,3,1762832835620-32898_before.png,1762832835620-32898_after.png,38.641279431796534,11.839623906163638,5,0,,,1762832835620,1762832835670,50,1762832835672
VCURIOSITY_33,Set_11_elong_glossy_3.glb,3,1762832835686-336893_before.png,1762832835686-336893_after.png,43.641279431796534,11.839623906163638,5,0,,,1762832835686,1762832835736,50,1762832835738
VCURIOSITY_33,Set_11_elong_glossy_3.glb,3,1762832835764-519775_before.png,1762832835764-519775_after.png,48.64127943179659,11.839623906163638,5,0,,,1762832835764,1762832835815,51,1762832835817
VCURIOSITY_33,Set_11_elong_glossy_3.glb,3,1762832835860-219415_before.png,1762832835860-219415_after.png,53.64127943179659,11.839623906163638,5,0,,,1762832835860,1762832835915,55,1762832835918
VCURIOSITY_33,Set_11_elong_glossy_3.glb,3,1762832835947-721120_before.png,1762832835947-721120_after.png,58.64127943179659,11.839623906163638,5,0,,,1762832835947,1762832836003,56,1762832836004
VCURIOSITY_33,Set_11_elong_glossy_3.glb,3,1762832836017-258826_before.png,1762832836017-258826_after.png,63.64127943179659,11.839623906163695,5,0,,,1762832836017,1762832836072,55,1762832836074
VCURIOSITY_33,Set_11_elong_glossy_3.glb,3,1762832836091-765022_before.png,1762832836091-765022_after.png,68.64127943179665,11.839623906163695,5,0,,,1762832836091,1762832836141,50,1762832836138
VCURIOSITY_33,Set_11_elong_glossy_3.glb,3,1762832836184-241844_before.png,1762832836184-241844_after.png,73.64127943179659,11.839623906163638,5,0,,,1762832836184,1762832836236,52,1762832836238
VCURIOSITY_33,Set_11_elong_glossy_3.glb,3,1762832836243-353059_before.png,1762832836243-353059_after.png,78.64127943179665,11.839623906163638,5,0,,,1762832836243,1762832836297,54,1762832836297
VCURIOSITY_33,Set_11_elong_glossy_3.glb,3,1762832836313-325828_before.png,1762832836313-325828_after.png,83.64127943179665,11.839623906163695,5,0,,,1762832836313,1762832836366,53,1762832836368
VCURIOSITY_33,Set_11_elong_glossy_3.glb,3,1762832836389-708728_before.png,1762832836389-708728_after.png,88.6412794317967,11.839623906163695,5,0,,,1762832836389,1762832836441,52,1762832836444
VCURIOSITY_33,Set_11_elong_glossy_3.glb,3,1762832836487-912375_before.png,1762832836487-912375_after.png,93.6412794317967,11.839623906163695,5,0,,,1762832836487,1762832836538,51,1762832836541
VCURIOSITY_33,Set_11_elong_glossy_3.glb,3,1762832836583-309988_before.png,1762832836583-309988_after.png,98.6412794317967,11.839623906163695,5,0,,,1762832836583,1762832836636,53,1762832836638
VCURIOSITY_33,Set_11_elong_glossy_3.glb,3,1762832836680-883859_before.png,1762832836680-883859_after.png,103.6412794317967,11.839623906163695,5,0,,,1762832836680,1762832836735,55,1762832836732
VCURIOSITY_33,Set_11_elong_glossy_3.glb,3,1762832836778-291242_before.png,1762832836778-291242_after.png,108.64127943179676,11.839623906163695,5,0,,,1762832836778,1762832836835,57,1762832836836
VCURIOSITY_33,Set_11_elong_glossy_3.glb,3,1762832836872-83045_before.png,1762832836872-83045_after.png,113.6412794317967,11.839623906163638,5,0,,,1762832836872,1762832836926,54,1762832836929
VCURIOSITY_33,Set_11_elong_glossy_3.glb,3,1762832836936-403301_before.png,1762832836936-403301_after.png,118.6412794317967,11.839623906163638,5,0,,,1762832836936,1762832836994,58,1762832836995
VCURIOSITY_33,Set_11_elong_glossy_3.glb,3,1762832837008-399274_before.png,1762832837008-399274_after.png,123.64127943179665,11.839623906163638,5,0,,,1762832837008,1762832837058,50,1762832837060
VCURIOSITY_33,Set_11_elong_glossy_3.glb,3,1762832837082-979953_before.png,1762832837082-979953_after.png,128.64127943179665,11.839623906163638,5,0,,,1762832837082,1762832837144,62,1762832837146
VCURIOSITY_33,Set_11_elong_glossy_3.glb,3,1762832837167-169157_before.png,1762832837167-169157_after.png,133.64127943179665,11.839623906163638,5,0,,,1762832837167,1762832837217,50,1762832837219
VCURIOSITY_33,Set_11_elong_glossy_3.glb,3,1762832837243-881869_before.png,1762832837243-881869_after.png,138.64127943179665,11.839623906163638,5,0,,,1762832837243,1762832837296,53,1762832837299
VCURIOSITY_33,Set_11_elong_glossy_3.glb,3,1762832837346-497694_before.png,1762832837346-497694_after.png,143.64127943179665,11.839623906163638,5,0,,,1762832837346,1762832837399,53,1762832837402
VCURIOSITY_33,Set_11_elong_glossy_3.glb,3,1762832837432-152797_before.png,1762832837432-152797_after.png,148.6412794317966,11.839623906163638,5,0,,,1762832837432,1762832837490,58,1762832837492
VCURIOSITY_33,Set_11_elong_glossy_3.glb,3,1762832837498-70567_before.png,1762832837498-70567_after.png,153.64127943179665,11.839623906163638,5,0,,,1762832837498,1762832837549,51,1762832837550
VCURIOSITY_33,Set_11_elong_glossy_3.glb,3,1762832837565-980450_before.png,1762832837565-980450_after.png,158.64127943179653,11.839623906163638,4.999999999999886,0,,,1762832837565,1762832837615,50,1762832837617
VCURIOSITY_33,Set_11_elong_glossy_3.glb,3,1762832837638-750787_before.png,1762832837638-750787_after.png,163.64127943179653,11.839623906163638,5,0,,,1762832837638,1762832837691,53,1762832837692
VCURIOSITY_33,Set_11_elong_glossy_3.glb,3,1762832837699-100519_before.png,1762832837699-100519_after.png,168.64127943179653,11.839623906163638,5,0,,,1762832837699,1762832837749,50,1762832837752
VCURIOSITY_33,Set_11_elong_glossy_3.glb,3,1762832837767-324637_before.png,1762832837767-324637_after.png,173.64127943179642,11.839623906163638,4.999999999999886,0,,,1762832837767,1762832837817,50,1762832837820
VCURIOSITY_33,Set_11_elong_glossy_3.glb,3,1762832837827-940778_before.png,1762832837827-940778_after.png,178.64127943179642,11.839623906163638,5,0,,,1762832837827,1762832837877,50,1762832837880
VCURIOSITY_33,Set_11_elong_glossy_3.glb,3,1762832837896-849523_before.png,1762832837896-849523_after.png,183.6412794317964,11.839623906163638,5,0,,,1762832837896,1762832837947,51,1762832837946
VCURIOSITY_33,Set_11_elong_glossy_3.glb,3,1762832837976-196006_before.png,1762832837976-196006_after.png,188.64127943179636,11.839623906163638,5,0,,,1762832837976,1762832838032,56,1762832838033
VCURIOSITY_33,Set_11_elong_glossy_3.glb,3,1762832838069-940737_before.png,1762832838069-940737_after.png,193.64127943179633,11.839623906163638,5,0,,,1762832838069,1762832838120,51,1762832838120
VCURIOSITY_33,Set_11_elong_glossy_3.glb,3,1762832838128-724179_before.png,1762832838128-724179_after.png,198.6412794317963,11.839623906163581,5,0,,,1762832838128,1762832838180,52,1762832838183
VCURIOSITY_33,Set_11_elong_glossy_3.glb,3,1762832838199-374388_before.png,1762832838199-374388_after.png,203.64127943179628,11.839623906163581,5,0,,,1762832838199,1762832838250,51,1762832838251
VCURIOSITY_33,Set_11_elong_glossy_3.glb,0,1762832838724-238119_before.png,1762832838724-238119_after.png,204.15131488883637,16.41154578046394,0.5100354570400896,4.571921874300415,,,1762832838724,1762832838777,53,1762832838779
VCURIOSITY_33,Set_11_elong_glossy_3.glb,0,1762832839233-638276_before.png,1762832839233-638276_after.png,204.85311739778936,20.96185370945426,0.7018025089530511,4.550307928990378,,,1762832839233,1762832839284,51,1762832839286
VCURIOSITY_33,Set_11_elong_glossy_3.glb,0,1762832839293-464692_before.png,1762832839293-464692_after.png,205.7709245837517,25.482487150846225,0.9178071859623742,4.520633441391965,,,1762832839293,1762832839344,51,1762832839345
VCURIOSITY_33,Set_11_elong_glossy_3.glb,0,1762832839368-823098_before.png,1762832839368-823098_after.png,206.9381520452273,29.963601001311304,1.1672274614755906,4.481113850465135,,,1762832839368,1762832839420,52,1762832839422
VCURIOSITY_33,Set_11_elong_glossy_3.glb,0,1762832839437-60918_before.png,1762832839437-60918_after.png,208.4000145607629,34.392788576923124,1.4618625155355858,4.429187575611877,,,1762832839437,1762832839489,52,1762832839491
VCURIOSITY_33,Set_11_elong_glossy_3.glb,0,1762832839532-560191_before.png,1762832839532-560191_after.png,210.21720451036364,38.75397798006418,1.8171899496007882,4.3611894031409975,,,1762832839532,1762832839588,56,1762832839591
VCURIOSITY_33,Set_11_elong_glossy_3.glb,0,1762832839636-319869_before.png,1762832839636-319869_after.png,212.47093174071924,43.02583160567457,2.2537272303555937,4.271853625610447,,,1762832839636,1762832839689,53,1762832839691
VCURIOSITY_33,Set_11_elong_glossy_3.glb,0,1762832839721-904845_before.png,1762832839721-904845_after.png,215.26955504507643,47.179396668217066,2.798623304357193,4.153565062542498,,,1762832839721,1762832839773,52,1762832839775
VCURIOSITY_33,Set_11_elong_glossy_3.glb,0,1762832839798-641333_before.png,1762832839798-641333_after.png,218.75658269015875,51.17465415054767,3.487027645082321,3.995257482330544,,,1762832839798,1762832839849,51,1762832839848
VCURIOSITY_33,Set_11_elong_glossy_3.glb,0,1762832839865-70357_before.png,1762832839865-70357_after.png,223.1183265396144,54.95554649205479,4.361743849455706,3.7808923415070694,,,1762832839865,1762832839919,54,1762832839921
VCURIOSITY_33,Set_11_elong_glossy_3.glb,0,1762832839951-909809_before.png,1762832839951-909809_after.png,228.58550848998917,58.44322688116813,5.467181950374766,3.487680389113393,,,1762832839951,1762832840004,53,1762832840005
VCURIOSITY_33,Set_11_elong_glossy_3.glb,0,1762832840020-406450_before.png,1762832840020-406450_after.png,235.41432240233985,61.528227146485904,6.828813912350711,3.085000265317831,,,1762832840020,1762832840071,51,1762832840073
VCURIOSITY_33,Set_11_elong_glossy_3.glb,0,1762832840090-929818_before.png,1762832840090-929818_after.png,243.81876578680897,64.06516350114043,8.404443384469118,2.536936354654472,,,1762832840090,1762832840141,51,1762832840140
VCURIOSITY_33,Set_11_elong_glossy_3.glb,0,1762832840151-289368_before.png,1762832840151-289368_after.png,253.82351909091471,65.87947283409994,10.004753304105748,1.8143093329595104,,,1762832840151,1762832840203,52,1762832840205
VCURIOSITY_33,Set_11_elong_glossy_3.glb,0,1762832840221-162908_before.png,1762832840221-162908_after.png,265.06750318395217,66.80031678806444,11.243984093037398,0.9208439539645497,,,1762832840221,1762832840271,50,1762832840274
VCURIOSITY_33,Set_11_elong_glossy_3.glb,0,1762832840282-92469_before.png,1762832840282-92469_after.png,276.73743060837,66.72110453774565,11.669927424417892,-0.07921225031873291,,,1762832840282,1762832840334,52,1762832840334
VCURIOSITY_33,Set_11_elong_glossy_3.glb,0,1762832840365-142399_before.png,1762832840365-142399_after.png,287.831593938695,65.65162016028358,11.094163330325046,-1.069484377462004,,,1762832840365,1762832840424,59,1762832840425
VCURIOSITY_33,Set_11_elong_glossy_3.glb,0,1762832840454-302035_before.png,1762832840454-302035_after.png,297.59890373840256,63.712781800351365,9.767309799707618,-1.9388383599322196,,,1762832840454,1762832840513,59,1762832840514
VCURIOSITY_33,Set_11_elong_glossy_3.glb,0,1762832840547-69247_before.png,1762832840547-69247_after.png,305.7491408365852,61.07948996577983,8.150237098182629,-2.633291834571537,,,1762832840547,1762832840599,52,1762832840601
VCURIOSITY_33,Set_11_elong_glossy_3.glb,0,1762832840623-97472_before.png,1762832840623-97472_after.png,312.34938349996696,57.923110667148705,6.600242663381778,-3.1563792986311228,,,1762832840623,1762832840677,54,1762832840679
VCURIOSITY_33,Set_11_elong_glossy_3.glb,0,1762832840724-690107_before.png,1762832840724-690107_after.png,317.62766369774636,54.38341069980146,5.278280197779395,-3.5396999673472465,,,1762832840724,1762832840778,54,1762832840782
VCURIOSITY_33,Set_11_elong_glossy_3.glb,0,1762832840811-762043_before.png,1762832840811-762043_after.png,321.83900223453315,50.56459999534553,4.211338536786798,-3.8188107044559274,,,1762832840811,1762832840865,54,1762832840867
VCURIOSITY_33,Set_11_elong_glossy_3.glb,0,1762832840875-949222_before.png,1762832840875-949222_after.png,325.2076717087482,46.54146603680226,3.3686694742150394,-4.023133958543212,,,1762832840875,1762832840927,52,1762832840929
VCURIOSITY_33,Set_11_elong_glossy_3.glb,0,1762832840952-962295_before.png,1762832840952-962295_after.png,327.91294551835136,42.36716824310349,2.7052738096031135,-4.17429779369877,,,1762832840952,1762832841006,54,1762832841007
VCURIOSITY_33,Set_11_elong_glossy_3.glb,0,1762832841015-397012_before.png,1762832841015-397012_after.png,330.09230528483505,38.07971775844095,2.1793597664836852,-4.287450484662486,,,1762832841015,1762832841066,51,1762832841068
VCURIOSITY_33,Set_11_elong_glossy_3.glb,0,1762832841074-444699_before.png,1762832841074-444699_after.png,331.8493795563981,33.70668657208961,1.7570742715630558,-4.373031186351341,,,1762832841074,1762832841128,54,1762832841130
VCURIOSITY_33,Set_11_elong_glossy_3.glb,0,1762832841147-307108_before.png,1762832841147-307108_after.png,333.2617866872213,29.268459892288092,1.4124071308231123,-4.4382266798015735,,,1762832841147,1762832841199,52,1762832841201
VCURIOSITY_33,Set_11_elong_glossy_3.glb,0,1762832841209-224969_before.png,1762832841209-224969_after.png,334.387514074126,24.780448337930807,1.125727386904714,-4.488011554357286,,,1762832841209,1762832841260,51,1762832841264
VCURIOSITY_33,Set_11_elong_glossy_3.glb,0,1762832841281-567777_before.png,1762832841281-567777_after.png,335.26972639146345,20.25459681024438,0.8822123173374621,-4.525851527686427,,,1762832841281,1762832841332,51,1762832841334
VCURIOSITY_33,Set_11_elong_glossy_3.glb,0,1762832841372-141588_before.png,1762832841372-141588_after.png,335.94025971320247,15.700427758828653,0.670533321738958,-4.5541690514157835,,,1762832841372,1762832841424,52,1762832841427
VCURIOSITY_33,Set_11_elong_glossy_3.glb,0,1762832841441-381664_before.png,1762832841441-381664_after.png,336.4221031687521,11.12577864541987,0.48184345554955144,-4.574649113408782,,,1762832841441,1762832841494,53,1762832841492
VCURIOSITY_33,Set_11_elong_glossy_3.glb,0,1762832841503-118840_before.png,1762832841503-118840_after.png,336.73111947779785,6.537339818369389,0.3090163090457736,-4.5884388270504814,,,1762832841503,1762832841556,53,1762832841558
VCURIOSITY_33,Set_11_elong_glossy_3.glb,0,1762832841572-456910_before.png,1762832841572-456910_after.png,336.8771889757189,1.941064208245848,0.1460694979210757,-4.5962756101234845,,,1762832841572,1762832841623,51,1762832841624
VCURIOSITY_33,Set_11_elong_glossy_3.glb,0,1762832841635-239019_before.png,1762832841635-239019_after.png,336.8649018431057,357.34249848179803,-0.012287132613209906,-4.5985657264477595,,,1762832841635,1762832841688,53,1762832841684
VCURIOSITY_33,Set_11_elong_glossy_3.glb,0,1762832841704-978846_before.png,1762832841704-978846_after.png,336.693873949756,352.7470723599503,-0.17102789334967383,-4.595426121847709,,,1762832841704,1762832841756,52,1762832841758
VCURIOSITY_33,Set_11_elong_glossy_3.glb,0,1762832841774-144801_before.png,1762832841774-144801_after.png,336.3587205682036,348.1603760938364,-0.3351533815523453,-4.586696266113904,,,1762832841774,1762832841825,51,1762832841827
VCURIOSITY_33,Set_11_elong_glossy_3.glb,0,1762832841833-657618_before.png,1762832841833-657618_after.png,335.8486851111635,343.5884542195361,-0.5100354570400896,-4.571921874300301,,,1762832841833,1762832841884,51,1762832841885
VCURIOSITY_33,Set_11_elong_glossy_3.glb,0,1762832841902-742646_before.png,1762832841902-742646_after.png,335.1468826022105,339.03814629054574,-0.7018025089530511,-4.550307928990378,,,1762832841902,1762832841952,50,1762832841953
VCURIOSITY_33,Set_11_elong_glossy_3.glb,0,1762832841968-723347_before.png,1762832841968-723347_after.png,334.2290754162481,334.5175128491538,-0.9178071859623742,-4.520633441391965,,,1762832841968,1762832842020,52,1762832842021
VCURIOSITY_33,Set_11_elong_glossy_3.glb,0,1762832842029-165827_before.png,1762832842029-165827_after.png,333.06184795477253,330.03639899868875,-1.1672274614755906,-4.481113850465022,,,1762832842029,1762832842080,51,1762832842081
VCURIOSITY_33,Set_11_elong_glossy_3.glb,0,1762832842103-823432_before.png,1762832842103-823432_after.png,331.59998543923695,325.60721142307693,-1.4618625155355858,-4.429187575611877,,,1762832842103,1762832842154,51,1762832842151
VCURIOSITY_33,Set_11_elong_glossy_3.glb,0,1762832842162-170393_before.png,1762832842162-170393_after.png,329.7827954896362,321.2460220199359,-1.8171899496007882,-4.3611894031409975,,,1762832842162,1762832842215,53,1762832842215
VCURIOSITY_33,Set_11_elong_glossy_3.glb,0,1762832842230-897382_before.png,1762832842230-897382_after.png,327.5290682592806,316.97416839432555,-2.2537272303555937,-4.271853625610333,,,1762832842230,1762832842282,52,1762832842283
VCURIOSITY_33,Set_11_elong_glossy_3.glb,0,1762832842311-720726_before.png,1762832842311-720726_after.png,324.7304449549234,312.82060333178305,-2.798623304357193,-4.153565062542498,,,1762832842311,1762832842364,53,1762832842367
VCURIOSITY_33,Set_11_elong_glossy_3.glb,0,1762832842397-827640_before.png,1762832842397-827640_after.png,321.2434173098411,308.8253458494524,-3.487027645082321,-3.9952574823306577,,,1762832842397,1762832842447,50,1762832842449
VCURIOSITY_33,Set_11_elong_glossy_3.glb,0,1762832842463-787334_before.png,1762832842463-787334_after.png,316.88167346038557,305.0444535079453,-4.361743849455479,-3.7808923415070694,,,1762832842463,1762832842513,50,1762832842516
VCURIOSITY_33,Set_11_elong_glossy_3.glb,0,1762832842538-661816_before.png,1762832842538-661816_after.png,311.4144915100108,301.556773118832,-5.467181950374766,-3.487680389113393,,,1762832842538,1762832842588,50,1762832842590
VCURIOSITY_33,Set_11_elong_glossy_3.glb,0,1762832842605-484138_before.png,1762832842605-484138_after.png,304.58567759766015,298.4717728535142,-6.828813912350597,-3.085000265317831,,,1762832842605,1762832842658,53,1762832842659
VCURIOSITY_33,Set_11_elong_glossy_3.glb,0,1762832842667-535861_before.png,1762832842667-535861_after.png,296.18123421319115,295.93483649885974,-8.404443384469005,-2.536936354654472,,,1762832842667,1762832842718,51,1762832842715
VCURIOSITY_33,Set_11_elong_glossy_3.glb,2,1762832843300-500484_before.png,1762832843300-500484_after.png,291.18123421319126,295.93483649885974,-4.999999999999886,0,,,1762832843300,1762832843352,52,1762832843352
VCURIOSITY_33,Set_11_elong_glossy_3.glb,2,1762832843801-153330_before.png,1762832843801-153330_after.png,286.1812342131914,295.9348364988598,-4.999999999999886,0,,,1762832843801,1762832843852,51,1762832843848
VCURIOSITY_33,Set_11_elong_glossy_3.glb,2,1762832843875-919093_before.png,1762832843875-919093_after.png,281.1812342131915,295.9348364988598,-4.999999999999886,0,,,1762832843875,1762832843926,51,1762832843927
VCURIOSITY_33,Set_11_elong_glossy_3.glb,2,1762832843979-831808_before.png,1762832843979-831808_after.png,276.1812342131916,295.9348364988598,-4.999999999999886,0,,,1762832843979,1762832844031,52,1762832844031
VCURIOSITY_33,Set_11_elong_glossy_3.glb,2,1762832844079-539414_before.png,1762832844079-539414_after.png,271.18123421319183,295.9348364988599,-4.999999999999773,1.1368683772161603e-13,,,1762832844079,1762832844131,52,1762832844129
VCURIOSITY_33,Set_11_elong_glossy_3.glb,2,1762832844164-116649_before.png,1762832844164-116649_after.png,266.1812342131919,295.9348364988599,-5,0,,,1762832844164,1762832844220,56,1762832844221
VCURIOSITY_33,Set_11_elong_glossy_3.glb,2,1762832844231-367267_before.png,1762832844231-367267_after.png,261.18123421319206,295.93483649885997,-4.999999999999773,0,,,1762832844231,1762832844285,54,1762832844286
VCURIOSITY_33,Set_11_elong_glossy_3.glb,2,1762832844301-458367_before.png,1762832844301-458367_after.png,256.18123421319217,295.93483649886,-4.999999999999886,0,,,1762832844301,1762832844351,50,1762832844355
VCURIOSITY_33,Set_11_elong_glossy_3.glb,2,1762832844367-439178_before.png,1762832844367-439178_after.png,251.18123421319234,295.93483649886014,-4.999999999999773,1.1368683772161603e-13,,,1762832844367,1762832844419,52,1762832844421
VCURIOSITY_33,Set_11_elong_glossy_3.glb,2,1762832844434-921758_before.png,1762832844434-921758_after.png,246.18123421319245,295.9348364988602,-4.999999999999886,0,,,1762832844434,1762832844485,51,1762832844486
VCURIOSITY_33,Set_11_elong_glossy_3.glb,2,1762832844500-965766_before.png,1762832844500-965766_after.png,241.18123421319268,295.93483649886036,-4.999999999999773,2.2737367544323206e-13,,,1762832844500,1762832844556,56,1762832844558
VCURIOSITY_33,Set_11_elong_glossy_3.glb,2,1762832844565-873997_before.png,1762832844565-873997_after.png,236.18123421319137,295.9348364988609,-5.000000000001364,4.547473508864641e-13,,,1762832844565,1762832844615,50,1762832844617
VCURIOSITY_33,Set_11_elong_glossy_3.glb,2,1762832844627-127706_before.png,1762832844627-127706_after.png,231.18123421319132,295.9348364988607,-5,-2.2737367544323206e-13,,,1762832844627,1762832844684,57,1762832844686
VCURIOSITY_33,Set_11_elong_glossy_3.glb,2,1762832844693-7837_before.png,1762832844693-7837_after.png,226.18123421319132,295.93483649886053,-5,-2.2737367544323206e-13,,,1762832844693,1762832844745,52,1762832844747
VCURIOSITY_33,Set_11_elong_glossy_3.glb,2,1762832844765-596839_before.png,1762832844765-596839_after.png,221.18123421319132,295.9348364988604,-5,-1.1368683772161603e-13,,,1762832844765,1762832844819,54,1762832844821
VCURIOSITY_33,Set_11_elong_glossy_3.glb,2,1762832844828-345265_before.png,1762832844828-345265_after.png,216.18123421319132,295.9348364988603,-5,-1.1368683772161603e-13,,,1762832844828,1762832844883,55,1762832844885
VCURIOSITY_33,Set_11_elong_glossy_3.glb,2,1762832844892-893217_before.png,1762832844892-893217_after.png,211.18123421319137,295.93483649886025,-5,0,,,1762832844892,1762832844949,57,1762832844946
VCURIOSITY_33,Set_11_elong_glossy_3.glb,2,1762832844965-160850_before.png,1762832844965-160850_after.png,206.1812342131914,295.9348364988602,-5,0,,,1762832844965,1762832845018,53,1762832845020
VCURIOSITY_33,Set_11_elong_glossy_3.glb,2,1762832845027-958832_before.png,1762832845027-958832_after.png,201.18123421319146,295.93483649886014,-5,0,,,1762832845027,1762832845077,50,1762832845079
VCURIOSITY_33,Set_11_elong_glossy_3.glb,2,1762832845093-943534_before.png,1762832845093-943534_after.png,196.18123421319152,295.93483649886014,-5,0,,,1762832845093,1762832845148,55,1762832845150
VCURIOSITY_33,Set_11_elong_glossy_3.glb,2,1762832845167-387490_before.png,1762832845167-387490_after.png,191.1812342131916,295.93483649886014,-4.999999999999886,0,,,1762832845167,1762832845220,53,1762832845223
VCURIOSITY_33,Set_11_elong_glossy_3.glb,2,1762832845272-35488_before.png,1762832845272-35488_after.png,186.18123421319166,295.9348364988601,-5,0,,,1762832845272,1762832845322,50,1762832845324
VCURIOSITY_33,Set_11_elong_glossy_3.glb,2,1762832845356-671751_before.png,1762832845356-671751_after.png,181.18123421319171,295.9348364988601,-5,0,,,1762832845356,1762832845407,51,1762832845406
VCURIOSITY_33,Set_11_elong_glossy_3.glb,2,1762832845423-424008_before.png,1762832845423-424008_after.png,176.18123421319183,295.9348364988601,-4.999999999999886,0,,,1762832845423,1762832845474,51,1762832845475
VCURIOSITY_33,Set_11_elong_glossy_3.glb,2,1762832845487-875959_before.png,1762832845487-875959_after.png,171.1812342131915,295.9348364988599,-5.000000000000341,-2.2737367544323206e-13,,,1762832845487,1762832845539,52,1762832845541
VCURIOSITY_33,Set_11_elong_glossy_3.glb,2,1762832845560-59774_before.png,1762832845560-59774_after.png,166.1812342131915,295.93483649886,-5,1.1368683772161603e-13,,,1762832845560,1762832845613,53,1762832845615
VCURIOSITY_33,Set_11_elong_glossy_3.glb,2,1762832845660-561428_before.png,1762832845660-561428_after.png,161.1812342131916,295.93483649886014,-4.999999999999886,1.1368683772161603e-13,,,1762832845660,1762832845712,52,1762832845712
VCURIOSITY_33,Set_11_elong_glossy_3.glb,2,1762832845759-240766_before.png,1762832845759-240766_after.png,156.1812342131916,295.9348364988602,-5,0,,,1762832845759,1762832845809,50,1762832845811
VCURIOSITY_33,Set_11_elong_glossy_3.glb,2,1762832845827-686908_before.png,1762832845827-686908_after.png,151.1812342131916,295.93483649886025,-5,0,,,1762832845827,1762832845878,51,1762832845880
VCURIOSITY_33,Set_11_elong_glossy_3.glb,2,1762832845912-918142_before.png,1762832845912-918142_after.png,146.18123421319171,295.93483649886025,-4.999999999999886,0,,,1762832845912,1762832845963,51,1762832845964
VCURIOSITY_33,Set_11_elong_glossy_3.glb,2,1762832845980-647488_before.png,1762832845980-647488_after.png,141.18123421319177,295.93483649886025,-5,0,,,1762832845980,1762832846032,52,1762832846033
VCURIOSITY_33,Set_11_elong_glossy_3.glb,2,1762832846047-686707_before.png,1762832846047-686707_after.png,136.18123421319183,295.93483649886025,-5,0,,,1762832846047,1762832846099,52,1762832846097
VCURIOSITY_33,Set_11_elong_glossy_3.glb,2,1762832846110-82263_before.png,1762832846110-82263_after.png,131.18123421319189,295.9348364988602,-5,0,,,1762832846110,1762832846164,54,1762832846164
VCURIOSITY_33,Set_11_elong_glossy_3.glb,2,1762832846179-116977_before.png,1762832846179-116977_after.png,126.18123421319194,295.9348364988602,-5,0,,,1762832846179,1762832846235,56,1762832846237
VCURIOSITY_33,Set_11_elong_glossy_3.glb,2,1762832846246-538275_before.png,1762832846246-538275_after.png,121.18123421319217,295.93483649886014,-4.999999999999773,0,,,1762832846246,1762832846297,51,1762832846299
VCURIOSITY_33,Set_11_elong_glossy_3.glb,2,1762832846312-988756_before.png,1762832846312-988756_after.png,116.18123421319234,295.93483649886,-4.999999999999773,-1.1368683772161603e-13,,,1762832846312,1762832846365,53,1762832846366
VCURIOSITY_33,Set_11_elong_glossy_3.glb,2,1762832846376-82262_before.png,1762832846376-82262_after.png,111.18123421319257,295.93483649885997,-4.999999999999773,0,,,1762832846376,1762832846430,54,1762832846431
VCURIOSITY_33,Set_11_elong_glossy_3.glb,2,1762832846453-660735_before.png,1762832846453-660735_after.png,106.18123421319274,295.9348364988599,-4.999999999999773,0,,,1762832846453,1762832846505,52,1762832846504
VCURIOSITY_33,Set_11_elong_glossy_3.glb,2,1762832846539-739143_before.png,1762832846539-739143_after.png,101.18123421319297,295.9348364988598,-4.999999999999773,-1.1368683772161603e-13,,,1762832846539,1762832846589,50,1762832846591
VCURIOSITY_33,Set_11_elong_glossy_3.glb,2,1762832846607-678746_before.png,1762832846607-678746_after.png,96.18123421319319,295.9348364988597,-4.999999999999773,-1.1368683772161603e-13,,,1762832846607,1762832846658,51,1762832846657
VCURIOSITY_33,Set_11_elong_glossy_3.glb,2,1762832846688-985691_before.png,1762832846688-985691_after.png,91.18123421319353,295.9348364988595,-4.999999999999659,-2.2737367544323206e-13,,,1762832846688,1762832846741,53,1762832846743
VCURIOSITY_33,Set_11_elong_glossy_3.glb,2,1762832846774-407769_before.png,1762832846774-407769_after.png,86.1812342131937,295.9348364988594,-4.999999999999773,-1.1368683772161603e-13,,,1762832846774,1762832846824,50,1762832846825
VCURIOSITY_33,Set_11_elong_glossy_3.glb,2,1762832846848-388176_before.png,1762832846848-388176_after.png,81.18123421319399,295.9348364988592,-4.999999999999773,-2.2737367544323206e-13,,,1762832846848,1762832846898,50,1762832846900
VCURIOSITY_33,Set_11_elong_glossy_3.glb,2,1762832846915-688611_before.png,1762832846915-688611_after.png,76.18123421319422,295.9348364988591,-4.999999999999773,-1.1368683772161603e-13,,,1762832846915,1762832846965,50,1762832846967
VCURIOSITY_33,Set_11_elong_glossy_3.glb,2,1762832846982-475562_before.png,1762832846982-475562_after.png,71.18123421319439,295.934836498859,-4.999999999999773,-1.1368683772161603e-13,,,1762832846982,1762832847037,55,1762832847039
VCURIOSITY_33,Set_11_elong_glossy_3.glb,2,1762832847075-289843_before.png,1762832847075-289843_after.png,66.18123421319467,295.93483649885883,-4.999999999999773,-2.2737367544323206e-13,,,1762832847075,1762832847141,66,1762832847142
VCURIOSITY_33,Set_11_elong_glossy_3.glb,2,1762832847170-792139_before.png,1762832847170-792139_after.png,61.1812342131949,295.93483649885866,-4.999999999999773,-2.2737367544323206e-13,,,1762832847170,1762832847227,57,1762832847228
VCURIOSITY_33,Set_11_elong_glossy_3.glb,2,1762832847235-138141_before.png,1762832847235-138141_after.png,56.18123421319507,295.9348364988585,-4.999999999999773,-2.2737367544323206e-13,,,1762832847235,1762832847290,55,1762832847288
VCURIOSITY_33,Set_11_elong_glossy_3.glb,2,1762832847298-912739_before.png,1762832847298-912739_after.png,51.181234213195296,295.9348364988583,-4.999999999999773,-2.2737367544323206e-13,,,1762832847298,1762832847348,50,1762832847349
VCURIOSITY_33,Set_11_elong_glossy_3.glb,2,1762832847364-631912_before.png,1762832847364-631912_after.png,46.18123421319547,295.9348364988581,-4.999999999999773,-2.2737367544323206e-13,,,1762832847364,1762832847418,54,1762832847421
VCURIOSITY_33,Set_11_elong_glossy_3.glb,2,1762832847440-849983_before.png,1762832847440-849983_after.png,41.18123421319552,295.93483649885786,-5,-2.2737367544323206e-13,,,1762832847440,1762832847490,50,1762832847493
VCURIOSITY_33,Set_11_elong_glossy_3.glb,2,1762832847539-903299_before.png,1762832847539-903299_after.png,36.18123421319103,295.93483649886014,-5.0000000000045475,2.2737367544323206e-12,,,1762832847539,1762832847594,55,1762832847595
VCURIOSITY_33,Set_11_elong_glossy_3.glb,2,1762832847641-214527_before.png,1762832847641-214527_after.png,31.181234213191033,295.9348364988601,-5,0,,,1762832847641,1762832847692,51,1762832847693
VCURIOSITY_33,Set_11_elong_glossy_3.glb,2,1762832847735-285568_before.png,1762832847735-285568_after.png,26.181234213191033,295.93483649886,-5,0,,,1762832847735,1762832847788,53,1762832847790
VCURIOSITY_33,Set_11_elong_glossy_3.glb,2,1762832847797-787393_before.png,1762832847797-787393_after.png,21.181234213191033,295.93483649886,-5,0,,,1762832847797,1762832847851,54,1762832847853
VCURIOSITY_33,Set_11_elong_glossy_3.glb,2,1762832847896-213414_before.png,1762832847896-213414_after.png,16.181234213191033,295.93483649886,-5,0,,,1762832847896,1762832847948,52,1762832847949
VCURIOSITY_33,Set_11_elong_glossy_3.glb,2,1762832847964-749194_before.png,1762832847964-749194_after.png,11.181234213191033,295.93483649886,-5,0,,,1762832847964,1762832848020,56,1762832848021
VCURIOSITY_33,Set_11_elong_glossy_3.glb,2,1762832848029-796200_before.png,1762832848029-796200_after.png,6.181234213191033,295.93483649885997,-5,0,,,1762832848029,1762832848083,54,1762832848082
VCURIOSITY_33,Set_11_elong_glossy_3.glb,2,1762832848092-443635_before.png,1762832848092-443635_after.png,1.1812342131909759,295.9348364988599,-5,0,,,1762832848092,1762832848147,55,1762832848148
VCURIOSITY_33,Set_11_elong_glossy_3.glb,2,1762832848156-982605_before.png,1762832848156-982605_after.png,356.18123421319103,295.9348364988599,-5,0,,,1762832848156,1762832848211,55,1762832848209
VCURIOSITY_33,Set_11_elong_glossy_3.glb,2,1762832848227-338953_before.png,1762832848227-338953_after.png,351.181234213191,295.93483649885985,-5,0,,,1762832848227,1762832848281,54,1762832848280
VCURIOSITY_33,Set_11_elong_glossy_3.glb,2,1762832848290-728732_before.png,1762832848290-728732_after.png,346.181234213191,295.93483649885985,-5,0,,,1762832848290,1762832848341,51,1762832848342
VCURIOSITY_33,Set_11_elong_glossy_3.glb,2,1762832848356-682350_before.png,1762832848356-682350_after.png,341.181234213191,295.9348364988598,-5,0,,,1762832848356,1762832848406,50,1762832848407
VCURIOSITY_33,Set_11_elong_glossy_3.glb,2,1762832848421-139999_before.png,1762832848421-139999_after.png,336.18123421319103,295.9348364988598,-5,0,,,1762832848421,1762832848473,52,1762832848475
VCURIOSITY_33,Set_11_elong_glossy_3.glb,2,1762832848495-504835_before.png,1762832848495-504835_after.png,331.18123421319103,295.9348364988598,-5,0,,,1762832848495,1762832848545,50,1762832848546
VCURIOSITY_33,Set_11_elong_glossy_3.glb,2,1762832848590-416926_before.png,1762832848590-416926_after.png,326.1812342131911,295.93483649885974,-5,0,,,1762832848590,1762832848641,51,1762832848637
VCURIOSITY_33,Set_11_elong_glossy_3.glb,2,1762832848656-811925_before.png,1762832848656-811925_after.png,321.18123421319115,295.9348364988597,-5,0,,,1762832848656,1762832848708,52,1762832848709
VCURIOSITY_33,Set_11_elong_glossy_3.glb,2,1762832848723-122399_before.png,1762832848723-122399_after.png,316.18123421319115,295.93483649885974,-5,0,,,1762832848723,1762832848775,52,1762832848777
VCURIOSITY_33,Set_11_elong_glossy_3.glb,2,1762832848788-597514_before.png,1762832848788-597514_after.png,311.18123421319126,295.93483649885974,-4.999999999999886,0,,,1762832848788,1762832848838,50,1762832848839
VCURIOSITY_33,Set_11_elong_glossy_3.glb,3,1762832849252-897518_before.png,1762832849252-897518_after.png,316.18123421319115,295.93483649885974,4.999999999999886,0,,,1762832849252,1762832849305,53,1762832849307
VCURIOSITY_33,Set_11_elong_glossy_3.glb,3,1762832849750-791743_before.png,1762832849750-791743_after.png,321.18123421319115,295.93483649885974,5,0,,,1762832849750,1762832849803,53,1762832849804
VCURIOSITY_33,Set_11_elong_glossy_3.glb,3,1762832849822-645546_before.png,1762832849822-645546_after.png,326.1812342131911,295.93483649885974,5,0,,,1762832849822,1762832849878,56,1762832849881
VCURIOSITY_33,Set_11_elong_glossy_3.glb,3,1762832849894-918657_before.png,1762832849894-918657_after.png,331.18123421319103,295.9348364988598,5,0,,,1762832849894,1762832849948,54,1762832849947
VCURIOSITY_33,Set_11_elong_glossy_3.glb,3,1762832849980-281008_before.png,1762832849980-281008_after.png,336.181234213191,295.9348364988598,5,0,,,1762832849980,1762832850031,51,1762832850032
VCURIOSITY_33,Set_11_elong_glossy_3.glb,3,1762832850047-208577_before.png,1762832850047-208577_after.png,341.181234213191,295.9348364988598,5,0,,,1762832850047,1762832850103,56,1762832850105
VCURIOSITY_33,Set_11_elong_glossy_3.glb,3,1762832850120-183206_before.png,1762832850120-183206_after.png,346.181234213191,295.9348364988598,5,0,,,1762832850120,1762832850170,50,1762832850172
VCURIOSITY_33,Set_11_elong_glossy_3.glb,3,1762832850179-176881_before.png,1762832850179-176881_after.png,351.181234213191,295.93483649885985,5,0,,,1762832850179,1762832850229,50,1762832850231
VCURIOSITY_33,Set_11_elong_glossy_3.glb,3,1762832850245-703407_before.png,1762832850245-703407_after.png,356.181234213191,295.9348364988599,5,0,,,1762832850245,1762832850299,54,1762832850300
VCURIOSITY_33,Set_11_elong_glossy_3.glb,3,1762832850314-357272_before.png,1762832850314-357272_after.png,1.1812342131909759,295.9348364988599,5,0,,,1762832850314,1762832850364,50,1762832850366
VCURIOSITY_33,Set_11_elong_glossy_3.glb,3,1762832850388-825496_before.png,1762832850388-825496_after.png,6.181234213190976,295.93483649885997,5,0,,,1762832850388,1762832850442,54,1762832850443
VCURIOSITY_33,Set_11_elong_glossy_3.glb,3,1762832850450-354303_before.png,1762832850450-354303_after.png,11.181234213190976,295.93483649886,5,0,,,1762832850450,1762832850500,50,1762832850501
VCURIOSITY_33,Set_11_elong_glossy_3.glb,3,1762832850543-68686_before.png,1762832850543-68686_after.png,16.181234213190976,295.93483649886,5,0,,,1762832850543,1762832850596,53,1762832850597
VCURIOSITY_33,Set_11_elong_glossy_3.glb,3,1762832850613-607645_before.png,1762832850613-607645_after.png,21.181234213191033,295.9348364988601,5,0,,,1762832850613,1762832850663,50,1762832850665
VCURIOSITY_33,Set_11_elong_glossy_3.glb,3,1762832850678-419526_before.png,1762832850678-419526_after.png,26.181234213191033,295.93483649886014,5,0,,,1762832850678,1762832850731,53,1762832850732
VCURIOSITY_33,Set_11_elong_glossy_3.glb,3,1762832850748-21372_before.png,1762832850748-21372_after.png,31.181234213191033,295.93483649886014,5,0,,,1762832850748,1762832850798,50,1762832850799
VCURIOSITY_33,Set_11_elong_glossy_3.glb,3,1762832850840-706737_before.png,1762832850840-706737_after.png,36.18123421319103,295.93483649886014,5,0,,,1762832850840,1762832850893,53,1762832850895
VCURIOSITY_33,Set_11_elong_glossy_3.glb,3,1762832850914-91131_before.png,1762832850914-91131_after.png,41.18123421319643,295.9348364988575,5.000000000005457,-2.6147972675971687e-12,,,1762832850914,1762832850967,53,1762832850955
VCURIOSITY_33,Set_11_elong_glossy_3.glb,3,1762832851004-40315_before.png,1762832851004-40315_after.png,46.181234213196376,295.93483649885775,5,2.2737367544323206e-13,,,1762832851004,1762832851054,50,1762832851056
VCURIOSITY_33,Set_11_elong_glossy_3.glb,3,1762832851078-607127_before.png,1762832851078-607127_after.png,51.18123421319615,295.934836498858,4.999999999999773,2.2737367544323206e-13,,,1762832851078,1762832851130,52,1762832851131
VCURIOSITY_33,Set_11_elong_glossy_3.glb,3,1762832907618-214345_before.png,1762832907618-214345_after.png,56.181234213196035,295.9348364988582,4.999999999999886,2.2737367544323206e-13,,,1762832907618,1762832907669,51,1762832907669
VCURIOSITY_33,Set_11_elong_glossy_3.glb,3,1762832907874-130357_before.png,1762832907874-130357_after.png,61.18123421319581,295.9348364988584,4.999999999999773,2.2737367544323206e-13,,,1762832907874,1762832907930,56,1762832907931
VCURIOSITY_33,Set_11_elong_glossy_3.glb,3,1762832908098-715951_before.png,1762832908098-715951_after.png,66.18123421319558,295.93483649885854,4.999999999999773,2.2737367544323206e-13,,,1762832908098,1762832908151,53,1762832908153
VCURIOSITY_33,Set_11_elong_glossy_3.glb,1,1762832908338-601813_before.png,1762832908338-601813_after.png,57.55743368165025,298.30011325806737,-8.623800531545385,2.365276759208882,,,1762832908338,1762832908392,54,1762832908390
VCURIOSITY_33,Set_11_elong_glossy_3.glb,1,1762832908852-580724_before.png,1762832908852-580724_after.png,50.475929454313416,301.2447012592144,-7.081504227336836,2.9445880011470535,,,1762832908852,1762832908903,51,1762832908905
VCURIOSITY_33,Set_11_elong_glossy_3.glb,1,1762832908949-544966_before.png,1762832908949-544966_after.png,44.767654677089126,304.6201607252679,-5.708274777224233,3.375459466053485,,,1762832908949,1762832909000,51,1762832908997
VCURIOSITY_33,Set_11_elong_glossy_3.glb,1,1762832909046-697674_before.png,1762832909046-697674_after.png,40.19446506762881,308.31166863552494,-4.573189609460314,3.691507910257087,,,1762832909046,1762832909097,51,1762832909095
VCURIOSITY_33,Set_11_elong_glossy_3.glb,1,1762832909106-404681_before.png,1762832909106-404681_after.png,36.52899638450407,312.23517333427685,-3.6654686831248,3.9235046987519127,,,1762832909106,1762832909160,54,1762832909161
VCURIOSITY_33,Set_11_elong_glossy_3.glb,1,1762832909205-267210_before.png,1762832909205-267210_after.png,33.58213308213146,316.33036020155527,-2.946863302372549,4.095186867278471,,,1762832909205,1762832909257,52,1762832909260
VCURIOSITY_33,Set_11_elong_glossy_3.glb,2,1762832909618-965745_before.png,1762832909618-965745_after.png,28.582133082131406,316.3303602015552,-5,0,,,1762832909618,1762832909673,55,1762832909675
VCURIOSITY_33,Set_11_elong_glossy_3.glb,2,1762832910119-486658_before.png,1762832910119-486658_after.png,23.58213308213135,316.3303602015551,-5,-1.1368683772161603e-13,,,1762832910119,1762832910172,53,1762832910173
VCURIOSITY_33,Set_11_elong_glossy_3.glb,2,1762832910196-417627_before.png,1762832910196-417627_after.png,18.582133082131293,316.33036020155504,-5,0,,,1762832910196,1762832910246,50,1762832910248
VCURIOSITY_33,Set_11_elong_glossy_3.glb,2,1762832910264-746722_before.png,1762832910264-746722_after.png,13.582133082131236,316.3303602015549,-5,-1.1368683772161603e-13,,,1762832910264,1762832910315,51,1762832910317
VCURIOSITY_33,Set_11_elong_glossy_3.glb,2,1762832910355-463694_before.png,1762832910355-463694_after.png,8.582133082131122,316.33036020155487,-5.000000000000114,0,,,1762832910355,1762832910406,51,1762832910406
VCURIOSITY_33,Set_11_elong_glossy_3.glb,2,1762832910415-395293_before.png,1762832910415-395293_after.png,3.5821330821310085,316.33036020155475,-5.000000000000114,-1.1368683772161603e-13,,,1762832910415,1762832910467,52,1762832910469
VCURIOSITY_33,Set_11_elong_glossy_3.glb,2,1762832910482-175899_before.png,1762832910482-175899_after.png,358.5821330821309,316.33036020155464,-5.000000000000114,-1.1368683772161603e-13,,,1762832910481,1762832910532,51,1762832910531
VCURIOSITY_33,Set_11_elong_glossy_3.glb,2,1762832910550-19218_before.png,1762832910550-19218_after.png,353.5821330821308,316.3303602015545,-5.000000000000114,-1.1368683772161603e-13,,,1762832910550,1762832910607,57,1762832910608
VCURIOSITY_33,Set_11_elong_glossy_3.glb,2,1762832910623-976161_before.png,1762832910623-976161_after.png,348.58213308213067,316.33036020155447,-5.000000000000114,0,,,1762832910623,1762832910673,50,1762832910674
VCURIOSITY_33,Set_11_elong_glossy_3.glb,2,1762832910684-975915_before.png,1762832910684-975915_after.png,343.5821330821305,316.3303602015543,-5.000000000000227,-2.2737367544323206e-13,,,1762832910684,1762832910737,53,1762832910739
VCURIOSITY_33,Set_11_elong_glossy_3.glb,2,1762832910744-11470_before.png,1762832910744-11470_after.png,338.5821330821303,316.3303602015542,-5.000000000000227,-1.1368683772161603e-13,,,1762832910744,1762832910796,52,1762832910797
VCURIOSITY_33,Set_11_elong_glossy_3.glb,2,1762832910821-150454_before.png,1762832910821-150454_after.png,333.58213308213016,316.3303602015541,-5.000000000000227,-1.1368683772161603e-13,,,1762832910821,1762832910876,55,1762832910877
VCURIOSITY_33,Set_11_elong_glossy_3.glb,2,1762832910909-112796_before.png,1762832910909-112796_after.png,328.5821330821299,316.33036020155384,-5.000000000000227,-2.2737367544323206e-13,,,1762832910909,1762832910959,50,1762832910960
VCURIOSITY_33,Set_11_elong_glossy_3.glb,2,1762832910989-147585_before.png,1762832910989-147585_after.png,323.5821330821296,316.3303602015537,-5.000000000000227,-2.2737367544323206e-13,,,1762832910989,1762832911040,51,1762832911040
VCURIOSITY_33,Set_11_elong_glossy_3.glb,2,1762832911086-302602_before.png,1762832911086-302602_after.png,318.5821330821293,316.33036020155345,-5.000000000000227,-2.2737367544323206e-13,,,1762832911086,1762832911137,51,1762832911138
VCURIOSITY_33,Set_11_elong_glossy_3.glb,2,1762832911145-335256_before.png,1762832911145-335256_after.png,313.58213308212885,316.3303602015532,-5.000000000000455,-2.2737367544323206e-13,,,1762832911145,1762832911195,50,1762832911196
VCURIOSITY_33,Set_11_elong_glossy_3.glb,2,1762832911210-723722_before.png,1762832911210-723722_after.png,308.58213308213,316.33036020155566,-4.999999999998863,2.5011104298755527e-12,,,1762832911210,1762832911260,50,1762832911257
VCURIOSITY_33,Set_11_elong_glossy_3.glb,2,1762832911277-659430_before.png,1762832911277-659430_after.png,303.58213308213,316.3303602015556,-5,0,,,1762832911277,1762832911327,50,1762832911328
VCURIOSITY_33,Set_11_elong_glossy_3.glb,2,1762832911352-98525_before.png,1762832911352-98525_after.png,298.58213308213,316.3303602015556,-5,0,,,1762832911352,1762832911403,51,1762832911404
VCURIOSITY_33,Set_11_elong_glossy_3.glb,2,1762832911451-428545_before.png,1762832911451-428545_after.png,293.58213308213004,316.33036020155555,-5,0,,,1762832911451,1762832911501,50,1762832911501
VCURIOSITY_33,Set_11_elong_glossy_3.glb,2,1762832911549-558011_before.png,1762832911549-558011_after.png,288.5821330821301,316.33036020155555,-5,0,,,1762832911549,1762832911601,52,1762832911597
VCURIOSITY_33,Set_11_elong_glossy_3.glb,2,1762832911609-770883_before.png,1762832911609-770883_after.png,283.58213308213016,316.3303602015555,-5,0,,,1762832911609,1762832911660,51,1762832911661
VCURIOSITY_33,Set_11_elong_glossy_3.glb,2,1762832911683-270278_before.png,1762832911683-270278_after.png,278.5821330821302,316.3303602015555,-5,0,,,1762832911683,1762832911735,52,1762832911736
VCURIOSITY_33,Set_11_elong_glossy_3.glb,2,1762832911781-806142_before.png,1762832911781-806142_after.png,273.5821330821303,316.33036020155544,-4.999999999999886,0,,,1762832911781,1762832911831,50,1762832911833
VCURIOSITY_33,Set_11_elong_glossy_3.glb,2,1762832911840-299096_before.png,1762832911840-299096_after.png,268.58213308212993,316.33036020155544,-5.000000000000455,0,,,1762832911840,1762832911893,53,1762832911894
VCURIOSITY_33,Set_11_elong_glossy_3.glb,2,1762832911901-774763_before.png,1762832911901-774763_after.png,263.58213308212993,316.3303602015555,-5,0,,,1762832911901,1762832911954,53,1762832911955
VCURIOSITY_33,Set_11_elong_glossy_3.glb,2,1762832911970-508965_before.png,1762832911970-508965_after.png,258.58213308212993,316.33036020155555,-5,0,,,1762832911970,1762832912022,52,1762832912023
VCURIOSITY_33,Set_11_elong_glossy_3.glb,2,1762832912038-838300_before.png,1762832912038-838300_after.png,253.5821330821299,316.3303602015556,-5,0,,,1762832912038,1762832912089,51,1762832912091
VCURIOSITY_33,Set_11_elong_glossy_3.glb,2,1762832912107-697463_before.png,1762832912107-697463_after.png,248.58213308212987,316.33036020155566,-5,0,,,1762832912107,1762832912159,52,1762832912160
VCURIOSITY_33,Set_11_elong_glossy_3.glb,2,1762832912173-61091_before.png,1762832912173-61091_after.png,243.58213308212984,316.3303602015557,-5,0,,,1762832912173,1762832912226,53,1762832912228
VCURIOSITY_33,Set_11_elong_glossy_3.glb,2,1762832912237-340120_before.png,1762832912237-340120_after.png,238.58213308212984,316.3303602015558,-5,0,,,1762832912237,1762832912288,51,1762832912288
VCURIOSITY_33,Set_11_elong_glossy_3.glb,2,1762832912304-576019_before.png,1762832912304-576019_after.png,233.58213308212976,316.33036020155583,-5.000000000000114,0,,,1762832912304,1762832912357,53,1762832912354
VCURIOSITY_33,Set_11_elong_glossy_3.glb,0,1762832912513-6709_before.png,1762832912513-6709_after.png,230.02593556480326,319.4248270423222,-3.5561975173264955,3.0944668407663585,,,1762832912513,1762832912567,54,1762832912570
VCURIOSITY_33,Set_11_elong_glossy_3.glb,0,1762832913020-994798_before.png,1762832913020-994798_after.png,226.9994853466699,322.7394316384353,-3.026450218133391,3.3146045961130994,,,1762832913020,1762832913072,52,1762832913070
VCURIOSITY_33,Set_11_elong_glossy_3.glb,0,1762832913080-916886_before.png,1762832913080-916886_after.png,224.44289841467923,326.23218872617895,-2.556586931990637,3.492757087743712,,,1762832913080,1762832913134,54,1762832913130
VCURIOSITY_33,Set_11_elong_glossy_3.glb,0,1762832913149-141505_before.png,1762832913149-141505_after.png,222.30003721403222,329.86849569174683,-2.1428612006470757,3.636306965567883,,,1762832913149,1762832913200,51,1762832913203
VCURIOSITY_33,Set_11_elong_glossy_3.glb,0,1762832913218-198017_before.png,1762832913218-198017_after.png,220.52135172861048,333.61992670314777,-1.7786854854217609,3.751431011400882,,,1762832913218,1762832913270,52,1762832913272
VCURIOSITY_33,Set_11_elong_glossy_3.glb,0,1762832913287-65180_before.png,1762832913287-65180_after.png,219.06482250405736,337.46303943607467,-1.456529224553151,3.8431127329268975,,,1762832913287,1762832913337,50,1762832913337
VCURIOSITY_33,Set_11_elong_glossy_3.glb,0,1762832913348-4340_before.png,1762832913348-4340_after.png,217.89590628058613,341.3783120575413,-1.1689162234712285,3.9152726214665563,,,1762832913348,1762832913398,50,1762832913399
VCURIOSITY_33,Set_11_elong_glossy_3.glb,0,1762832913416-823118_before.png,1762832913416-823118_after.png,216.98703708684826,345.34924197651407,-0.9088691937379281,3.9709299189728426,,,1762832913416,1762832913468,52,1762832913470
VCURIOSITY_33,Set_11_elong_glossy_3.glb,0,1762832913477-24898_before.png,1762832913477-24898_after.png,216.31699461473642,349.3615970190193,-0.6700424721118452,4.012355042505305,,,1762832913477,1762832913530,53,1762832913530
VCURIOSITY_33,Set_11_elong_glossy_3.glb,0,1762832913557-376611_before.png,1762832913557-376611_after.png,215.87030353174262,353.4027934931233,-0.44669108299376603,4.0411964741040265,,,1762832913557,1762832913610,53,1762832913611
VCURIOSITY_33,Set_11_elong_glossy_3.glb,0,1762832913643-817828_before.png,1762832913643-817828_after.png,215.6367433826911,357.46137133263335,-0.23356014905152733,4.058577839510008,,,1762832913643,1762832913693,50,1762832913695
VCURIOSITY_33,Set_11_elong_glossy_3.glb,0,1762832913719-252507_before.png,1762832913719-252507_after.png,215.61100438808285,1.5265371547087057,-0.02573899460821849,4.0651658220753575,,,1762832913719,1762832913769,50,1762832913770
VCURIOSITY_33,Set_11_elong_glossy_3.glb,0,1762832913818-645755_before.png,1762832913818-645755_after.png,215.7925029054105,5.587748097594556,0.1814985173276682,4.06121094288585,,,1762832913817,1762832913870,53,1762832913874
VCURIOSITY_33,Set_11_elong_glossy_3.glb,0,1762832913910-414762_before.png,1762832913910-414762_after.png,216.18536092217394,9.634311053243835,0.39285801676351184,4.046562955649279,,,1762832913910,1762832913961,51,1762832913962
VCURIOSITY_33,Set_11_elong_glossy_3.glb,0,1762832913977-22546_before.png,1762832913977-22546_after.png,216.79854994953035,13.654972663013439,0.613189027356384,4.020661609769604,,,1762832913977,1762832914028,51,1762832914029
VCURIOSITY_33,Set_11_elong_glossy_3.glb,0,1762832914051-472532_before.png,1762832914051-472532_after.png,217.6461962414341,17.637474986661857,0.8476462919037431,3.9825023236484185,,,1762832914051,1762832914101,50,1762832914104
VCURIOSITY_33,Set_11_elong_glossy_3.glb,0,1762832914147-512725_before.png,1762832914147-512725_after.png,218.74803673605817,21.56805021190121,1.1018404946240707,3.9305752252394086,,,1762832914147,1762832914198,51,1762832914200
VCURIOSITY_33,Set_11_elong_glossy_3.glb,0,1762832914208-861358_before.png,1762832914208-861358_after.png,220.12999740560002,25.430825703741164,1.3819606695418543,3.8627754918400115,,,1762832914208,1762832914259,51,1762832914260
VCURIOSITY_33,Set_11_elong_glossy_3.glb,0,1762832914281-570645_before.png,1762832914281-570645_after.png,221.8248283310803,29.207109464864914,1.6948309254803462,3.77628376112375,,,1762832914281,1762832914331,50,1762832914332
VCURIOSITY_33,Set_11_elong_glossy_3.glb,0,1762832914339-816665_before.png,1762832914339-816665_after.png,223.8726576812404,32.87452864389195,2.0478293501601,3.6674191790270925,,,1762832914339,1762832914390,51,1762832914391
VCURIOSITY_33,Set_11_elong_glossy_3.glb,0,1762832914413-409150_before.png,1762832914413-409150_after.png,226.32119725720642,36.40600602955931,2.4485395759660378,3.5314773856673582,,,1762832914413,1762832914464,51,1762832914466
VCURIOSITY_33,Set_11_elong_glossy_3.glb,0,1762832914480-59575_before.png,1762832914480-59575_after.png,229.22511680965246,39.76859257941584,2.903919552446041,3.3625865498565872,,,1762832914480,1762832914530,50,1762832914532
VCURIOSITY_33,Set_11_elong_glossy_3.glb,0,1762832914546-991969_before.png,1762832914546-991969_after.png,232.6437820153597,42.92224652939581,3.4186652057072706,3.1536539499800256,,,1762832914546,1762832914597,51,1762832914599
VCURIOSITY_33,Set_11_elong_glossy_3.glb,0,1762832914644-674684_before.png,1762832914644-674684_after.png,236.63615285321293,45.81878747196549,3.9923708378532865,2.896540942569686,,,1762832914644,1762832914694,50,1762832914695
VCURIOSITY_33,Set_11_elong_glossy_3.glb,0,1762832914710-866817_before.png,1762832914710-866817_after.png,241.25135068463013,48.40147961834856,4.615197831417163,2.582692146383124,,,1762832914710,1762832914762,52,1762832914763
VCURIOSITY_33,Set_11_elong_glossy_3.glb,0,1762832914770-660084_before.png,1762832914770-660084_after.png,246.51372403925996,50.60599421006145,5.262373354629858,2.2045145917129503,,,1762832914770,1762832914821,51,1762832914821
VCURIOSITY_33,Set_11_elong_glossy_3.glb,0,1762832914830-184222_before.png,1762832914830-184222_after.png,252.40305283331048,52.36372943415381,5.889328794050471,1.7577352240923574,,,1762832914830,1762832914885,55,1762832914887
VCURIOSITY_33,Set_11_elong_glossy_3.glb,0,1762832914903-978154_before.png,1762832914903-978154_after.png,258.83455200445457,53.60828908679815,6.4314991711440825,1.2445596526442841,,,1762832914903,1762832914953,50,1762832914950
VCURIOSITY_33,Set_11_elong_glossy_3.glb,0,1762832914962-130601_before.png,1762832914962-130601_after.png,265.6484512733818,54.28489523294979,6.81389926892723,0.6766061461516983,,,1762832914962,1762832915013,51,1762832915011
VCURIOSITY_33,Set_11_elong_glossy_3.glb,0,1762832915029-403129_before.png,1762832915029-403129_after.png,272.6204506142759,54.36061382625189,6.971999340894172,0.07571859330209918,,,1762832915029,1762832915080,51,1762832915077
VCURIOSITY_33,Set_11_elong_glossy_3.glb,0,1762832915103-229149_before.png,1762832915103-229149_after.png,279.4966061113493,53.83160868668671,6.876155497073341,-0.5290051395652426,,,1762832915103,1762832915154,51,1762832915155
VCURIOSITY_33,Set_11_elong_glossy_3.glb,0,1762832915163-916134_before.png,1762832915163-916134_after.png,286.04115579506447,52.72404128265413,6.544549683715104,-1.1075674040325794,,,1762832915163,1762832915214,51,1762832915215
VCURIOSITY_33,Set_11_elong_glossy_3.glb,0,1762832915231-61202_before.png,1762832915231-61202_after.png,292.0762879713334,51.088161921686265,6.035132176268917,-1.6358793609679196,,,1762832915231,1762832915282,51,1762832915283
VCURIOSITY_33,Set_11_elong_glossy_3.glb,0,1762832915292-30448_before.png,1762832915292-30448_after.png,297.49887872669075,48.98843810338553,5.422590755357305,-2.099723818300731,,,1762832915292,1762832915345,53,1762832915346
VCURIOSITY_33,Set_11_elong_glossy_3.glb,0,1762832915361-926487_before.png,1762832915361-926487_after.png,302.27432891033,46.49365846400036,4.7754501836392365,-2.494779639385115,,,1762832915361,1762832915412,51,1762832915414
VCURIOSITY_33,Set_11_elong_glossy_3.glb,0,1762832915430-883386_before.png,1762832915430-883386_after.png,306.41786691787,43.66963979844439,4.1435380075399735,-2.8240186655559683,,,1762832915430,1762832915486,56,1762832915488
VCURIOSITY_33,Set_11_elong_glossy_3.glb,0,1762832915497-729651_before.png,1762832915497-729651_after.png,309.97406443519657,40.57517295767798,3.556197517326609,-3.094466840766472,,,1762832915497,1762832915547,50,1762832915548
VCURIOSITY_33,Set_11_elong_glossy_3.glb,0,1762832915564-105030_before.png,1762832915564-105030_after.png,313.0005146533299,37.260568361564765,3.0264502181332773,-3.314604596113213,,,1762832915564,1762832915615,51,1762832915617
VCURIOSITY_33,Set_11_elong_glossy_3.glb,0,1762832915625-315773_before.png,1762832915625-315773_after.png,315.5571015853206,33.76781127382105,2.5565869319907506,-3.492757087743712,,,1762832915625,1762832915677,52,1762832915679
VCURIOSITY_33,Set_11_elong_glossy_3.glb,0,1762832915695-971717_before.png,1762832915695-971717_after.png,317.6999627859676,30.131504308253113,2.1428612006470757,-3.636306965567883,,,1762832915695,1762832915746,51,1762832915747
VCURIOSITY_33,Set_11_elong_glossy_3.glb,0,1762832915762-506456_before.png,1762832915762-506456_after.png,319.4786482713893,26.380073296852117,1.7786854854216472,-3.751431011400996,,,1762832915762,1762832915816,54,1762832915818
VCURIOSITY_33,Set_11_elong_glossy_3.glb,0,1762832915825-320593_before.png,1762832915825-320593_after.png,320.9351774959424,22.536960563925163,1.456529224553151,-3.843112732927011,,,1762832915825,1762832915881,56,1762832915880
VCURIOSITY_33,Set_11_elong_glossy_3.glb,0,1762832915928-786805_before.png,1762832915928-786805_after.png,322.10409371941364,18.62168794245855,1.1689162234712285,-3.9152726214665563,,,1762832915928,1762832915980,52,1762832915983
VCURIOSITY_33,Set_11_elong_glossy_3.glb,0,1762832915993-793757_before.png,1762832915993-793757_after.png,323.0129629131515,14.65075802348565,0.9088691937379281,-3.9709299189728426,,,1762832915993,1762832916044,51,1762832916040
VCURIOSITY_33,Set_11_elong_glossy_3.glb,0,1762832916054-449959_before.png,1762832916054-449959_after.png,323.6830053852633,10.638402980980402,0.6700424721118452,-4.012355042505305,,,1762832916054,1762832916106,52,1762832916108
VCURIOSITY_33,Set_11_elong_glossy_3.glb,0,1762832916121-676990_before.png,1762832916121-676990_after.png,324.12969646825707,6.597206506876432,0.44669108299376603,-4.0411964741040265,,,1762832916121,1762832916177,56,1762832916175
VCURIOSITY_33,Set_11_elong_glossy_3.glb,0,1762832916194-644866_before.png,1762832916194-644866_after.png,324.36325661730854,2.5386286673663108,0.23356014905152733,-4.0585778395101215,,,1762832916194,1762832916247,53,1762832916248
VCURIOSITY_33,Set_11_elong_glossy_3.glb,0,1762832916285-681031_before.png,1762832916285-681031_after.png,324.38899561191676,358.47346284529095,0.02573899460821849,-4.065165822075414,,,1762832916285,1762832916342,57,1762832916343
VCURIOSITY_33,Set_11_elong_glossy_3.glb,0,1762832916352-176427_before.png,1762832916352-176427_after.png,324.20749709458903,354.41225190240505,-0.18149851732778188,-4.061210942885964,,,1762832916352,1762832916404,52,1762832916405
VCURIOSITY_33,Set_11_elong_glossy_3.glb,0,1762832916419-848956_before.png,1762832916419-848956_after.png,323.8146390778255,350.36568894675577,-0.39285801676351184,-4.046562955649279,,,1762832916419,1762832916472,53,1762832916470
VCURIOSITY_33,Set_11_elong_glossy_3.glb,0,1762832916482-947918_before.png,1762832916482-947918_after.png,323.2014500504691,346.34502733698616,-0.613189027356384,-4.020661609769604,,,1762832916482,1762832916533,51,1762832916533
VCURIOSITY_33,Set_11_elong_glossy_3.glb,0,1762832916551-235332_before.png,1762832916551-235332_after.png,322.3538037585653,342.36252501333774,-0.8476462919038568,-3.9825023236484185,,,1762832916551,1762832916605,54,1762832916606
VCURIOSITY_33,Set_11_elong_glossy_3.glb,0,1762832916620-161615_before.png,1762832916620-161615_after.png,321.25196326394115,338.43194978809845,-1.1018404946241844,-3.930575225239295,,,1762832916620,1762832916671,51,1762832916673
VCURIOSITY_33,Set_11_elong_glossy_3.glb,0,1762832916680-652537_before.png,1762832916680-652537_after.png,319.87000259439924,334.56917429625855,-1.381960669541968,-3.8627754918398978,,,1762832916680,1762832916732,52,1762832916733
VCURIOSITY_33,Set_11_elong_glossy_3.glb,0,1762832916748-625538_before.png,1762832916748-625538_after.png,318.17517166891895,330.7928905351348,-1.6948309254803462,-3.77628376112375,,,1762832916748,1762832916798,50,1762832916799
VCURIOSITY_33,Set_11_elong_glossy_3.glb,0,1762832916820-238550_before.png,1762832916820-238550_after.png,316.1273423187588,327.1254713561078,-2.0478293501601,-3.667419179026979,,,1762832916820,1762832916871,51,1762832916872
VCURIOSITY_33,Set_11_elong_glossy_3.glb,0,1762832916915-337345_before.png,1762832916915-337345_after.png,313.6788027427927,323.5939939704406,-2.4485395759661515,-3.5314773856672446,,,1762832916915,1762832916968,53,1762832916967
VCURIOSITY_33,Set_11_elong_glossy_3.glb,0,1762832916979-299627_before.png,1762832916979-299627_after.png,310.7748831903466,320.2314074205842,-2.903919552446041,-3.36258654985636,,,1762832916979,1762832917029,50,1762832917029
VCURIOSITY_33,Set_11_elong_glossy_3.glb,0,1762832917043-344198_before.png,1762832917043-344198_after.png,307.3562179846394,317.07775347060436,-3.418665205707157,-3.153653949979798,,,1762832917043,1762832917098,55,1762832917096
VCURIOSITY_33,Set_11_elong_glossy_3.glb,0,1762832917124-163046_before.png,1762832917124-163046_after.png,303.36384714678627,314.18121252803473,-3.992370837853059,-2.8965409425695725,,,1762832917124,1762832917175,51,1762832917176
VCURIOSITY_33,Set_11_elong_glossy_3.glb,0,1762832917205-967224_before.png,1762832917205-967224_after.png,298.7486493153691,311.59852038165184,-4.615197831417163,-2.5826921463828967,,,1762832917205,1762832917261,56,1762832917261
VCURIOSITY_33,Set_11_elong_glossy_3.glb,0,1762832917271-802278_before.png,1762832917271-802278_after.png,293.48627596073953,309.39400578993906,-5.262373354629517,-2.204514591712723,,,1762832917271,1762832917322,51,1762832917319
VCURIOSITY_33,Set_11_elong_glossy_3.glb,0,1762832917338-371133_before.png,1762832917338-371133_after.png,287.59694716668923,307.63627056584687,-5.889328794050243,-1.75773522409213,,,1762832917338,1762832917388,50,1762832917389
VCURIOSITY_33,Set_11_elong_glossy_3.glb,0,1762832917407-772206_before.png,1762832917407-772206_after.png,281.16544799554555,306.39171091320264,-6.4314991711437415,-1.2445596526442841,,,1762832917407,1762832917462,55,1762832917460
VCURIOSITY_33,Set_11_elong_glossy_3.glb,0,1762832917473-127932_before.png,1762832917473-127932_after.png,274.3515487266187,305.7151047670511,-6.813899268926889,-0.676606146151471,,,1762832917473,1762832917526,53,1762832917528
VCURIOSITY_33,Set_11_elong_glossy_3.glb,0,1762832917543-217900_before.png,1762832917543-217900_after.png,267.379549385725,305.6393861737491,-6.971999340893717,-0.07571859330209918,,,1762832917543,1762832917594,51,1762832917594
VCURIOSITY_33,Set_11_elong_glossy_3.glb,0,1762832917609-319043_before.png,1762832917609-319043_after.png,260.503393888652,306.16839131331426,-6.876155497073,0.5290051395652426,,,1762832917609,1762832917660,51,1762832917660
VCURIOSITY_33,Set_11_elong_glossy_3.glb,0,1762832917675-148054_before.png,1762832917675-148054_after.png,253.9588442049372,307.27595871734684,-6.544549683714763,1.1075674040325794,,,1762832917675,1762832917726,51,1762832917727
VCURIOSITY_33,Set_11_elong_glossy_3.glb,0,1762832917734-894426_before.png,1762832917734-894426_after.png,247.92371202866667,308.91183807831425,-6.035132176270508,1.635879360967465,,,1762832917734,1762832917786,52,1762832917788
VCURIOSITY_33,Set_11_elong_glossy_3.glb,0,1762832917802-931557_before.png,1762832917802-931557_after.png,242.50112127330914,311.01156189661486,-5.4225907553575325,2.0997238183006175,,,1762832917802,1762832917853,51,1762832917853
VCURIOSITY_33,Set_11_elong_glossy_3.glb,0,1762832917876-334495_before.png,1762832917876-334495_after.png,237.7256710896699,313.506341536,-4.7754501836392365,2.494779639385115,,,1762832917876,1762832917926,50,1762832917927
VCURIOSITY_33,Set_11_elong_glossy_3.glb,0,1762832917937-252712_before.png,1762832917937-252712_after.png,233.58213308212976,316.3303602015559,-4.143538007540201,2.8240186655559683,,,1762832917937,1762832917988,51,1762832917987
VCURIOSITY_33,Set_11_elong_glossy_3.glb,0,1762832917998-953380_before.png,1762832917998-953380_after.png,230.02593556480323,319.4248270423222,-3.5561975173264955,3.094466840766245,,,1762832917998,1762832918052,54,1762832918052
VCURIOSITY_33,Set_11_elong_glossy_3.glb,0,1762832918067-834885_before.png,1762832918067-834885_after.png,226.99948534666987,322.7394316384353,-3.026450218133391,3.3146045961130994,,,1762832918067,1762832918118,51,1762832918120
VCURIOSITY_33,Set_11_elong_glossy_3.glb,0,1762832918135-310716_before.png,1762832918135-310716_after.png,224.4428984146792,326.23218872617895,-2.556586931990637,3.492757087743712,,,1762832918135,1762832918186,51,1762832918188
VCURIOSITY_33,Set_11_elong_glossy_3.glb,0,1762832918196-476980_before.png,1762832918196-476980_after.png,222.30003721403222,329.86849569174683,-2.142861200646962,3.636306965567883,,,1762832918196,1762832918247,51,1762832918250
VCURIOSITY_33,Set_11_elong_glossy_3.glb,0,1762832918265-934840_before.png,1762832918265-934840_after.png,220.52135172861045,333.6199267031477,-1.7786854854217609,3.751431011400882,,,1762832918265,1762832918317,52,1762832918314
VCURIOSITY_33,Set_11_elong_glossy_3.glb,0,1762832918333-278476_before.png,1762832918333-278476_after.png,219.06482250405733,337.4630394360746,-1.456529224553151,3.8431127329268975,,,1762832918333,1762832918385,52,1762832918386
VCURIOSITY_33,Set_11_elong_glossy_3.glb,0,1762832918394-856423_before.png,1762832918394-856423_after.png,217.8959062805861,341.3783120575412,-1.1689162234712285,3.9152726214665563,,,1762832918394,1762832918445,51,1762832918442
VCURIOSITY_33,Set_11_elong_glossy_3.glb,0,1762832918462-724804_before.png,1762832918462-724804_after.png,216.9870370868482,345.349241976514,-0.9088691937379281,3.9709299189728426,,,1762832918462,1762832918512,50,1762832918514
VCURIOSITY_33,Set_11_elong_glossy_3.glb,0,1762832918537-880392_before.png,1762832918537-880392_after.png,216.3169946147364,349.36159701901926,-0.6700424721118452,4.012355042505305,,,1762832918537,1762832918589,52,1762832918589
VCURIOSITY_33,Set_11_elong_glossy_3.glb,0,1762832918605-235428_before.png,1762832918605-235428_after.png,215.87030353174254,353.40279349312317,-0.4466910829938797,4.041196474103913,,,1762832918605,1762832918656,51,1762832918653
VCURIOSITY_33,Set_11_elong_glossy_3.glb,0,1762832918665-934402_before.png,1762832918665-934402_after.png,215.63674338269104,357.46137133263323,-0.23356014905152733,4.058577839510008,,,1762832918665,1762832918715,50,1762832918713
VCURIOSITY_33,Set_11_elong_glossy_3.glb,0,1762832918727-323462_before.png,1762832918727-323462_after.png,215.6110043880828,1.526537154708592,-0.02573899460821849,4.0651658220753575,,,1762832918727,1762832918777,50,1762832918775
VCURIOSITY_33,Set_11_elong_glossy_3.glb,0,1762832918794-465910_before.png,1762832918794-465910_after.png,215.79250290541043,5.587748097594442,0.1814985173276682,4.06121094288585,,,1762832918794,1762832918846,52,1762832918847
VCURIOSITY_33,Set_11_elong_glossy_3.glb,0,1762832918863-384582_before.png,1762832918863-384582_after.png,216.18536092217389,9.63431105324372,0.39285801676351184,4.046562955649279,,,1762832918863,1762832918914,51,1762832918915
VCURIOSITY_33,Set_11_elong_glossy_3.glb,0,1762832918923-123490_before.png,1762832918923-123490_after.png,216.7985499495303,13.654972663013325,0.613189027356384,4.020661609769604,,,1762832918923,1762832918974,51,1762832918975
VCURIOSITY_33,Set_11_elong_glossy_3.glb,0,1762832918990-296021_before.png,1762832918990-296021_after.png,217.646196241434,17.6374749866618,0.8476462919037431,3.982502323648532,,,1762832918990,1762832919041,51,1762832919041
VCURIOSITY_33,Set_11_elong_glossy_3.glb,0,1762832919056-598864_before.png,1762832919056-598864_after.png,218.74803673605805,21.568050211901095,1.1018404946240707,3.930575225239295,,,1762832919056,1762832919108,52,1762832919110
VCURIOSITY_33,Set_11_elong_glossy_3.glb,0,1762832919123-610165_before.png,1762832919123-610165_after.png,220.12999740559988,25.43082570374105,1.3819606695418543,3.8627754918400115,,,1762832919123,1762832919174,51,1762832919175
VCURIOSITY_33,Set_11_elong_glossy_3.glb,0,1762832919201-674472_before.png,1762832919201-674472_after.png,221.82482833108017,29.207109464864857,1.6948309254803462,3.77628376112375,,,1762832919201,1762832919254,53,1762832919255
VCURIOSITY_33,Set_11_elong_glossy_3.glb,0,1762832919299-70905_before.png,1762832919299-70905_after.png,223.87265768124024,32.87452864389189,2.0478293501601,3.6674191790270925,,,1762832919299,1762832919351,52,1762832919351
VCURIOSITY_33,Set_11_elong_glossy_3.glb,0,1762832919395-127015_before.png,1762832919395-127015_after.png,226.32119725720625,36.40600602955925,2.4485395759660378,3.5314773856673582,,,1762832919395,1762832919446,51,1762832919438
VCURIOSITY_33,Set_11_elong_glossy_3.glb,0,1762832919483-965543_before.png,1762832919483-965543_after.png,229.2251168096523,39.768592579415724,2.903919552446041,3.3625865498564735,,,1762832919482,1762832919535,53,1762832919523
VCURIOSITY_33,Set_11_elong_glossy_3.glb,0,1762832919558-389009_before.png,1762832919558-389009_after.png,232.6437820153595,42.92224652939569,3.418665205707157,3.1536539499800256,,,1762832919558,1762832919612,54,1762832919611
VCURIOSITY_33,Set_11_elong_glossy_3.glb,0,1762832919629-953160_before.png,1762832919629-953160_after.png,236.6361528532127,45.818787471965436,3.992370837853173,2.8965409425698,,,1762832919629,1762832919682,53,1762832919683
VCURIOSITY_33,Set_11_elong_glossy_3.glb,0,1762832919716-118752_before.png,1762832919716-118752_after.png,241.25135068462993,48.40147961834856,4.615197831417163,2.582692146383124,,,1762832919716,1762832919769,53,1762832919770
VCURIOSITY_33,Set_11_elong_glossy_3.glb,0,1762832919793-213700_before.png,1762832919793-213700_after.png,246.51372403925967,50.60599421006145,5.262373354629744,2.2045145917129503,,,1762832919793,1762832919849,56,1762832919849
VCURIOSITY_33,Set_11_elong_glossy_3.glb,0,1762832919857-719235_before.png,1762832919857-719235_after.png,252.40305283331023,52.36372943415381,5.889328794050584,1.7577352240923574,,,1762832919857,1762832919908,51,1762832919908
VCURIOSITY_33,Set_11_elong_glossy_3.glb,0,1762832919952-102350_before.png,1762832919952-102350_after.png,258.8345520044543,53.60828908679821,6.4314991711440825,1.2445596526443978,,,1762832919952,1762832920009,57,1762832920011
VCURIOSITY_33,Set_11_elong_glossy_3.glb,0,1762832920056-534822_before.png,1762832920056-534822_after.png,265.6484512733815,54.28489523294991,6.81389926892723,0.6766061461516983,,,1762832920056,1762832920107,51,1762832920108
VCURIOSITY_33,Set_11_elong_glossy_3.glb,0,1762832920152-507589_before.png,1762832920152-507589_after.png,272.6204506142756,54.36061382625195,6.971999340894172,0.07571859330209918,,,1762832920152,1762832920202,50,1762832920201
VCURIOSITY_33,Set_11_elong_glossy_3.glb,0,1762832920211-407088_before.png,1762832920211-407088_after.png,279.4966061113491,53.83160868668682,6.876155497073455,-0.529005139565129,,,1762832920211,1762832920261,50,1762832920264
VCURIOSITY_33,Set_11_elong_glossy_3.glb,0,1762832920281-942831_before.png,1762832920281-942831_after.png,286.04115579506424,52.72404128265424,6.544549683715104,-1.1075674040325794,,,1762832920281,1762832920335,54,1762832920336
VCURIOSITY_33,Set_11_elong_glossy_3.glb,0,1762832920379-645993_before.png,1762832920379-645993_after.png,292.0762879713332,51.08816192168621,6.035132176268917,-1.6358793609680333,,,1762832920379,1762832920429,50,1762832920433
VCURIOSITY_33,Set_11_elong_glossy_3.glb,0,1762832920447-610884_before.png,1762832920447-610884_after.png,297.49887872669063,48.98843810338553,5.422590755357419,-2.0997238183006175,,,1762832920447,1762832920499,52,1762832920497
VCURIOSITY_33,Set_11_elong_glossy_3.glb,0,1762832920508-453141_before.png,1762832920508-453141_after.png,302.2743289103298,46.49365846400036,4.775450183639123,-2.494779639385115,,,1762832920508,1762832920561,53,1762832920562
VCURIOSITY_33,Set_11_elong_glossy_3.glb,0,1762832920578-756328_before.png,1762832920578-756328_after.png,306.41786691786996,43.66963979844439,4.143538007540201,-2.8240186655559683,,,1762832920578,1762832920630,52,1762832920631
VCURIOSITY_33,Set_11_elong_glossy_3.glb,0,1762832920638-841184_before.png,1762832920638-841184_after.png,309.97406443519645,40.57517295767798,3.5561975173264955,-3.094466840766472,,,1762832920638,1762832920691,53,1762832920693
VCURIOSITY_33,Set_11_elong_glossy_3.glb,0,1762832920709-971033_before.png,1762832920709-971033_after.png,313.00051465332984,37.260568361564765,3.026450218133391,-3.314604596113213,,,1762832920709,1762832920760,51,1762832920758
VCURIOSITY_33,Set_11_elong_glossy_3.glb,0,1762832920808-631148_before.png,1762832920808-631148_after.png,315.5571015853205,33.76781127382105,2.556586931990637,-3.492757087743712,,,1762832920808,1762832920860,52,1762832920861
VCURIOSITY_33,Set_11_elong_glossy_3.glb,0,1762832920868-522898_before.png,1762832920868-522898_after.png,317.6999627859675,30.131504308253113,2.1428612006470757,-3.636306965567883,,,1762832920868,1762832920922,54,1762832920923
VCURIOSITY_33,Set_11_elong_glossy_3.glb,0,1762832920948-885208_before.png,1762832920948-885208_after.png,319.47864827138926,26.380073296852174,1.7786854854217609,-3.751431011400882,,,1762832920948,1762832921002,54,1762832921004
VCURIOSITY_33,Set_11_elong_glossy_3.glb,0,1762832921048-347542_before.png,1762832921048-347542_after.png,320.93517749594236,22.53696056392522,1.456529224553151,-3.843112732927011,,,1762832921048,1762832921101,53,1762832921103
VCURIOSITY_33,Set_11_elong_glossy_3.glb,0,1762832921135-657111_before.png,1762832921135-657111_after.png,322.1040937194136,18.62168794245855,1.1689162234712285,-3.91527262146667,,,1762832921135,1762832921188,53,1762832921188
VCURIOSITY_33,Set_11_elong_glossy_3.glb,0,1762832921201-733859_before.png,1762832921201-733859_after.png,323.01296291315145,14.650758023485707,0.9088691937379281,-3.9709299189728426,,,1762832921201,1762832921255,54,1762832921256
VCURIOSITY_33,Set_11_elong_glossy_3.glb,0,1762832921277-735074_before.png,1762832921277-735074_after.png,323.68300538526324,10.638402980980402,0.6700424721118452,-4.012355042505305,,,1762832921277,1762832921329,52,1762832921329
VCURIOSITY_33,Set_11_elong_glossy_3.glb,0,1762832921337-297786_before.png,1762832921337-297786_after.png,324.129696468257,6.597206506876432,0.44669108299376603,-4.0411964741040265,,,1762832921337,1762832921393,56,1762832921394
VCURIOSITY_33,Set_11_elong_glossy_3.glb,0,1762832921440-679180_before.png,1762832921440-679180_after.png,324.3632566173085,2.5386286673663108,0.23356014905152733,-4.0585778395101215,,,1762832921440,1762832921492,52,1762832921493
VCURIOSITY_33,Set_11_elong_glossy_3.glb,0,1762832921511-871928_before.png,1762832921511-871928_after.png,324.3889956119167,358.47346284529095,0.02573899460821849,-4.065165822075414,,,1762832921511,1762832921566,55,1762832921562
VCURIOSITY_33,Set_11_elong_glossy_3.glb,0,1762832921601-234502_before.png,1762832921601-234502_after.png,324.20749709458903,354.4122519024051,-0.1814985173276682,-4.06121094288585,,,1762832921601,1762832921652,51,1762832921650
VCURIOSITY_33,Set_11_elong_glossy_3.glb,0,1762832921669-242385_before.png,1762832921669-242385_after.png,323.8146390778255,350.3656889467558,-0.39285801676351184,-4.046562955649279,,,1762832921669,1762832921721,52,1762832921723
VCURIOSITY_33,Set_11_elong_glossy_3.glb,0,1762832921764-418598_before.png,1762832921764-418598_after.png,323.201450050469,346.3450273369862,-0.6131890273564977,-4.020661609769604,,,1762832921764,1762832921817,53,1762832921818
VCURIOSITY_33,Set_11_elong_glossy_3.glb,0,1762832921840-224800_before.png,1762832921840-224800_after.png,322.3538037585652,342.3625250133378,-0.8476462919038568,-3.9825023236484185,,,1762832921840,1762832921891,51,1762832921893
VCURIOSITY_33,Set_11_elong_glossy_3.glb,0,1762832921931-907919_before.png,1762832921931-907919_after.png,321.25196326394115,338.4319497880985,-1.1018404946240707,-3.930575225239295,,,1762832921931,1762832921982,51,1762832921982
VCURIOSITY_33,Set_11_elong_glossy_3.glb,0,1762832922004-907594_before.png,1762832922004-907594_after.png,319.87000259439924,334.5691742962586,-1.381960669541968,-3.8627754918398978,,,1762832922004,1762832922055,51,1762832922055
VCURIOSITY_33,Set_11_elong_glossy_3.glb,0,1762832922064-922199_before.png,1762832922064-922199_after.png,318.1751716689189,330.7928905351349,-1.6948309254803462,-3.77628376112375,,,1762832922064,1762832922121,57,1762832922122
VCURIOSITY_33,Set_11_elong_glossy_3.glb,0,1762832922165-154190_before.png,1762832922165-154190_after.png,316.12734231875874,327.12547135610794,-2.0478293501601,-3.667419179026979,,,1762832922165,1762832922219,54,1762832922218
VCURIOSITY_33,Set_11_elong_glossy_3.glb,0,1762832922265-789145_before.png,1762832922265-789145_after.png,313.6788027427927,323.5939939704407,-2.4485395759660378,-3.5314773856672446,,,1762832922265,1762832922321,56,1762832922322
VCURIOSITY_33,Set_11_elong_glossy_3.glb,0,1762832922332-526544_before.png,1762832922332-526544_after.png,310.7748831903466,320.2314074205843,-2.903919552446041,-3.36258654985636,,,1762832922332,1762832922383,51,1762832922381
VCURIOSITY_33,Set_11_elong_glossy_3.glb,0,1762832922393-349518_before.png,1762832922393-349518_after.png,307.35621798463944,317.0777534706045,-3.418665205707157,-3.153653949979798,,,1762832922393,1762832922448,55,1762832922450
VCURIOSITY_33,Set_11_elong_glossy_3.glb,0,1762832922466-503579_before.png,1762832922466-503579_after.png,303.3638471467863,314.1812125280349,-3.992370837853059,-2.8965409425695725,,,1762832922466,1762832922519,53,1762832922520
VCURIOSITY_33,Set_11_elong_glossy_3.glb,0,1762832922564-271565_before.png,1762832922564-271565_after.png,298.7486493153692,311.59852038165195,-4.615197831417163,-2.5826921463828967,,,1762832922564,1762832922614,50,1762832922614
VCURIOSITY_33,Set_11_elong_glossy_3.glb,0,1762832922663-525935_before.png,1762832922663-525935_after.png,293.4862759607397,309.39400578993923,-5.262373354629517,-2.204514591712723,,,1762832922663,1762832922719,56,1762832922716
VCURIOSITY_33,Set_11_elong_glossy_3.glb,0,1762832922758-712930_before.png,1762832922758-712930_after.png,287.5969471666894,307.636270565847,-5.889328794050243,-1.7577352240922437,,,1762832922758,1762832922813,55,1762832922814
VCURIOSITY_33,Set_11_elong_glossy_3.glb,0,1762832922821-293971_before.png,1762832922821-293971_after.png,281.1654479955457,306.39171091320276,-6.4314991711437415,-1.2445596526442841,,,1762832922821,1762832922876,55,1762832922878
VCURIOSITY_33,Set_11_elong_glossy_3.glb,0,1762832922929-608129_before.png,1762832922929-608129_after.png,274.35154872661894,305.71510476705123,-6.813899268926775,-0.676606146151471,,,1762832922929,1762832922983,54,1762832922981
VCURIOSITY_33,Set_11_elong_glossy_3.glb,0,1762832923490-52938_before.png,1762832923490-52938_after.png,267.37954938572534,305.6393861737492,-6.971999340893603,-0.07571859330209918,,,1762832923490,1762832923540,50,1762832923536
VCURIOSITY_33,Set_11_elong_glossy_3.glb,0,1762832927426-489565_before.png,1762832927426-489565_after.png,260.5033938886524,306.1683913133144,-6.876155497072887,0.5290051395652426,,,1762832927426,1762832927476,50,1762832927476
VCURIOSITY_33,Set_11_elong_glossy_3.glb,0,1762832927858-284023_before.png,1762832927858-284023_after.png,253.95884420493752,307.2759587173469,-6.544549683714877,1.1075674040325794,,,1762832927858,1762832927909,51,1762832927909
VCURIOSITY_33,Set_11_elong_glossy_3.glb,0,1762832928352-147537_before.png,1762832928352-147537_after.png,247.9237120286667,308.91183807831436,-6.035132176270849,1.635879360967465,,,1762832928352,1762832928402,50,1762832928404
VCURIOSITY_33,Set_11_elong_glossy_3.glb,0,1762832928423-442307_before.png,1762832928423-442307_after.png,242.5011212733092,311.011561896615,-5.4225907553575325,2.0997238183006175,,,1762832928423,1762832928474,51,1762832928475
VCURIOSITY_33,Set_11_elong_glossy_3.glb,0,1762832928494-602911_before.png,1762832928494-602911_after.png,237.7256710896699,313.50634153600004,-4.77545018363935,2.494779639385115,,,1762832928494,1762832928545,51,1762832928545
VCURIOSITY_33,Set_11_elong_glossy_3.glb,0,1762832928557-676155_before.png,1762832928557-676155_after.png,233.58213308212981,316.3303602015559,-4.143538007540087,2.8240186655558546,,,1762832928557,1762832928608,51,1762832928610
VCURIOSITY_33,Set_11_elong_glossy_3.glb,0,1762832928650-555319_before.png,1762832928650-555319_after.png,230.02593556480323,319.4248270423222,-3.556197517326609,3.094466840766245,,,1762832928650,1762832928712,62,1762832928710
VCURIOSITY_33,Set_11_elong_glossy_3.glb,0,1762832928727-465501_before.png,1762832928727-465501_after.png,226.99948534666987,322.7394316384353,-3.026450218133391,3.3146045961130994,,,1762832928727,1762832928778,51,1762832928778
VCURIOSITY_33,Set_11_elong_glossy_3.glb,0,1762832928785-466305_before.png,1762832928785-466305_after.png,224.4428984146792,326.23218872617895,-2.556586931990637,3.492757087743712,,,1762832928785,1762832928839,54,1762832928840
VCURIOSITY_33,Set_11_elong_glossy_3.glb,0,1762832928855-270307_before.png,1762832928855-270307_after.png,222.3000372140322,329.86849569174683,-2.1428612006470757,3.636306965567883,,,1762832928855,1762832928907,52,1762832928907
VCURIOSITY_33,Set_11_elong_glossy_3.glb,0,1762832928955-623096_before.png,1762832928955-623096_after.png,220.52135172861043,333.6199267031477,-1.7786854854217609,3.751431011400882,,,1762832928955,1762832929007,52,1762832929007
VCURIOSITY_33,Set_11_elong_glossy_3.glb,0,1762832929052-674881_before.png,1762832929052-674881_after.png,219.0648225040573,337.46303943607455,-1.456529224553151,3.843112732926784,,,1762832929052,1762832929104,52,1762832929105
VCURIOSITY_33,Set_11_elong_glossy_3.glb,0,1762832929120-579470_before.png,1762832929120-579470_after.png,217.89590628058608,341.37831205754117,-1.1689162234712285,3.9152726214665563,,,1762832929120,1762832929171,51,1762832929171
VCURIOSITY_33,Set_11_elong_glossy_3.glb,0,1762832929180-481288_before.png,1762832929180-481288_after.png,216.98703708684818,345.34924197651395,-0.9088691937379281,3.9709299189728426,,,1762832929180,1762832929231,51,1762832929232
VCURIOSITY_33,Set_11_elong_glossy_3.glb,0,1762832929247-763360_before.png,1762832929247-763360_after.png,216.31699461473633,349.3615970190192,-0.6700424721118452,4.012355042505305,,,1762832929247,1762832929298,51,1762832929298
VCURIOSITY_33,Set_11_elong_glossy_3.glb,0,1762832929322-192959_before.png,1762832929322-192959_after.png,215.8703035317425,353.40279349312306,-0.44669108299376603,4.041196474103799,,,1762832929322,1762832929373,51,1762832929374
VCURIOSITY_33,Set_11_elong_glossy_3.glb,0,1762832929385-937536_before.png,1762832929385-937536_after.png,215.636743382691,357.4613713326332,-0.23356014905152733,4.0585778395101215,,,1762832929385,1762832929439,54,1762832929440
VCURIOSITY_33,Set_11_elong_glossy_3.glb,0,1762832929480-81658_before.png,1762832929480-81658_after.png,215.6110043880827,1.5265371547084783,-0.025738994608332177,4.065165822075301,,,1762832929480,1762832929531,51,1762832929521
VCURIOSITY_33,Set_11_elong_glossy_3.glb,0,1762832929544-462190_before.png,1762832929544-462190_after.png,215.79250290541034,5.5877480975943286,0.1814985173276682,4.06121094288585,,,1762832929544,1762832929594,50,1762832929597
VCURIOSITY_33,Set_11_elong_glossy_3.glb,0,1762832929617-580315_before.png,1762832929617-580315_after.png,216.1853609221738,9.634311053243607,0.39285801676351184,4.046562955649279,,,1762832929617,1762832929682,65,1762832929682
VCURIOSITY_33,Set_11_elong_glossy_3.glb,0,1762832929717-920869_before.png,1762832929717-920869_after.png,216.79854994953016,13.654972663013268,0.613189027356384,4.020661609769604,,,1762832929717,1762832929769,52,1762832929770
VCURIOSITY_33,Set_11_elong_glossy_3.glb,0,1762832929777-609149_before.png,1762832929777-609149_after.png,217.6461962414339,17.637474986661687,0.8476462919037431,3.9825023236484185,,,1762832929777,1762832929829,52,1762832929827
VCURIOSITY_33,Set_11_elong_glossy_3.glb,0,1762832929839-769551_before.png,1762832929839-769551_after.png,218.7480367360579,21.56805021190098,1.101840494623957,3.930575225239295,,,1762832929839,1762832929889,50,1762832929889
VCURIOSITY_33,Set_11_elong_glossy_3.glb,0,1762832929907-751301_before.png,1762832929907-751301_after.png,220.12999740559977,25.430825703740993,1.3819606695418543,3.8627754918400115,,,1762832929907,1762832929960,53,1762832929962
VCURIOSITY_33,Set_11_elong_glossy_3.glb,0,1762832929978-602536_before.png,1762832929978-602536_after.png,221.82482833108,29.207109464864743,1.6948309254802325,3.77628376112375,,,1762832929978,1762832930028,50,1762832930025
VCURIOSITY_33,Set_11_elong_glossy_3.glb,0,1762832930074-607590_before.png,1762832930074-607590_after.png,223.87265768124007,32.87452864389178,2.0478293501601,3.6674191790270925,,,1762832930074,1762832930124,50,1762832930124
VCURIOSITY_33,Set_11_elong_glossy_3.glb,0,1762832930138-108109_before.png,1762832930138-108109_after.png,226.32119725720605,36.40600602955914,2.448539575965924,3.5314773856673582,,,1762832930138,1762832930189,51,1762832930189
VCURIOSITY_33,Set_11_elong_glossy_3.glb,0,1762832930219-898935_before.png,1762832930219-898935_after.png,229.22511680965206,39.76859257941567,2.903919552446041,3.3625865498565872,,,1762832930219,1762832930270,51,1762832930257
VCURIOSITY_33,Set_11_elong_glossy_3.glb,0,1762832930305-78207_before.png,1762832930305-78207_after.png,232.64378201535928,42.92224652939569,3.418665205707157,3.1536539499800256,,,1762832930305,1762832930356,51,1762832930353
VCURIOSITY_33,Set_11_elong_glossy_3.glb,0,1762832930374-305042_before.png,1762832930374-305042_after.png,236.63615285321242,45.818787471965436,3.992370837853173,2.8965409425698,,,1762832930374,1762832930427,53,1762832930425
VCURIOSITY_33,Set_11_elong_glossy_3.glb,0,1762832930438-350239_before.png,1762832930438-350239_after.png,241.25135068462967,48.40147961834856,4.615197831417277,2.582692146383124,,,1762832930438,1762832930489,51,1762832930490
VCURIOSITY_33,Set_11_elong_glossy_3.glb,0,1762832930511-376128_before.png,1762832930511-376128_after.png,246.51372403925942,50.60599421006151,5.262373354629744,2.2045145917129503,,,1762832930511,1762832930564,53,1762832930564
VCURIOSITY_33,Set_11_elong_glossy_3.glb,0,1762832930598-356867_before.png,1762832930598-356867_after.png,252.40305283330997,52.36372943415387,5.889328794050584,1.7577352240923574,,,1762832930598,1762832930652,54,1762832930652
VCURIOSITY_33,Set_11_elong_glossy_3.glb,0,1762832930665-181493_before.png,1762832930665-181493_after.png,258.834552004454,53.608289086798266,6.431499171143969,1.2445596526443978,,,1762832930665,1762832930716,51,1762832930716
VCURIOSITY_33,Set_11_elong_glossy_3.glb,0,1762832930731-719101_before.png,1762832930731-719101_after.png,265.6484512733813,54.284895232949964,6.813899268927344,0.6766061461516983,,,1762832930731,1762832930783,52,1762832930785
VCURIOSITY_33,Set_11_elong_glossy_3.glb,0,1762832930798-152145_before.png,1762832930798-152145_after.png,272.62045061427546,54.36061382625206,6.971999340894172,0.07571859330209918,,,1762832930798,1762832930849,51,1762832930849
VCURIOSITY_33,Set_11_elong_glossy_3.glb,0,1762832930861-742071_before.png,1762832930861-742071_after.png,279.4966061113489,53.83160868668688,6.876155497073455,-0.5290051395652426,,,1762832930861,1762832930913,52,1762832930910
VCURIOSITY_33,Set_11_elong_glossy_3.glb,0,1762832930937-359950_before.png,1762832930937-359950_after.png,286.0411557950641,52.724041282654355,6.544549683715218,-1.1075674040325794,,,1762832930937,1762832930988,51,1762832930990
VCURIOSITY_33,Set_11_elong_glossy_3.glb,0,1762832931010-704962_before.png,1762832931010-704962_after.png,292.0762879713333,51.08816192168621,6.035132176269144,-1.635879360968147,,,1762832931010,1762832931063,53,1762832931064
VCURIOSITY_33,Set_11_elong_glossy_3.glb,0,1762832931103-274613_before.png,1762832931103-274613_after.png,297.49887872669063,48.98843810338553,5.422590755357305,-2.0997238183006175,,,1762832931103,1762832931154,51,1762832931154
VCURIOSITY_33,Set_11_elong_glossy_3.glb,0,1762832931167-279127_before.png,1762832931167-279127_after.png,302.2743289103298,46.49365846400036,4.775450183639123,-2.494779639385115,,,1762832931167,1762832931217,50,1762832931217
VCURIOSITY_33,Set_11_elong_glossy_3.glb,0,1762832931239-428387_before.png,1762832931239-428387_after.png,306.4178669178699,43.66963979844439,4.143538007540087,-2.8240186655559683,,,1762832931239,1762832931293,54,1762832931294
VCURIOSITY_33,Set_11_elong_glossy_3.glb,0,1762832931331-516681_before.png,1762832931331-516681_after.png,309.9740644351965,40.57517295767798,3.556197517326609,-3.094466840766472,,,1762832931331,1762832931385,54,1762832931383
VCURIOSITY_33,Set_11_elong_glossy_3.glb,0,1762832931404-713109_before.png,1762832931404-713109_after.png,313.00051465332984,37.260568361564765,3.0264502181332773,-3.314604596113213,,,1762832931404,1762832931457,53,1762832931458
VCURIOSITY_33,Set_11_elong_glossy_3.glb,0,1762832931489-551021_before.png,1762832931489-551021_after.png,315.5571015853205,33.76781127382111,2.556586931990637,-3.492757087743712,,,1762832931489,1762832931545,56,1762832931546
VCURIOSITY_33,Set_11_elong_glossy_3.glb,0,1762832931555-121270_before.png,1762832931555-121270_after.png,317.6999627859675,30.131504308253113,2.1428612006470757,-3.6363069655679965,,,1762832931555,1762832931608,53,1762832931610
VCURIOSITY_33,Set_11_elong_glossy_3.glb,0,1762832931629-740081_before.png,1762832931629-740081_after.png,319.47864827138926,26.380073296852174,1.7786854854217609,-3.751431011400882,,,1762832931629,1762832931683,54,1762832931685
VCURIOSITY_33,Set_11_elong_glossy_3.glb,0,1762832931699-932159_before.png,1762832931699-932159_after.png,320.93517749594236,22.53696056392522,1.456529224553151,-3.843112732927011,,,1762832931699,1762832931753,54,1762832931753
VCURIOSITY_33,Set_11_elong_glossy_3.glb,0,1762832931786-580227_before.png,1762832931786-580227_after.png,322.1040937194136,18.62168794245855,1.1689162234712285,-3.91527262146667,,,1762832931785,1762832931838,53,1762832931839
VCURIOSITY_33,Set_11_elong_glossy_3.glb,0,1762832931856-764115_before.png,1762832931856-764115_after.png,323.01296291315145,14.650758023485707,0.9088691937379281,-3.9709299189728426,,,1762832931856,1762832931910,54,1762832931909
VCURIOSITY_33,Set_11_elong_glossy_3.glb,0,1762832931919-479839_before.png,1762832931919-479839_after.png,323.68300538526324,10.638402980980402,0.6700424721118452,-4.012355042505305,,,1762832931919,1762832931972,53,1762832931972
VCURIOSITY_33,Set_11_elong_glossy_3.glb,0,1762832931983-430985_before.png,1762832931983-430985_after.png,324.129696468257,6.597206506876432,0.44669108299376603,-4.0411964741040265,,,1762832931983,1762832932034,51,1762832932035
VCURIOSITY_33,Set_11_elong_glossy_3.glb,0,1762832932051-565715_before.png,1762832932051-565715_after.png,324.3632566173085,2.5386286673663108,0.23356014905152733,-4.0585778395101215,,,1762832932051,1762832932104,53,1762832932105
VCURIOSITY_33,Set_11_elong_glossy_3.glb,0,1762832932121-64145_before.png,1762832932121-64145_after.png,324.3889956119167,358.47346284529095,0.02573899460821849,-4.065165822075414,,,1762832932121,1762832932176,55,1762832932176
VCURIOSITY_33,Set_11_elong_glossy_3.glb,0,1762832932224-343241_before.png,1762832932224-343241_after.png,324.207497094589,354.4122519024051,-0.18149851732778188,-4.06121094288585,,,1762832932224,1762832932275,51,1762832932276
VCURIOSITY_33,Set_11_elong_glossy_3.glb,0,1762832932294-834497_before.png,1762832932294-834497_after.png,323.81463907782546,350.3656889467558,-0.39285801676351184,-4.046562955649279,,,1762832932294,1762832932347,53,1762832932348
VCURIOSITY_33,Set_11_elong_glossy_3.glb,0,1762832932393-907907_before.png,1762832932393-907907_after.png,323.201450050469,346.3450273369862,-0.613189027356384,-4.020661609769604,,,1762832932393,1762832932445,52,1762832932446
VCURIOSITY_33,Set_11_elong_glossy_3.glb,0,1762832932487-576256_before.png,1762832932487-576256_after.png,322.3538037585652,342.3625250133378,-0.8476462919038568,-3.9825023236484185,,,1762832932487,1762832932541,54,1762832932537
VCURIOSITY_33,Set_11_elong_glossy_3.glb,0,1762832932556-914474_before.png,1762832932556-914474_after.png,321.2519632639411,338.43194978809856,-1.1018404946241844,-3.9305752252391812,,,1762832932556,1762832932609,53,1762832932610
VCURIOSITY_33,Set_11_elong_glossy_3.glb,0,1762832932618-623495_before.png,1762832932618-623495_after.png,319.8700025943992,334.5691742962586,-1.381960669541968,-3.8627754918400115,,,1762832932618,1762832932670,52,1762832932671
VCURIOSITY_33,Set_11_elong_glossy_3.glb,0,1762832932686-592818_before.png,1762832932686-592818_after.png,318.1751716689189,330.7928905351349,-1.6948309254803462,-3.77628376112375,,,1762832932686,1762832932737,51,1762832932737
VCURIOSITY_33,Set_11_elong_glossy_3.glb,0,1762832932745-404821_before.png,1762832932745-404821_after.png,316.12734231875874,327.125471356108,-2.0478293501601,-3.667419179026865,,,1762832932745,1762832932796,51,1762832932796
VCURIOSITY_33,Set_11_elong_glossy_3.glb,0,1762832932811-813605_before.png,1762832932811-813605_after.png,313.6788027427927,323.5939939704407,-2.4485395759660378,-3.5314773856673582,,,1762832932811,1762832932873,62,1762832932874
VCURIOSITY_33,Set_11_elong_glossy_3.glb,0,1762832932914-472487_before.png,1762832932914-472487_after.png,310.7748831903466,320.23140742058433,-2.903919552446041,-3.36258654985636,,,1762832932914,1762832932968,54,1762832932968
VCURIOSITY_33,Set_11_elong_glossy_3.glb,0,1762832932986-376397_before.png,1762832932986-376397_after.png,307.35621798463944,317.07775347060453,-3.418665205707157,-3.153653949979798,,,1762832932986,1762832933037,51,1762832933037
VCURIOSITY_33,Set_11_elong_glossy_3.glb,0,1762832933071-678580_before.png,1762832933071-678580_after.png,303.3638471467864,314.18121252803496,-3.992370837853059,-2.8965409425695725,,,1762832933071,1762832933122,51,1762832933119
VCURIOSITY_33,Set_11_elong_glossy_3.glb,0,1762832933138-754930_before.png,1762832933138-754930_after.png,298.7486493153693,311.59852038165207,-4.615197831417163,-2.5826921463828967,,,1762832933138,1762832933190,52,1762832933185
VCURIOSITY_33,Set_11_elong_glossy_3.glb,0,1762832933205-354827_before.png,1762832933205-354827_after.png,293.48627596073976,309.3940057899393,-5.262373354629517,-2.204514591712723,,,1762832933205,1762832933256,51,1762832933256
VCURIOSITY_33,Set_11_elong_glossy_3.glb,0,1762832933289-752321_before.png,1762832933289-752321_after.png,287.5969471666896,307.6362705658471,-5.889328794050243,-1.75773522409213,,,1762832933289,1762832933340,51,1762832933341
VCURIOSITY_33,Set_11_elong_glossy_3.glb,0,1762832933381-641518_before.png,1762832933381-641518_after.png,281.165447995546,306.3917109132029,-6.431499171143514,-1.2445596526441705,,,1762832933381,1762832933432,51,1762832933432
VCURIOSITY_33,Set_11_elong_glossy_3.glb,0,1762832933445-359131_before.png,1762832933445-359131_after.png,274.3515487266193,305.71510476705134,-6.8138992689266615,-0.6766061461515847,,,1762832933445,1762832933496,51,1762832933498
VCURIOSITY_33,Set_11_elong_glossy_3.glb,0,1762832933541-27783_before.png,1762832933541-27783_after.png,267.3795493857257,305.6393861737493,-6.971999340893603,-0.07571859330209918,,,1762832933541,1762832933592,51,1762832933593
VCURIOSITY_33,Set_11_elong_glossy_3.glb,0,1762832933637-307169_before.png,1762832933637-307169_after.png,260.50339388865274,306.16839131331443,-6.876155497072887,0.529005139565129,,,1762832933637,1762832933687,50,1762832933688
VCURIOSITY_33,Set_11_elong_glossy_3.glb,0,1762832933702-743937_before.png,1762832933702-743937_after.png,253.95884420493803,307.27595871734695,-6.544549683714649,1.1075674040325794,,,1762832933702,1762832933754,52,1762832933754
VCURIOSITY_33,Set_11_elong_glossy_3.glb,0,1762832933781-664049_before.png,1762832933781-664049_after.png,247.9237120286667,308.9118380783145,-6.035132176271304,1.635879360967465,,,1762832933781,1762832933833,52,1762832933823
VCURIOSITY_33,Set_11_elong_glossy_3.glb,0,1762832933864-934200_before.png,1762832933864-934200_after.png,242.5011212733092,311.01156189661504,-5.4225907553575325,2.0997238183006175,,,1762832933864,1762832933914,50,1762832933917
VCURIOSITY_33,Set_11_elong_glossy_3.glb,0,1762832933931-121794_before.png,1762832933931-121794_after.png,237.7256710896699,313.5063415360001,-4.77545018363935,2.494779639385115,,,1762832933931,1762832933981,50,1762832933984
VCURIOSITY_33,Set_11_elong_glossy_3.glb,0,1762832933999-267725_before.png,1762832933999-267725_after.png,233.58213308212981,316.33036020155595,-4.143538007540087,2.8240186655558546,,,1762832933999,1762832934049,50,1762832934053
VCURIOSITY_33,Set_11_elong_glossy_3.glb,0,1762832934067-600491_before.png,1762832934067-600491_after.png,230.02593556480326,319.42482704232225,-3.556197517326609,3.094466840766245,,,1762832934067,1762832934121,54,1762832934123
VCURIOSITY_33,Set_11_elong_glossy_3.glb,0,1762832934129-610492_before.png,1762832934129-610492_after.png,226.99948534666987,322.73943163843535,-3.026450218133391,3.3146045961130994,,,1762832934129,1762832934181,52,1762832934184
VCURIOSITY_33,Set_11_elong_glossy_3.glb,0,1762832934191-330314_before.png,1762832934191-330314_after.png,224.44289841467923,326.23218872617895,-2.556586931990637,3.4927570877435983,,,1762832934191,1762832934245,54,1762832934240
VCURIOSITY_33,Set_11_elong_glossy_3.glb,0,1762832934257-238206_before.png,1762832934257-238206_after.png,222.3000372140322,329.86849569174683,-2.1428612006470757,3.636306965567883,,,1762832934257,1762832934316,59,1762832934321
VCURIOSITY_33,Set_11_elong_glossy_3.glb,0,1762832934367-976381_before.png,1762832934367-976381_after.png,220.52135172861043,333.61992670314766,-1.7786854854217609,3.751431011400882,,,1762832934367,1762832934418,51,1762832934421
VCURIOSITY_33,Set_11_elong_glossy_3.glb,0,1762832934435-662417_before.png,1762832934435-662417_after.png,219.0648225040573,337.46303943607455,-1.456529224553151,3.8431127329268975,,,1762832934435,1762832934486,51,1762832934490
VCURIOSITY_33,Set_11_elong_glossy_3.glb,0,1762832934532-609529_before.png,1762832934532-609529_after.png,217.89590628058605,341.3783120575411,-1.1689162234712285,3.9152726214665563,,,1762832934532,1762832934582,50,1762832934583
VCURIOSITY_33,Set_11_elong_glossy_3.glb,0,1762832934599-553544_before.png,1762832934599-553544_after.png,216.98703708684818,345.3492419765139,-0.9088691937379281,3.9709299189728426,,,1762832934599,1762832934651,52,1762832934650
VCURIOSITY_33,Set_11_elong_glossy_3.glb,0,1762832934678-821756_before.png,1762832934678-821756_after.png,216.3169946147363,349.3615970190191,-0.6700424721118452,4.012355042505192,,,1762832934678,1762832934733,55,1762832934736
VCURIOSITY_33,Set_11_elong_glossy_3.glb,0,1762832934757-626316_before.png,1762832934757-626316_after.png,215.8703035317425,353.402793493123,-0.44669108299376603,4.041196474103913,,,1762832934757,1762832934811,54,1762832934815
VCURIOSITY_33,Set_11_elong_glossy_3.glb,0,1762832934821-947910_before.png,1762832934821-947910_after.png,215.63674338269095,357.46137133263306,-0.23356014905152733,4.058577839510008,,,1762832934821,1762832934873,52,1762832934875
VCURIOSITY_33,Set_11_elong_glossy_3.glb,0,1762832934896-260395_before.png,1762832934896-260395_after.png,215.61100438808265,1.5265371547083646,-0.025738994608332177,4.065165822075301,,,1762832934896,1762832934948,52,1762832934952
VCURIOSITY_33,Set_11_elong_glossy_3.glb,0,1762832934960-324448_before.png,1762832934960-324448_after.png,215.79250290541032,5.587748097594215,0.1814985173276682,4.06121094288585,,,1762832934960,1762832935015,55,1762832935018
VCURIOSITY_33,Set_11_elong_glossy_3.glb,0,1762832935061-761331_before.png,1762832935061-761331_after.png,216.18536092217371,9.634311053243493,0.39285801676339815,4.046562955649279,,,1762832935061,1762832935112,51,1762832935115
VCURIOSITY_33,Set_11_elong_glossy_3.glb,0,1762832935127-971369_before.png,1762832935127-971369_after.png,216.7985499495301,13.654972663013154,0.613189027356384,4.020661609769604,,,1762832935127,1762832935180,53,1762832935184
VCURIOSITY_33,Set_11_elong_glossy_3.glb,0,1762832935222-57195_before.png,1762832935222-57195_after.png,217.6461962414338,17.637474986661573,0.8476462919037431,3.9825023236484185,,,1762832935222,1762832935273,51,1762832935276
VCURIOSITY_33,Set_11_elong_glossy_3.glb,0,1762832935288-820429_before.png,1762832935288-820429_after.png,218.74803673605786,21.568050211900868,1.1018404946240707,3.930575225239295,,,1762832935288,1762832935339,51,1762832935342
VCURIOSITY_33,Set_11_elong_glossy_3.glb,0,1762832935356-441537_before.png,1762832935356-441537_after.png,220.12999740559962,25.43082570374088,1.3819606695417406,3.8627754918400115,,,1762832935356,1762832935407,51,1762832935409
VCURIOSITY_33,Set_11_elong_glossy_3.glb,0,1762832935417-939902_before.png,1762832935417-939902_after.png,221.82482833107989,29.20710946486463,1.6948309254802325,3.77628376112375,,,1762832935417,1762832935472,55,1762832935474
VCURIOSITY_33,Set_11_elong_glossy_3.glb,0,1762832935491-523878_before.png,1762832935491-523878_after.png,223.87265768123996,32.87452864389172,2.0478293501601,3.6674191790270925,,,1762832935491,1762832935543,52,1762832935547
VCURIOSITY_33,Set_11_elong_glossy_3.glb,0,1762832935578-294660_before.png,1762832935578-294660_after.png,226.32119725720594,36.40600602955908,2.448539575965924,3.5314773856673582,,,1762832935578,1762832935631,53,1762832935634
VCURIOSITY_33,Set_11_elong_glossy_3.glb,0,1762832935647-975868_before.png,1762832935647-975868_after.png,229.22511680965195,39.76859257941561,2.903919552446041,3.3625865498565872,,,1762832935647,1762832935697,50,1762832935700
VCURIOSITY_33,Set_11_elong_glossy_3.glb,0,1762832935713-821108_before.png,1762832935713-821108_after.png,232.6437820153591,42.92224652939558,3.418665205707157,3.1536539499800256,,,1762832935713,1762832935763,50,1762832935765
VCURIOSITY_33,Set_11_elong_glossy_3.glb,0,1762832935779-758263_before.png,1762832935779-758263_after.png,236.63615285321225,45.81878747196538,3.992370837853173,2.8965409425698,,,1762832935779,1762832935829,50,1762832935832
VCURIOSITY_33,Set_11_elong_glossy_3.glb,0,1762832935846-899216_before.png,1762832935846-899216_after.png,241.25135068462947,48.4014796183485,4.615197831417163,2.582692146383124,,,1762832935846,1762832935903,57,1762832935906
VCURIOSITY_33,Set_11_elong_glossy_3.glb,0,1762832935951-252090_before.png,1762832935951-252090_after.png,246.51372403925922,50.60599421006145,5.262373354629744,2.2045145917129503,,,1762832935951,1762832936001,50,1762832936006
VCURIOSITY_33,Set_11_elong_glossy_3.glb,0,1762832936047-57566_before.png,1762832936047-57566_after.png,252.40305283330977,52.36372943415387,5.889328794050584,1.7577352240923574,,,1762832936047,1762832936097,50,1762832936100
VCURIOSITY_33,Set_11_elong_glossy_3.glb,0,1762832936107-445033_before.png,1762832936107-445033_after.png,258.83455200445377,53.608289086798266,6.431499171143969,1.2445596526443978,,,1762832936107,1762832936158,51,1762832936160
VCURIOSITY_33,Set_11_elong_glossy_3.glb,0,1762832936173-237414_before.png,1762832936173-237414_after.png,265.64845127338106,54.284895232949964,6.813899268927344,0.6766061461516983,,,1762832936173,1762832936224,51,1762832936226
VCURIOSITY_33,Set_11_elong_glossy_3.glb,0,1762832936241-104538_before.png,1762832936241-104538_after.png,272.6204506142752,54.36061382625212,6.971999340894172,0.07571859330209918,,,1762832936241,1762832936291,50,1762832936295
VCURIOSITY_33,Set_11_elong_glossy_3.glb,0,1762832936315-351489_before.png,1762832936315-351489_after.png,279.49660611134874,53.83160868668699,6.876155497073569,-0.529005139565129,,,1762832936315,1762832936371,56,1762832936373
VCURIOSITY_33,Set_11_elong_glossy_3.glb,0,1762832936380-644599_before.png,1762832936380-644599_after.png,286.04115579506396,52.72404128265441,6.544549683715218,-1.1075674040325794,,,1762832936380,1762832936432,52,1762832936434
VCURIOSITY_33,Set_11_elong_glossy_3.glb,0,1762832936440-856873_before.png,1762832936440-856873_after.png,292.0762879713332,51.08816192168615,6.035132176269258,-1.6358793609682607,,,1762832936440,1762832936493,53,1762832936496
VCURIOSITY_33,Set_11_elong_glossy_3.glb,0,1762832936508-689139_before.png,1762832936508-689139_after.png,297.4988787266906,48.98843810338548,5.422590755357305,-2.0997238183006175,,,1762832936508,1762832936559,51,1762832936561
VCURIOSITY_33,Set_11_elong_glossy_3.glb,0,1762832936574-272883_before.png,1762832936574-272883_after.png,302.27432891032976,46.49365846400036,4.775450183639123,-2.494779639385115,,,1762832936574,1762832936627,53,1762832936626
VCURIOSITY_33,Set_11_elong_glossy_3.glb,0,1762832936682-890723_before.png,1762832936682-890723_after.png,306.4178669178699,43.66963979844439,4.143538007540201,-2.8240186655559683,,,1762832936682,1762832936732,50,1762832936732
VCURIOSITY_33,Set_11_elong_glossy_3.glb,0,1762832936780-723241_before.png,1762832936780-723241_after.png,309.97406443519645,40.57517295767798,3.556197517326609,-3.094466840766472,,,1762832936780,1762832936830,50,1762832936834
VCURIOSITY_33,Set_11_elong_glossy_3.glb,0,1762832936864-245661_before.png,1762832936864-245661_after.png,313.0005146533298,37.260568361564765,3.0264502181332773,-3.314604596113213,,,1762832936864,1762832936915,51,1762832936918
VCURIOSITY_33,Set_11_elong_glossy_3.glb,0,1762832936934-694651_before.png,1762832936934-694651_after.png,315.5571015853205,33.76781127382105,2.5565869319907506,-3.492757087743712,,,1762832936934,1762832936987,53,1762832936990
VCURIOSITY_33,Set_11_elong_glossy_3.glb,0,1762832937004-459517_before.png,1762832937004-459517_after.png,317.6999627859675,30.131504308253113,2.1428612006470757,-3.636306965567883,,,1762832937004,1762832937058,54,1762832937061
VCURIOSITY_33,Set_11_elong_glossy_3.glb,0,1762832937068-65891_before.png,1762832937068-65891_after.png,319.4786482713892,26.380073296852174,1.7786854854216472,-3.751431011400882,,,1762832937068,1762832937118,50,1762832937121
VCURIOSITY_33,Set_11_elong_glossy_3.glb,0,1762832937135-458403_before.png,1762832937135-458403_after.png,320.93517749594236,22.53696056392522,1.456529224553151,-3.843112732927011,,,1762832937135,1762832937188,53,1762832937192
VCURIOSITY_33,Set_11_elong_glossy_3.glb,0,1762832937198-702763_before.png,1762832937198-702763_after.png,322.1040937194136,18.62168794245855,1.1689162234712285,-3.91527262146667,,,1762832937198,1762832937249,51,1762832937254
VCURIOSITY_33,Set_11_elong_glossy_3.glb,0,1762832937261-812317_before.png,1762832937261-812317_after.png,323.0129629131514,14.650758023485707,0.9088691937378144,-3.9709299189728426,,,1762832937261,1762832937317,56,1762832937320
VCURIOSITY_33,Set_11_elong_glossy_3.glb,0,1762832937328-24112_before.png,1762832937328-24112_after.png,323.6830053852632,10.638402980980402,0.6700424721118452,-4.012355042505305,,,1762832937328,1762832937378,50,1762832937380
VCURIOSITY_33,Set_11_elong_glossy_3.glb,0,1762832937401-140634_before.png,1762832937401-140634_after.png,324.12969646825695,6.597206506876432,0.44669108299376603,-4.0411964741040265,,,1762832937401,1762832937454,53,1762832937457
VCURIOSITY_33,Set_11_elong_glossy_3.glb,0,1762832937462-522718_before.png,1762832937462-522718_after.png,324.3632566173084,2.5386286673663108,0.23356014905152733,-4.0585778395101215,,,1762832937462,1762832937514,52,1762832937514
VCURIOSITY_33,Set_11_elong_glossy_3.glb,0,1762832937531-36559_before.png,1762832937531-36559_after.png,324.38899561191664,358.47346284529095,0.02573899460821849,-4.065165822075414,,,1762832937531,1762832937584,53,1762832937587
VCURIOSITY_33,Set_11_elong_glossy_3.glb,0,1762832937595-430858_before.png,1762832937595-430858_after.png,324.2074970945889,354.4122519024051,-0.18149851732778188,-4.06121094288585,,,1762832937595,1762832937647,52,1762832937651
VCURIOSITY_33,Set_11_elong_glossy_3.glb,0,1762832937657-902787_before.png,1762832937657-902787_after.png,323.8146390778254,350.3656889467558,-0.39285801676351184,-4.046562955649279,,,1762832937657,1762832937710,53,1762832937712
VCURIOSITY_33,Set_11_elong_glossy_3.glb,0,1762832937735-914407_before.png,1762832937735-914407_after.png,323.20145005046896,346.3450273369862,-0.613189027356384,-4.020661609769604,,,1762832937735,1762832937786,51,1762832937792
VCURIOSITY_33,Set_11_elong_glossy_3.glb,0,1762832937835-52868_before.png,1762832937835-52868_after.png,322.35380375856516,342.36252501333786,-0.8476462919038568,-3.982502323648305,,,1762832937835,1762832937886,51,1762832937886
VCURIOSITY_33,Set_11_elong_glossy_3.glb,0,1762832937926-912907_before.png,1762832937926-912907_after.png,321.25196326394104,338.43194978809856,-1.1018404946241844,-3.930575225239295,,,1762832937926,1762832937978,52,1762832937981
VCURIOSITY_33,Set_11_elong_glossy_3.glb,0,1762832937987-404914_before.png,1762832937987-404914_after.png,319.8700025943992,334.56917429625867,-1.3819606695418543,-3.8627754918398978,,,1762832937987,1762832938038,51,1762832938041
VCURIOSITY_33,Set_11_elong_glossy_3.glb,0,1762832938054-88935_before.png,1762832938054-88935_after.png,318.17517166891884,330.792890535135,-1.6948309254803462,-3.77628376112375,,,1762832938054,1762832938106,52,1762832938108
VCURIOSITY_33,Set_11_elong_glossy_3.glb,0,1762832938120-530661_before.png,1762832938120-530661_after.png,316.1273423187587,327.125471356108,-2.0478293501601,-3.667419179026979,,,1762832938120,1762832938171,51,1762832938176
VCURIOSITY_33,Set_11_elong_glossy_3.glb,0,1762832938186-138451_before.png,1762832938186-138451_after.png,313.67880274279264,323.59399397044075,-2.4485395759660378,-3.5314773856672446,,,1762832938186,1762832938241,55,1762832938241
VCURIOSITY_33,Set_11_elong_glossy_3.glb,0,1762832938250-629334_before.png,1762832938250-629334_after.png,310.7748831903466,320.2314074205844,-2.903919552446041,-3.36258654985636,,,1762832938250,1762832938300,50,1762832938302
VCURIOSITY_33,Set_11_elong_glossy_3.glb,0,1762832938321-861065_before.png,1762832938321-861065_after.png,307.35621798463944,317.0777534706046,-3.418665205707157,-3.153653949979798,,,1762832938321,1762832938375,54,1762832938378
VCURIOSITY_33,Set_11_elong_glossy_3.glb,0,1762832938426-760885_before.png,1762832938426-760885_after.png,303.3638471467864,314.181212528035,-3.992370837853059,-2.8965409425695725,,,1762832938426,1762832938481,55,1762832938483
VCURIOSITY_33,Set_11_elong_glossy_3.glb,0,1762832938490-363948_before.png,1762832938490-363948_after.png,298.74864931536933,311.5985203816521,-4.615197831417049,-2.5826921463828967,,,1762832938490,1762832938545,55,1762832938543
VCURIOSITY_33,Set_11_elong_glossy_3.glb,0,1762832938553-651399_before.png,1762832938553-651399_after.png,293.48627596073993,309.3940057899394,-5.262373354629403,-2.204514591712723,,,1762832938553,1762832938608,55,1762832938612
VCURIOSITY_33,Set_11_elong_glossy_3.glb,0,1762832938652-802670_before.png,1762832938652-802670_after.png,287.59694716668974,307.6362705658472,-5.889328794050243,-1.75773522409213,,,1762832938652,1762832938703,51,1762832938699
VCURIOSITY_33,Set_11_elong_glossy_3.glb,0,1762832938725-596416_before.png,1762832938725-596416_after.png,281.1654479955462,306.391710913203,-6.431499171143514,-1.2445596526442841,,,1762832938725,1762832938780,55,1762832938780
VCURIOSITY_33,Set_11_elong_glossy_3.glb,0,1762832938812-843320_before.png,1762832938812-843320_after.png,274.3515487266195,305.71510476705146,-6.8138992689266615,-0.676606146151471,,,1762832938812,1762832938867,55,1762832938870
VCURIOSITY_33,Set_11_elong_glossy_3.glb,0,1762832938879-535564_before.png,1762832938879-535564_after.png,267.37954938572597,305.63938617374936,-6.97199934089349,-0.07571859330209918,,,1762832938878,1762832938933,55,1762832938937
VCURIOSITY_33,Set_11_elong_glossy_3.glb,0,1762832938950-191853_before.png,1762832938950-191853_after.png,260.5033938886531,306.16839131331454,-6.876155497072887,0.5290051395652426,,,1762832938950,1762832939001,51,1762832939004
VCURIOSITY_33,Set_11_elong_glossy_3.glb,0,1762832939016-474356_before.png,1762832939016-474356_after.png,253.95884420493837,307.275958717347,-6.544549683714649,1.1075674040324657,,,1762832939016,1762832939068,52,1762832939070
VCURIOSITY_33,Set_11_elong_glossy_3.glb,0,1762832939083-685140_before.png,1762832939083-685140_after.png,247.92371202866676,308.9118380783146,-6.035132176271645,1.6358793609675786,,,1762832939083,1762832939134,51,1762832939137
VCURIOSITY_33,Set_11_elong_glossy_3.glb,0,1762832939144-173626_before.png,1762832939144-173626_after.png,242.5011212733092,311.01156189661515,-5.4225907553575325,2.0997238183006175,,,1762832939144,1762832939195,51,1762832939196
VCURIOSITY_33,Set_11_elong_glossy_3.glb,0,1762832939212-589253_before.png,1762832939212-589253_after.png,237.72567108966996,313.50634153600015,-4.7754501836392365,2.4947796393850012,,,1762832939212,1762832939262,50,1762832939265
VCURIOSITY_33,Set_11_elong_glossy_3.glb,0,1762832939283-166199_before.png,1762832939283-166199_after.png,233.58213308212981,316.330360201556,-4.143538007540201,2.8240186655558546,,,1762832939283,1762832939336,53,1762832939339
VCURIOSITY_33,Set_11_elong_glossy_3.glb,0,1762832939374-416158_before.png,1762832939374-416158_after.png,230.0259355648032,319.4248270423223,-3.556197517326609,3.094466840766245,,,1762832939374,1762832939427,53,1762832939430
VCURIOSITY_33,Set_11_elong_glossy_3.glb,0,1762832939444-43219_before.png,1762832939444-43219_after.png,226.99948534666984,322.73943163843535,-3.026450218133391,3.3146045961129857,,,1762832939444,1762832939497,53,1762832939501
VCURIOSITY_33,Set_11_elong_glossy_3.glb,0,1762832939514-407151_before.png,1762832939514-407151_after.png,224.44289841467918,326.23218872617895,-2.556586931990637,3.4927570877435983,,,1762832939514,1762832939565,51,1762832939568
VCURIOSITY_33,Set_11_elong_glossy_3.glb,0,1762832939582-49284_before.png,1762832939582-49284_after.png,222.30003721403213,329.8684956917468,-2.1428612006470757,3.636306965567883,,,1762832939582,1762832939632,50,1762832939633
VCURIOSITY_33,Set_11_elong_glossy_3.glb,0,1762832939642-575971_before.png,1762832939642-575971_after.png,220.52135172861043,333.61992670314766,-1.7786854854216472,3.751431011400882,,,1762832939642,1762832939693,51,1762832939693
VCURIOSITY_33,Set_11_elong_glossy_3.glb,0,1762832939704-218383_before.png,1762832939704-218383_after.png,219.06482250405725,337.4630394360745,-1.456529224553151,3.843112732926784,,,1762832939704,1762832939754,50,1762832939755
VCURIOSITY_33,Set_11_elong_glossy_3.glb,0,1762832939773-448358_before.png,1762832939773-448358_after.png,217.89590628058602,341.37831205754105,-1.1689162234712285,3.9152726214665563,,,1762832939773,1762832939826,53,1762832939830
VCURIOSITY_33,Set_11_elong_glossy_3.glb,0,1762832939835-324413_before.png,1762832939835-324413_after.png,216.98703708684812,345.34924197651384,-0.9088691937379281,3.9709299189728426,,,1762832939835,1762832939886,51,1762832939888
VCURIOSITY_33,Set_11_elong_glossy_3.glb,0,1762832939909-687391_before.png,1762832939909-687391_after.png,216.31699461473627,349.36159701901903,-0.6700424721118452,4.012355042505192,,,1762832939909,1762832939961,52,1762832939964
VCURIOSITY_33,Set_11_elong_glossy_3.glb,0,1762832940008-607898_before.png,1762832940008-607898_after.png,215.87030353174245,353.40279349312294,-0.44669108299376603,4.041196474103913,,,1762832940008,1762832940061,53,1762832940064
VCURIOSITY_33,Set_11_elong_glossy_3.glb,0,1762832940070-433679_before.png,1762832940070-433679_after.png,215.6367433826909,357.461371332633,-0.23356014905152733,4.058577839510008,,,1762832940070,1762832940121,51,1762832940124
VCURIOSITY_33,Set_11_elong_glossy_3.glb,0,1762832940137-814172_before.png,1762832940137-814172_after.png,215.61100438808262,1.5265371547083078,-0.02573899460821849,4.065165822075301,,,1762832940137,1762832940188,51,1762832940186
VCURIOSITY_33,Set_11_elong_glossy_3.glb,0,1762832940203-173661_before.png,1762832940203-173661_after.png,215.79250290541023,5.587748097594158,0.1814985173275545,4.06121094288585,,,1762832940203,1762832940254,51,1762832940253
VCURIOSITY_33,Set_11_elong_glossy_3.glb,0,1762832940277-77229_before.png,1762832940277-77229_after.png,216.18536092217366,9.634311053243437,0.39285801676339815,4.046562955649279,,,1762832940277,1762832940328,51,1762832940332
VCURIOSITY_33,Set_11_elong_glossy_3.glb,0,1762832940362-677987_before.png,1762832940362-677987_after.png,216.79854994953,13.65497266301304,0.613189027356384,4.020661609769604,,,1762832940362,1762832940418,56,1762832940421
VCURIOSITY_33,Set_11_elong_glossy_3.glb,0,1762832940703-382622_before.png,1762832940703-382622_after.png,217.64619624143373,17.63747498666146,0.8476462919037431,3.9825023236484185,,,1762832940703,1762832940754,51,1762832940756
VCURIOSITY_33,Set_11_elong_glossy_3.glb,0,1762832941205-332767_before.png,1762832941205-332767_after.png,218.74803673605774,21.56805021190081,1.101840494623957,3.9305752252394086,,,1762832941205,1762832941255,50,1762832941259
VCURIOSITY_33,Set_11_elong_glossy_3.glb,0,1762832941271-343519_before.png,1762832941271-343519_after.png,220.1299974055995,25.430825703740766,1.3819606695417406,3.8627754918400115,,,1762832941271,1762832941324,53,1762832941326
VCURIOSITY_33,Set_11_elong_glossy_3.glb,0,1762832941339-469694_before.png,1762832941339-469694_after.png,221.82482833107977,29.207109464864573,1.6948309254802325,3.77628376112375,,,1762832941339,1762832941389,50,1762832941392
VCURIOSITY_33,Set_11_elong_glossy_3.glb,0,1762832941405-2171_before.png,1762832941405-2171_after.png,223.87265768123982,32.874528643891665,2.0478293501601,3.6674191790270925,,,1762832941405,1762832941462,57,1762832941463
VCURIOSITY_33,Set_11_elong_glossy_3.glb,0,1762832941479-904041_before.png,1762832941479-904041_after.png,226.32119725720574,36.40600602955902,2.448539575965924,3.5314773856673582,,,1762832941479,1762832941536,57,1762832941538
VCURIOSITY_33,Set_11_elong_glossy_3.glb,0,1762832941575-23884_before.png,1762832941575-23884_after.png,229.22511680965178,39.768592579415554,2.903919552446041,3.3625865498565872,,,1762832941575,1762832941626,51,1762832941628
VCURIOSITY_33,Set_11_elong_glossy_3.glb,0,1762832941665-195333_before.png,1762832941665-195333_after.png,232.6437820153589,42.92224652939552,3.418665205707157,3.1536539499800256,,,1762832941665,1762832941719,54,1762832941720
VCURIOSITY_33,Set_11_elong_glossy_3.glb,0,1762832941738-907847_before.png,1762832941738-907847_after.png,236.63615285321208,45.81878747196532,3.992370837853173,2.8965409425698,,,1762832941738,1762832941790,52,1762832941793
VCURIOSITY_33,Set_11_elong_glossy_3.glb,0,1762832941844-936179_before.png,1762832941844-936179_after.png,241.2513506846293,48.4014796183485,4.615197831417163,2.582692146383124,,,1762832941844,1762832941895,51,1762832941898
VCURIOSITY_33,Set_11_elong_glossy_3.glb,0,1762832941910-977094_before.png,1762832941910-977094_after.png,246.51372403925893,50.60599421006145,5.262373354629631,2.2045145917129503,,,1762832941910,1762832941961,51,1762832941964
VCURIOSITY_33,Set_11_elong_glossy_3.glb,0,1762832941974-606376_before.png,1762832941974-606376_after.png,252.40305283330954,52.36372943415387,5.889328794050584,1.7577352240923574,,,1762832941974,1762832942025,51,1762832942027
VCURIOSITY_33,Set_11_elong_glossy_3.glb,0,1762832942076-90582_before.png,1762832942076-90582_after.png,258.8345520044536,53.60828908679832,6.4314991711440825,1.2445596526445115,,,1762832942076,1762832942129,53,1762832942132
VCURIOSITY_33,Set_11_elong_glossy_3.glb,0,1762832942161-472335_before.png,1762832942161-472335_after.png,265.64845127338083,54.28489523295002,6.81389926892723,0.6766061461516983,,,1762832942161,1762832942212,51,1762832942213
VCURIOSITY_33,Set_11_elong_glossy_3.glb,0,1762832942227-427866_before.png,1762832942227-427866_after.png,272.62045061427506,54.360613826252234,6.971999340894172,0.07571859330221287,,,1762832942227,1762832942278,51,1762832942280
VCURIOSITY_33,Set_11_elong_glossy_3.glb,0,1762832942295-774217_before.png,1762832942295-774217_after.png,279.49660611134857,53.83160868668705,6.876155497073569,-0.5290051395652426,,,1762832942295,1762832942347,52,1762832942349
VCURIOSITY_33,Set_11_elong_glossy_3.glb,0,1762832942370-250303_before.png,1762832942370-250303_after.png,286.04115579506384,52.724041282654525,6.544549683715331,-1.1075674040325794,,,1762832942370,1762832942421,51,1762832942424
VCURIOSITY_33,Set_11_elong_glossy_3.glb,0,1762832942438-592001_before.png,1762832942438-592001_after.png,292.07628797133316,51.08816192168615,6.0351321762693715,-1.6358793609683744,,,1762832942438,1762832942488,50,1762832942491
VCURIOSITY_33,Set_11_elong_glossy_3.glb,0,1762832942529-184405_before.png,1762832942529-184405_after.png,297.4988787266905,48.98843810338542,5.422590755357305,-2.099723818300731,,,1762832942529,1762832942579,50,1762832942582
VCURIOSITY_33,Set_11_elong_glossy_3.glb,0,1762832942597-260304_before.png,1762832942597-260304_after.png,302.2743289103297,46.49365846400036,4.775450183639123,-2.494779639385115,,,1762832942597,1762832942650,53,1762832942653
VCURIOSITY_33,Set_11_elong_glossy_3.glb,0,1762832942660-557368_before.png,1762832942660-557368_after.png,306.41786691786984,43.66963979844439,4.143538007540201,-2.8240186655559683,,,1762832942660,1762832942710,50,1762832942713
VCURIOSITY_33,Set_11_elong_glossy_3.glb,0,1762832942726-479973_before.png,1762832942726-479973_after.png,309.9740644351964,40.57517295767798,3.556197517326609,-3.094466840766472,,,1762832942726,1762832942779,53,1762832942782
VCURIOSITY_33,Set_11_elong_glossy_3.glb,0,1762832942797-239390_before.png,1762832942797-239390_after.png,313.00051465332973,37.26056836156482,3.0264502181332773,-3.314604596113213,,,1762832942797,1762832942852,55,1762832942854
VCURIOSITY_33,Set_11_elong_glossy_3.glb,0,1762832942891-68878_before.png,1762832942891-68878_after.png,315.5571015853204,33.76781127382105,2.5565869319907506,-3.492757087743712,,,1762832942891,1762832942943,52,1762832942945
VCURIOSITY_33,Set_11_elong_glossy_3.glb,0,1762832942952-995955_before.png,1762832942952-995955_after.png,317.69996278596744,30.131504308253113,2.1428612006470757,-3.636306965567883,,,1762832942952,1762832943004,52,1762832943003
VCURIOSITY_33,Set_11_elong_glossy_3.glb,0,1762832943035-811784_before.png,1762832943035-811784_after.png,319.4786482713892,26.380073296852174,1.7786854854217609,-3.751431011400882,,,1762832943035,1762832943089,54,1762832943091
VCURIOSITY_33,Set_11_elong_glossy_3.glb,0,1762832943126-418369_before.png,1762832943126-418369_after.png,320.9351774959423,22.53696056392522,1.456529224553151,-3.843112732927011,,,1762832943126,1762832943176,50,1762832943173
VCURIOSITY_33,Set_11_elong_glossy_3.glb,0,1762832943184-354335_before.png,1762832943184-354335_after.png,322.1040937194135,18.62168794245855,1.1689162234712285,-3.91527262146667,,,1762832943184,1762832943237,53,1762832943242
VCURIOSITY_33,Set_11_elong_glossy_3.glb,0,1762832943262-320781_before.png,1762832943262-320781_after.png,323.01296291315134,14.650758023485707,0.9088691937378144,-3.9709299189728426,,,1762832943262,1762832943313,51,1762832943315
VCURIOSITY_33,Set_11_elong_glossy_3.glb,0,1762832943349-712660_before.png,1762832943349-712660_after.png,323.6830053852632,10.638402980980402,0.6700424721118452,-4.012355042505305,,,1762832943349,1762832943403,54,1762832943405
VCURIOSITY_33,Set_11_elong_glossy_3.glb,0,1762832943417-425341_before.png,1762832943417-425341_after.png,324.12969646825695,6.597206506876432,0.44669108299376603,-4.0411964741040265,,,1762832943417,1762832943473,56,1762832943476
VCURIOSITY_33,Set_11_elong_glossy_3.glb,0,1762832943482-279405_before.png,1762832943482-279405_after.png,324.3632566173084,2.5386286673663676,0.23356014905152733,-4.058577839510008,,,1762832943482,1762832943534,52,1762832943537
VCURIOSITY_33,Set_11_elong_glossy_3.glb,0,1762832943560-615670_before.png,1762832943560-615670_after.png,324.38899561191664,358.473462845291,0.02573899460821849,-4.065165822075414,,,1762832943560,1762832943613,53,1762832943616
VCURIOSITY_33,Set_11_elong_glossy_3.glb,0,1762832943654-659615_before.png,1762832943654-659615_after.png,324.2074970945889,354.41225190240516,-0.18149851732778188,-4.06121094288585,,,1762832943654,1762832943706,52,1762832943709
VCURIOSITY_33,Set_11_elong_glossy_3.glb,0,1762832943715-47478_before.png,1762832943715-47478_after.png,323.8146390778254,350.3656889467559,-0.39285801676351184,-4.046562955649279,,,1762832943715,1762832943772,57,1762832943775
VCURIOSITY_33,Set_11_elong_glossy_3.glb,0,1762832943781-120832_before.png,1762832943781-120832_after.png,323.20145005046896,346.3450273369862,-0.613189027356384,-4.020661609769604,,,1762832943781,1762832943840,59,1762832943843
VCURIOSITY_33,Set_11_elong_glossy_3.glb,0,1762832943858-498605_before.png,1762832943858-498605_after.png,322.3538037585651,342.36252501333786,-0.8476462919038568,-3.982502323648305,,,1762832943858,1762832943911,53,1762832943914
VCURIOSITY_33,Set_11_elong_glossy_3.glb,0,1762832943942-326190_before.png,1762832943942-326190_after.png,321.25196326394104,338.4319497880986,-1.1018404946240707,-3.9305752252391812,,,1762832943942,1762832943994,52,1762832943991
VCURIOSITY_33,Set_11_elong_glossy_3.glb,0,1762832944009-749640_before.png,1762832944009-749640_after.png,319.8700025943991,334.56917429625867,-1.381960669541968,-3.8627754918400115,,,1762832944009,1762832944059,50,1762832944062
VCURIOSITY_33,Set_11_elong_glossy_3.glb,0,1762832944077-284612_before.png,1762832944077-284612_after.png,318.1751716689188,330.79289053513503,-1.6948309254803462,-3.7762837611236364,,,1762832944077,1762832944131,54,1762832944133
VCURIOSITY_33,Set_11_elong_glossy_3.glb,3,1762833248564-37471_before.png,1762833248564-37471_after.png,323.1751716689188,330.792890535135,5,0,,,1762833248564,1762833248618,54,1762833248621
VCURIOSITY_33,Set_11_elong_glossy_3.glb,3,1762833249071-138710_before.png,1762833249071-138710_after.png,328.1751716689188,330.792890535135,5,0,,,1762833249071,1762833249126,55,1762833249126
VCURIOSITY_33,Set_11_elong_glossy_3.glb,3,1762833249137-55326_before.png,1762833249137-55326_after.png,333.1751716689188,330.792890535135,5,0,,,1762833249137,1762833249187,50,1762833249189
VCURIOSITY_33,Set_11_elong_glossy_3.glb,3,1762833249202-428591_before.png,1762833249202-428591_after.png,338.1751716689188,330.7928905351349,5,0,,,1762833249202,1762833249254,52,1762833249252
VCURIOSITY_33,Set_11_elong_glossy_3.glb,3,1762833249270-293248_before.png,1762833249270-293248_after.png,343.1751716689188,330.7928905351349,5,0,,,1762833249270,1762833249321,51,1762833249320
VCURIOSITY_33,Set_11_elong_glossy_3.glb,3,1762833249329-727038_before.png,1762833249329-727038_after.png,348.1751716689188,330.7928905351349,5,0,,,1762833249329,1762833249380,51,1762833249383
VCURIOSITY_33,Set_11_elong_glossy_3.glb,3,1762833249397-861964_before.png,1762833249397-861964_after.png,353.1751716689188,330.79289053513486,5,0,,,1762833249397,1762833249449,52,1762833249446
VCURIOSITY_33,Set_11_elong_glossy_3.glb,3,1762833249464-955344_before.png,1762833249464-955344_after.png,358.1751716689188,330.79289053513486,5,0,,,1762833249464,1762833249515,51,1762833249515
VCURIOSITY_33,Set_11_elong_glossy_3.glb,3,1762833249532-392159_before.png,1762833249532-392159_after.png,3.1751716689187788,330.79289053513486,5,0,,,1762833249532,1762833249583,51,1762833249585
VCURIOSITY_33,Set_11_elong_glossy_3.glb,3,1762833249600-24605_before.png,1762833249600-24605_after.png,8.175171668918779,330.79289053513486,5,0,,,1762833249600,1762833249651,51,1762833249654
VCURIOSITY_33,Set_11_elong_glossy_3.glb,3,1762833249661-447554_before.png,1762833249661-447554_after.png,13.175171668918779,330.79289053513486,5,0,,,1762833249661,1762833249713,52,1762833249716
VCURIOSITY_33,Set_11_elong_glossy_3.glb,1,1762833250164-382064_before.png,1762833250164-382064_after.png,12.611961760078884,335.66703457106684,-0.5632099088398945,4.874144035931977,,,1762833250164,1762833250215,51,1762833250216
VCURIOSITY_33,Set_11_elong_glossy_3.glb,1,1762833250667-127271_before.png,1762833250667-127271_after.png,12.180394875025286,340.55064492999054,-0.4315668850535985,4.883610358923761,,,1762833250667,1762833250719,52,1762833250722
VCURIOSITY_33,Set_11_elong_glossy_3.glb,1,1762833250744-774715_before.png,1762833250744-774715_after.png,11.861736075725275,345.44115385961084,-0.3186587993000103,4.890508929620296,,,1762833250744,1762833250795,51,1762833250798
VCURIOSITY_33,Set_11_elong_glossy_3.glb,0,1762833251267-757630_before.png,1762833251267-757630_after.png,12.180394875025286,340.55064492999054,0.3186587993000103,-4.890508929620296,,,1762833251267,1762833251319,52,1762833251319
VCURIOSITY_33,Set_11_elong_glossy_3.glb,0,1762833251860-904125_before.png,1762833251860-904125_after.png,12.611961760078884,335.66703457106684,0.4315668850535985,-4.883610358923761,,,1762833251860,1762833251916,56,1762833251919
VCURIOSITY_33,Set_11_elong_glossy_3.glb,0,1762833252084-272320_before.png,1762833252084-272320_after.png,13.175171668918779,330.79289053513486,0.5632099088398945,-4.874144035931977,,,1762833252083,1762833252139,56,1762833252141
VCURIOSITY_33,Set_11_elong_glossy_3.glb,1,1762833252484-51723_before.png,1762833252484-51723_after.png,12.611961760078884,335.66703457106684,-0.5632099088398945,4.874144035931977,,,1762833252484,1762833252538,54,1762833252540
VCURIOSITY_33,Set_11_elong_glossy_3.glb,1,1762833252997-592601_before.png,1762833252997-592601_after.png,12.180394875025286,340.55064492999054,-0.4315668850535985,4.883610358923761,,,1762833252997,1762833253047,50,1762833253047
VCURIOSITY_33,Set_11_elong_glossy_3.glb,1,1762833253060-733570_before.png,1762833253060-733570_after.png,11.861736075725275,345.4411538596108,-0.3186587993000103,4.890508929620182,,,1762833253060,1762833253114,54,1762833253115
VCURIOSITY_33,Set_11_elong_glossy_3.glb,1,1762833253155-316273_before.png,1762833253155-316273_after.png,11.643060227507192,350.33647634127,-0.21867584821802666,4.89532248165915,,,1762833253155,1762833253208,53,1762833253210
VCURIOSITY_33,Set_11_elong_glossy_3.glb,1,1762833253261-393879_before.png,1762833253261-393879_after.png,11.515935447719528,355.23484024987005,-0.127124779787664,4.898363908600004,,,1762833253261,1762833253314,53,1762833253316
VCURIOSITY_33,Set_11_elong_glossy_3.glb,1,1762833253327-694935_before.png,1762833253327-694935_after.png,11.475621496456142,0.13466097115963294,-0.040313951263442505,4.899820721289586,,,1762833253327,1762833253383,56,1762833253382
VCURIOSITY_33,Set_11_elong_glossy_3.glb,2,1762833253779-447567_before.png,1762833253779-447567_after.png,6.475621496456142,0.13466097115963294,-5,0,,,1762833253779,1762833253830,51,1762833253833
VCURIOSITY_33,Set_11_elong_glossy_3.glb,2,1762833254083-376969_before.png,1762833254083-376969_after.png,1.4756214964561423,0.13466097115963294,-5,0,,,1762833254083,1762833254135,52,1762833254134
VCURIOSITY_33,Set_11_elong_glossy_3.glb,3,1762833254900-947783_before.png,1762833254900-947783_after.png,6.475621496456142,0.13466097115963294,5,0,,,1762833254900,1762833254951,51,1762833254950
VCURIOSITY_33,Set_11_elong_glossy_3.glb,3,1762833255092-795283_before.png,1762833255092-795283_after.png,11.475621496456142,0.13466097115963294,5,0,,,1762833255092,1762833255143,51,1762833255146
VCURIOSITY_33,Set_11_elong_glossy_3.glb,0,1762833255508-400451_before.png,1762833255508-400451_after.png,11.515935447719528,355.23484024987005,0.040313951263442505,-4.899820721289643,,,1762833255508,1762833255559,51,1762833255556
VCURIOSITY_33,Set_11_elong_glossy_3.glb,0,1762833255763-510580_before.png,1762833255763-510580_after.png,11.643060227507192,350.33647634127,0.127124779787664,-4.898363908600004,,,1762833255763,1762833255817,54,1762833255820
VCURIOSITY_33,Set_11_elong_glossy_3.glb,0,1762833256019-251624_before.png,1762833256019-251624_after.png,11.861736075725275,345.4411538596108,0.21867584821802666,-4.89532248165915,,,1762833256019,1762833256075,56,1762833256077
VCURIOSITY_33,Set_11_elong_glossy_3.glb,0,1762833256528-127018_before.png,1762833256528-127018_after.png,12.180394875025286,340.55064492999054,0.3186587993000103,-4.890508929620182,,,1762833256528,1762833256580,52,1762833256583
VCURIOSITY_33,Set_11_elong_glossy_3.glb,0,1762833256588-246186_before.png,1762833256588-246186_after.png,12.611961760078884,335.66703457106684,0.4315668850535985,-4.883610358923761,,,1762833256588,1762833256644,56,1762833256646
VCURIOSITY_33,Set_11_elong_glossy_3.glb,0,1762833256659-684575_before.png,1762833256659-684575_after.png,13.175171668918779,330.79289053513486,0.5632099088398945,-4.874144035931977,,,1762833256659,1762833256712,53,1762833256714
VCURIOSITY_33,Set_11_elong_glossy_3.glb,0,1762833256721-320303_before.png,1762833256721-320303_after.png,13.896656511399215,325.9315083426841,0.7214848424804359,-4.861382192450719,,,1762833256721,1762833256774,53,1762833256776
VCURIOSITY_33,Set_11_elong_glossy_3.glb,0,1762833256789-591188_before.png,1762833256789-591188_after.png,14.814251927699729,321.08728322455005,0.9175954163005144,-4.844225118134091,,,1762833256789,1762833256842,53,1762833256843
VCURIOSITY_33,Set_11_elong_glossy_3.glb,0,1762833256857-65638_before.png,1762833256857-65638_after.png,15.982323875693055,316.26630074306337,1.168071947993326,-4.820982481486681,,,1762833256857,1762833256908,51,1762833256911
VCURIOSITY_33,Set_11_elong_glossy_3.glb,0,1762833256915-686621_before.png,1762833256915-686621_after.png,17.480581791445672,311.4773170999129,1.4982579157526743,-4.788983643150459,,,1762833256915,1762833256970,55,1762833256969
VCURIOSITY_33,Set_11_elong_glossy_3.glb,0,1762833256982-639138_before.png,1762833256982-639138_after.png,19.429158218750445,306.7334640503364,1.9485764273047153,-4.743853049576501,,,1762833256982,1762833257033,51,1762833257035
VCURIOSITY_33,Set_11_elong_glossy_3.glb,0,1762833257050-215357_before.png,1762833257050-215357_after.png,22.015400219055607,302.05536993169045,2.5862420003052193,-4.678094118645959,,,1762833257050,1762833257100,50,1762833257103
VCURIOSITY_33,Set_11_elong_glossy_3.glb,0,1762833257125-445411_before.png,1762833257125-445411_after.png,25.543272067228713,297.4772050572979,3.527871848173163,-4.578164874392542,,,1762833257125,1762833257176,51,1762833257179
VCURIOSITY_33,Set_11_elong_glossy_3.glb,0,1762833257186-756811_before.png,1762833257186-756811_after.png,30.526743727506187,293.05911035676314,4.983471660277473,-4.418094700534766,,,1762833257186,1762833257236,50,1762833257241
VCURIOSITY_33,Set_11_elong_glossy_3.glb,0,1762833257248-788823_before.png,1762833257248-788823_after.png,37.86183149333698,288.91411685103066,7.335087765830849,-4.1449935057324865,,,1762833257248,1762833257302,54,1762833257304
VCURIOSITY_33,Set_11_elong_glossy_3.glb,0,1762833257318-608696_before.png,1762833257318-608696_after.png,49.0745581257263,285.2668099337737,11.212726632389376,-3.6473069172569694,,,1762833257318,1762833257373,55,1762833257377
VCURIOSITY_33,Set_11_elong_glossy_3.glb,0,1762833257413-562173_before.png,1762833257413-562173_after.png,66.19832328724169,282.55898320234667,17.123765161515394,-2.707826731427076,,,1762833257413,1762833257466,53,1762833257468
VCURIOSITY_33,Set_11_elong_glossy_3.glb,0,1762833257481-801776_before.png,1762833257481-801776_after.png,89.32317518545938,281.47640096805924,23.124851898217685,-1.082582234287429,,,1762833257481,1762833257532,51,1762833257535
VCURIOSITY_33,Set_11_elong_glossy_3.glb,0,1762833257549-466277_before.png,1762833257549-466277_after.png,112.66300870607768,282.4505737090267,23.3398335206183,0.9741727409674468,,,1762833257549,1762833257601,52,1762833257599
VCURIOSITY_33,Set_11_elong_glossy_3.glb,0,1762833257624-764850_before.png,1762833257624-764850_after.png,130.15556139473114,285.0881795493514,17.492552688653404,2.6376058403247953,,,1762833257624,1762833257675,51,1762833257679
VCURIOSITY_33,Set_11_elong_glossy_3.glb,0,1762833257722-48787_before.png,1762833257722-48787_after.png,141.64010468062997,288.69788475445597,11.48454328589878,3.6097052051045466,,,1762833257722,1762833257783,61,1762833257785
VCURIOSITY_33,Set_11_elong_glossy_3.glb,0,1762833257813-46133_before.png,1762833257813-46133_after.png,149.14184100026932,292.8227899156948,7.501736319639349,4.1249051612387575,,,1762833257813,1762833257865,52,1762833257867
VCURIOSITY_33,Set_11_elong_glossy_3.glb,0,1762833257882-215339_before.png,1762833257882-215339_after.png,154.22670259760616,297.2294877086011,5.08486159733684,4.406697792906243,,,1762833257882,1762833257932,50,1762833257935
VCURIOSITY_33,Set_11_elong_glossy_3.glb,0,1762833257940-158641_before.png,1762833257940-158641_after.png,157.81868558529095,301.80074207350674,3.591982987684787,4.571254364905599,,,1762833257940,1762833257994,54,1762833257997
VCURIOSITY_33,Set_11_elong_glossy_3.glb,0,1762833258011-623974_before.png,1762833258011-623974_after.png,160.4473929736033,306.474396626296,2.628707388312364,4.67365455278923,,,1762833258011,1762833258063,52,1762833258066
VCURIOSITY_33,Set_11_elong_glossy_3.glb,0,1762833258073-344572_before.png,1762833258073-344572_after.png,162.42536201510666,311.21526048516483,1.9779690415033429,4.740863858868806,,,1762833258073,1762833258124,51,1762833258127
VCURIOSITY_33,Set_11_elong_glossy_3.glb,0,1762833258141-134219_before.png,1762833258141-134219_after.png,163.9447845822442,316.0021557326528,1.5194225671375534,4.786895247488019,,,1762833258141,1762833258194,53,1762833258195
VCURIOSITY_33,Set_11_elong_glossy_3.glb,0,1762833258209-678032_before.png,1762833258209-678032_after.png,165.12864730300907,320.82163748731244,1.1838627207648642,4.819481754659591,,,1762833258209,1762833258260,51,1762833258263
VCURIOSITY_33,Set_11_elong_glossy_3.glb,0,1762833258278-469932_before.png,1762833258278-469932_after.png,166.05841368060328,325.66476226941234,0.9297663775942056,4.843124782099949,,,1762833258278,1762833258330,52,1762833258333
VCURIOSITY_33,Set_11_elong_glossy_3.glb,0,1762833258339-654466_before.png,1762833258339-654466_after.png,166.78957212760815,330.52532790305673,0.7311584470048729,4.860565633644455,,,1762833258339,1762833258390,51,1762833258389
VCURIOSITY_33,Set_11_elong_glossy_3.glb,0,1762833258419-697251_before.png,1762833258419-697251_after.png,167.36070481379636,335.39886419220267,0.5711326861882071,4.873536289145932,,,1762833258419,1762833258471,52,1762833258474
VCURIOSITY_33,Set_11_elong_glossy_3.glb,0,1762833258486-752184_before.png,1762833258486-752184_after.png,167.7989595174597,340.28202632371784,0.43825470366334685,4.883162131515178,,,1762833258486,1762833258542,56,1762833258543
VCURIOSITY_33,Set_11_elong_glossy_3.glb,0,1762833258572-675283_before.png,1762833258572-675283_after.png,168.12344232717146,345.17221378708575,0.32448280971175336,4.890187463367965,,,1762833258572,1762833258623,51,1762833258625
VCURIOSITY_33,Set_11_elong_glossy_3.glb,0,1762833258638-35292_before.png,1762833258638-35292_after.png,168.34735786756312,350.06731996514725,0.2239155403916584,4.895106178061496,,,1762833258638,1762833258689,51,1762833258690
VCURIOSITY_33,Set_11_elong_glossy_3.glb,0,1762833258705-876154_before.png,1762833258705-876154_after.png,168.4793602564838,354.9655590962252,0.13200238892068228,4.898239131077958,,,1762833258705,1762833258756,51,1762833258758
VCURIOSITY_33,Set_11_elong_glossy_3.glb,0,1762833258764-34379_before.png,1762833258764-34379_after.png,168.5243785035443,359.86533902884054,0.045018247060511385,4.8997799326152744,,,1762833258764,1762833258816,52,1762833258818
VCURIOSITY_33,Set_11_elong_glossy_3.glb,0,1762833258839-975838_before.png,1762833258839-975838_after.png,168.48406455228087,4.765159750130124,-0.040313951263442505,4.899820721289586,,,1762833258839,1762833258891,52,1762833258893
VCURIOSITY_33,Set_11_elong_glossy_3.glb,0,1762833258907-521546_before.png,1762833258907-521546_after.png,168.3569397724932,9.663523658730185,-0.127124779787664,4.898363908600004,,,1762833258907,1762833258958,51,1762833258962
VCURIOSITY_33,Set_11_elong_glossy_3.glb,0,1762833259006-934042_before.png,1762833259006-934042_after.png,168.13826392427507,14.558846140389335,-0.21867584821814035,4.89532248165915,,,1762833259006,1762833259061,55,1762833259063
VCURIOSITY_33,Set_11_elong_glossy_3.glb,0,1762833259107-695848_before.png,1762833259107-695848_after.png,167.81960512497506,19.449355070009574,-0.3186587993000103,4.890508929620182,,,1762833259107,1762833259158,51,1762833259157
VCURIOSITY_33,Set_11_elong_glossy_3.glb,0,1762833259176-657976_before.png,1762833259176-657976_after.png,167.38803823992146,24.332965428933278,-0.4315668850535985,4.883610358923761,,,1762833259176,1762833259229,53,1762833259231
VCURIOSITY_33,Set_11_elong_glossy_3.glb,0,1762833259260-85663_before.png,1762833259260-85663_after.png,166.82482833108156,29.207109464865255,-0.5632099088398945,4.874144035931977,,,1762833259260,1762833259314,54,1762833259317
VCURIOSITY_33,Set_11_elong_glossy_3.glb,0,1762833259325-387420_before.png,1762833259325-387420_after.png,166.103343488601,34.06849165731603,-0.7214848424805496,4.861382192450719,,,1762833259325,1762833259376,51,1762833259378
VCURIOSITY_33,Set_11_elong_glossy_3.glb,0,1762833259405-768208_before.png,1762833259405-768208_after.png,165.1857480723005,38.91271677545001,-0.9175954163005144,4.844225118133977,,,1762833259405,1762833259459,54,1762833259462
VCURIOSITY_33,Set_11_elong_glossy_3.glb,0,1762833259492-30106_before.png,1762833259492-30106_after.png,164.01767612430717,43.73369925693663,-1.168071947993326,4.820982481486681,,,1762833259492,1762833259545,53,1762833259547
VCURIOSITY_33,Set_11_elong_glossy_3.glb,0,1762833259569-254882_before.png,1762833259569-254882_after.png,162.5194182085545,48.52268290008709,-1.4982579157526743,4.788983643150459,,,1762833259569,1762833259622,53,1762833259624
VCURIOSITY_33,Set_11_elong_glossy_3.glb,0,1762833259668-252630_before.png,1762833259668-252630_after.png,160.57084178124967,53.266535949663535,-1.948576427304829,4.743853049576501,,,1762833259668,1762833259723,55,1762833259724
VCURIOSITY_33,Set_11_elong_glossy_3.glb,0,1762833259759-822864_before.png,1762833259759-822864_after.png,157.98459978094445,57.944630068309436,-2.5862420003052193,4.678094118645959,,,1762833259759,1762833259812,53,1762833259814
VCURIOSITY_33,Set_11_elong_glossy_3.glb,0,1762833259823-563987_before.png,1762833259823-563987_after.png,154.4567279327714,62.52279494270192,-3.5278718481730493,4.578164874392542,,,1762833259823,1762833259873,50,1762833259875
VCURIOSITY_33,Set_11_elong_glossy_3.glb,0,1762833259890-723081_before.png,1762833259890-723081_after.png,149.47325627249387,66.94088964323657,-4.983471660277473,4.4180947005346525,,,1762833259890,1762833259943,53,1762833259945
VCURIOSITY_33,Set_11_elong_glossy_3.glb,0,1762833259953-879462_before.png,1762833259953-879462_after.png,142.13816850666308,71.085883148969,-7.335087765830849,4.144993505732373,,,1762833259953,1762833260005,52,1762833260009
VCURIOSITY_33,Set_11_elong_glossy_3.glb,0,1762833260023-5453_before.png,1762833260023-5453_after.png,130.9254418742737,74.73319006622586,-11.212726632389376,3.6473069172568557,,,1762833260023,1762833260076,53,1762833260078
VCURIOSITY_33,Set_11_elong_glossy_3.glb,0,1762833260093-467084_before.png,1762833260093-467084_after.png,113.8016767127582,77.44101679765271,-17.123765161515507,2.7078267314268487,,,1762833260093,1762833260146,53,1762833260149
VCURIOSITY_33,Set_11_elong_glossy_3.glb,0,1762833260187-564571_before.png,1762833260187-564571_after.png,90.67682481453915,78.52359903193997,-23.12485189821905,1.0825822342872016,,,1762833260187,1762833260240,53,1762833260242
VCURIOSITY_33,Set_11_elong_glossy_3.glb,0,1762833260257-678916_before.png,1762833260257-678916_after.png,67.33699129392159,77.54942629097263,-23.339833520617503,-0.9741727409673331,,,1762833260257,1762833260308,51,1762833260311
VCURIOSITY_33,Set_11_elong_glossy_3.glb,0,1762833260328-507584_before.png,1762833260328-507584_after.png,49.844438605268806,74.91182045064801,-17.492552688652722,-2.637605840324568,,,1762833260328,1762833260381,53,1762833260384
VCURIOSITY_33,Set_11_elong_glossy_3.glb,0,1762833260420-473747_before.png,1762833260420-473747_after.png,38.35989531937048,71.30211524554369,-11.484543285898326,-3.6097052051043192,,,1762833260420,1762833260470,50,1762833260473
VCURIOSITY_33,Set_11_elong_glossy_3.glb,0,1762833260486-524521_before.png,1762833260486-524521_after.png,30.85815899973136,67.17721008430493,-7.501736319639122,-4.1249051612387575,,,1762833260486,1762833260541,55,1762833260543
VCURIOSITY_33,Set_11_elong_glossy_3.glb,0,1762833260549-365169_before.png,1762833260549-365169_after.png,25.77329740239469,62.770512291398745,-5.084861597336612,-4.406697792906243,,,1762833260549,1762833260601,52,1762833260602
VCURIOSITY_33,Set_11_elong_glossy_3.glb,0,1762833260620-996876_before.png,1762833260620-996876_after.png,22.181314414709846,58.199257926493146,-3.591982987684787,-4.571254364905599,,,1762833260620,1762833260672,52,1762833260676
VCURIOSITY_33,Set_11_elong_glossy_3.glb,0,1762833260721-650502_before.png,1762833260721-650502_after.png,19.552607026397425,53.525603373703916,-2.6287073883124776,-4.67365455278923,,,1762833260721,1762833260776,55,1762833260778
VCURIOSITY_33,Set_11_elong_glossy_3.glb,0,1762833260815-830331_before.png,1762833260815-830331_after.png,17.574637984894196,48.78473951483511,-1.9779690415032292,-4.740863858868806,,,1762833260815,1762833260870,55,1762833260866
VCURIOSITY_33,Set_11_elong_glossy_3.glb,0,1762833260877-435233_before.png,1762833260877-435233_after.png,16.05521541775647,43.997844267347205,-1.5194225671377808,-4.786895247487905,,,1762833260877,1762833260929,52,1762833260933
VCURIOSITY_33,Set_11_elong_glossy_3.glb,0,1762833260948-447514_before.png,1762833260948-447514_after.png,14.871352696991607,39.178362512687556,-1.1838627207648642,-4.819481754659591,,,1762833260948,1762833261004,56,1762833261003
VCURIOSITY_33,Set_11_elong_glossy_3.glb,0,1762833261012-637162_before.png,1762833261012-637162_after.png,13.941586319397345,34.335237730587664,-0.9297663775942056,-4.843124782099949,,,1762833261012,1762833261066,54,1762833261069
VCURIOSITY_33,Set_11_elong_glossy_3.glb,0,1762833261075-367931_before.png,1762833261075-367931_after.png,13.210427872392529,29.474672096943323,-0.7311584470048729,-4.860565633644342,,,1762833261075,1762833261128,53,1762833261131
VCURIOSITY_33,Set_11_elong_glossy_3.glb,0,1762833261146-84481_before.png,1762833261146-84481_after.png,12.639295186204265,24.601135807797448,-0.5711326861883208,-4.873536289145932,,,1762833261146,1762833261200,54,1762833261203
VCURIOSITY_33,Set_11_elong_glossy_3.glb,0,1762833261208-528742_before.png,1762833261208-528742_after.png,12.201040482540861,19.717973676282213,-0.43825470366346053,-4.8831621315152915,,,1762833261208,1762833261265,57,1762833261268
VCURIOSITY_33,Set_11_elong_glossy_3.glb,0,1762833261276-660371_before.png,1762833261276-660371_after.png,11.876557672829051,14.827786212914361,-0.32448280971175336,-4.890187463367852,,,1762833261276,1762833261328,52,1762833261332
VCURIOSITY_33,Set_11_elong_glossy_3.glb,0,1762833261374-487696_before.png,1762833261374-487696_after.png,11.652642132437393,9.932680034852865,-0.2239155403916584,-4.895106178061496,,,1762833261374,1762833261425,51,1762833261427
VCURIOSITY_33,Set_11_elong_glossy_3.glb,0,1762833261449-367587_before.png,1762833261449-367587_after.png,11.520639743516767,5.034440903774907,-0.13200238892068228,-4.898239131077958,,,1762833261449,1762833261502,53,1762833261505
VCURIOSITY_33,Set_11_elong_glossy_3.glb,0,1762833261548-829064_before.png,1762833261548-829064_after.png,11.475621496456142,0.1346609711595761,-0.04501824706062507,-4.8997799326152744,,,1762833261548,1762833261600,52,1762833261600
VCURIOSITY_33,Set_11_elong_glossy_3.glb,0,1762833261612-396959_before.png,1762833261612-396959_after.png,11.515935447719528,355.23484024987,0.040313951263442505,-4.899820721289643,,,1762833261612,1762833261667,55,1762833261670
VCURIOSITY_33,Set_11_elong_glossy_3.glb,0,1762833261677-385230_before.png,1762833261677-385230_after.png,11.643060227507192,350.33647634126993,0.127124779787664,-4.898363908600004,,,1762833261677,1762833261728,51,1762833261730
VCURIOSITY_33,Set_11_elong_glossy_3.glb,0,1762833261745-678961_before.png,1762833261745-678961_after.png,11.861736075725275,345.4411538596108,0.21867584821802666,-4.89532248165915,,,1762833261745,1762833261797,52,1762833261796
VCURIOSITY_33,Set_11_elong_glossy_3.glb,0,1762833261806-953974_before.png,1762833261806-953974_after.png,12.180394875025286,340.5506449299905,0.3186587993000103,-4.890508929620296,,,1762833261806,1762833261859,53,1762833261861
VCURIOSITY_33,Set_11_elong_glossy_3.glb,0,1762833261868-42349_before.png,1762833261868-42349_after.png,12.611961760078884,335.6670345710668,0.4315668850535985,-4.883610358923761,,,1762833261868,1762833261920,52,1762833261922
VCURIOSITY_33,Set_11_elong_glossy_3.glb,0,1762833261944-707334_before.png,1762833261944-707334_after.png,13.175171668918779,330.7928905351348,0.5632099088398945,-4.874144035931977,,,1762833261944,1762833261995,51,1762833261998
VCURIOSITY_33,Set_11_elong_glossy_3.glb,0,1762833262005-654858_before.png,1762833262005-654858_after.png,13.896656511399215,325.931508342684,0.7214848424804359,-4.861382192450719,,,1762833262005,1762833262056,51,1762833262058
VCURIOSITY_33,Set_11_elong_glossy_3.glb,0,1762833262066-50354_before.png,1762833262066-50354_after.png,14.814251927699729,321.08728322455,0.9175954163005144,-4.844225118134091,,,1762833262066,1762833262117,51,1762833262116
VCURIOSITY_33,Set_11_elong_glossy_3.glb,0,1762833262135-436520_before.png,1762833262135-436520_after.png,15.982323875693055,316.2663007430633,1.168071947993326,-4.820982481486681,,,1762833262135,1762833262186,51,1762833262188
VCURIOSITY_33,Set_11_elong_glossy_3.glb,0,1762833262203-329250_before.png,1762833262203-329250_after.png,17.480581791445672,311.47731709991285,1.4982579157526743,-4.788983643150459,,,1762833262203,1762833262254,51,1762833262255
VCURIOSITY_33,Set_11_elong_glossy_3.glb,0,1762833262263-764207_before.png,1762833262263-764207_after.png,19.4291582187505,306.73346405033635,1.948576427304829,-4.743853049576501,,,1762833262263,1762833262314,51,1762833262315
VCURIOSITY_33,Set_11_elong_glossy_3.glb,0,1762833262329-303289_before.png,1762833262329-303289_after.png,22.015400219055664,302.0553699316904,2.5862420003052193,-4.678094118645959,,,1762833262329,1762833262381,52,1762833262382
VCURIOSITY_33,Set_11_elong_glossy_3.glb,0,1762833262397-548989_before.png,1762833262397-548989_after.png,25.54327206722877,297.47720505729785,3.527871848173163,-4.578164874392542,,,1762833262397,1762833262448,51,1762833262450
VCURIOSITY_33,Set_11_elong_glossy_3.glb,0,1762833262464-755594_before.png,1762833262464-755594_after.png,30.5267437275063,293.0591103567631,4.983471660277473,-4.418094700534766,,,1762833262464,1762833262514,50,1762833262516
VCURIOSITY_33,Set_11_elong_glossy_3.glb,0,1762833262529-864931_before.png,1762833262529-864931_after.png,37.86183149333709,288.9141168510306,7.335087765830849,-4.1449935057324865,,,1762833262529,1762833262582,53,1762833262584
VCURIOSITY_33,Set_11_elong_glossy_3.glb,0,1762833262607-397945_before.png,1762833262607-397945_after.png,49.07455812572647,285.2668099337737,11.212726632389376,-3.6473069172568557,,,1762833262607,1762833262659,52,1762833262662
VCURIOSITY_33,Set_11_elong_glossy_3.glb,0,1762833262691-747655_before.png,1762833262691-747655_after.png,66.19832328724203,282.55898320234667,17.12376516151562,-2.707826731427076,,,1762833262691,1762833262743,52,1762833262740
VCURIOSITY_33,Set_11_elong_glossy_3.glb,0,1762833262759-280608_before.png,1762833262759-280608_after.png,89.32317518545972,281.47640096805924,23.124851898217685,-1.082582234287429,,,1762833262759,1762833262810,51,1762833262812
VCURIOSITY_33,Set_11_elong_glossy_3.glb,0,1762833262838-674943_before.png,1762833262838-674943_after.png,112.66300870607813,282.4505737090267,23.339833520618413,0.9741727409674468,,,1762833262838,1762833262901,63,1762833262897
VCURIOSITY_33,Set_11_elong_glossy_3.glb,0,1762833262935-501396_before.png,1762833262935-501396_after.png,130.15556139473154,285.0881795493514,17.492552688653404,2.6376058403247953,,,1762833262935,1762833262989,54,1762833262992
VCURIOSITY_33,Set_11_elong_glossy_3.glb,0,1762833263021-727577_before.png,1762833263021-727577_after.png,141.64010468063032,288.69788475445597,11.48454328589878,3.6097052051045466,,,1762833263021,1762833263072,51,1762833263073
VCURIOSITY_33,Set_11_elong_glossy_3.glb,0,1762833263099-437191_before.png,1762833263099-437191_after.png,149.1418410002696,292.8227899156948,7.501736319639349,4.1249051612387575,,,1762833263099,1762833263150,51,1762833263152
VCURIOSITY_33,Set_11_elong_glossy_3.glb,-1,,,,,,,269.12961532502,4.923849754810817,,,,1762834037369
VCURIOSITY_33,Set_11_elong_glossy_3.glb,1,1762834133701-918275_before.png,1762834133701-918275_after.png,354.3229697427589,57.97842602073462,-0.6770302572410856,4.97842602073456,,,1762834133701,1762834133758,57,1762834133760
VCURIOSITY_33,Set_11_elong_glossy_3.glb,1,1762834134204-394788_before.png,1762834134204-394788_after.png,353.37696061981694,62.94985524983275,-0.9460091229419731,4.971429229098135,,,1762834134204,1762834134254,50,1762834134256
VCURIOSITY_33,Set_11_elong_glossy_3.glb,1,1762834134281-332099_before.png,1762834134281-332099_after.png,351.9826504029446,67.90952098429733,-1.3943102168723271,4.959665734464579,,,1762834134281,1762834134334,53,1762834134333
VCURIOSITY_33,Set_11_elong_glossy_3.glb,1,1762834134366-97892_before.png,1762834134366-97892_after.png,349.75547528104875,72.84717258831796,-2.2271751218959253,4.93765160402063,,,1762834134366,1762834134417,51,1762834134418
VCURIOSITY_33,Set_11_elong_glossy_3.glb,1,1762834134433-243679_before.png,1762834134433-243679_after.png,345.70401100471565,77.73614438369634,-4.051464276333036,4.888971795378438,,,1762834134433,1762834134484,51,1762834134486
VCURIOSITY_33,Set_11_elong_glossy_3.glb,1,1762834134500-757434_before.png,1762834134500-757434_after.png,336.3700285519333,82.48081828106245,-9.33398245278238,4.744673897366056,,,1762834134500,1762834134551,51,1762834134552
VCURIOSITY_33,Set_11_elong_glossy_3.glb,1,1762834134574-67007_before.png,1762834134574-67007_after.png,302.19453146698083,86.44643291946267,-34.17549708495244,3.9656146384002113,,,1762834134574,1762834134624,50,1762834134626
VCURIOSITY_33,Set_11_elong_glossy_3.glb,1,1762834134638-959781_before.png,1762834134638-959781_after.png,224.11885202372892,85.67893098760624,-78.07567944325194,-0.7675019318564864,,,1762834134638,1762834134692,54,1762834134693
VCURIOSITY_33,Set_11_elong_glossy_3.glb,1,1762834134711-28739_before.png,1762834134711-28739_after.png,200.43266813394487,81.3588510567609,-23.686183889784047,-4.320079930845395,,,1762834134711,1762834134764,53,1762834134766
VCURIOSITY_33,Set_11_elong_glossy_3.glb,1,1762834134797-95104_before.png,1762834134797-95104_after.png,193.04269456616223,76.56046963691807,-7.38997356778259,-4.798381419842826,,,1762834134797,1762834134848,51,1762834134849
VCURIOSITY_33,Set_11_elong_glossy_3.glb,1,1762834134863-48174_before.png,1762834134863-48174_after.png,189.59338630025852,71.65536598299997,-3.44930826590371,-4.905103653918104,,,1762834134863,1762834134914,51,1762834134916
VCURIOSITY_33,Set_11_elong_glossy_3.glb,1,1762834134929-503336_before.png,1762834134929-503336_after.png,187.62358488928407,66.7108950064333,-1.969801410974469,-4.944470976566663,,,1762834134929,1762834134983,54,1762834134986
VCURIOSITY_33,Set_11_elong_glossy_3.glb,1,1762834134994-773488_before.png,1762834134994-773488_after.png,186.36191719622636,61.747740086137696,-1.2616676930576887,-4.963154920295665,,,1762834134994,1762834135047,53,1762834135048
VCURIOSITY_33,Set_11_elong_glossy_3.glb,3,1762834135366-332113_before.png,1762834135366-332113_after.png,191.36191719622633,61.74774008613775,5,0,,,1762834135366,1762834135417,51,1762834135419
VCURIOSITY_33,Set_11_elong_glossy_3.glb,3,1762834135605-397815_before.png,1762834135605-397815_after.png,196.36191719622633,61.747740086137696,5,0,,,1762834135605,1762834135660,55,1762834135661
VCURIOSITY_33,Set_11_elong_glossy_3.glb,3,1762834135798-114223_before.png,1762834135798-114223_after.png,201.36191719622636,61.747740086137696,5,0,,,1762834135798,1762834135854,56,1762834135856
VCURIOSITY_33,Set_11_elong_glossy_3.glb,3,1762834135990-26028_before.png,1762834135990-26028_after.png,206.36191719622633,61.747740086137696,5,0,,,1762834135990,1762834136044,54,1762834136045
VCURIOSITY_33,Set_11_elong_glossy_3.glb,3,1762834136166-591748_before.png,1762834136166-591748_after.png,211.3619171962263,61.747740086137696,5,0,,,1762834136166,1762834136219,53,1762834136221
VCURIOSITY_33,Set_11_elong_glossy_3.glb,3,1762834136342-717306_before.png,1762834136342-717306_after.png,216.3619171962263,61.747740086137696,5,0,,,1762834136342,1762834136400,58,1762834136402
VCURIOSITY_33,Set_11_elong_glossy_3.glb,3,1762834136518-21077_before.png,1762834136518-21077_after.png,221.36191719622636,61.74774008613764,5,0,,,1762834136518,1762834136574,56,1762834136571
VCURIOSITY_33,Set_11_elong_glossy_3.glb,3,1762834136709-893945_before.png,1762834136709-893945_after.png,226.36191719622633,61.747740086137696,5,0,,,1762834136709,1762834136765,56,1762834136766
VCURIOSITY_33,Set_11_elong_glossy_3.glb,3,1762834136885-649868_before.png,1762834136885-649868_after.png,231.3619171962263,61.74774008613764,5,0,,,1762834136885,1762834136941,56,1762834136942
VCURIOSITY_33,Set_11_elong_glossy_3.glb,3,1762834137078-644517_before.png,1762834137078-644517_after.png,236.36191719622633,61.74774008613764,5,0,,,1762834137078,1762834137129,51,1762834137128
VCURIOSITY_33,Set_11_elong_glossy_3.glb,0,1762834137702-664556_before.png,1762834137702-664556_after.png,244.91968214182987,64.2071917898594,8.557764945603594,2.4594517037216974,,,1762834137702,1762834137757,55,1762834137758
VCURIOSITY_33,Set_11_elong_glossy_3.glb,0,1762834138205-344827_before.png,1762834138205-344827_after.png,255.04476300853577,65.92641549314425,10.125080866705957,1.719223703284797,,,1762834138205,1762834138258,53,1762834138257
VCURIOSITY_33,Set_11_elong_glossy_3.glb,0,1762834138274-706599_before.png,1762834138274-706599_after.png,266.3280362821334,66.74004719262888,11.283273273597615,0.8136316994846311,,,1762834138274,1762834138328,54,1762834138329
VCURIOSITY_33,Set_11_elong_glossy_3.glb,0,1762834138372-801789_before.png,1762834138372-801789_after.png,277.92740091721305,66.55333794311099,11.59936463507961,-0.18670924951788948,,,1762834138372,1762834138426,54,1762834138428
VCURIOSITY_33,Set_11_elong_glossy_3.glb,0,1762834138469-642019_before.png,1762834138469-642019_after.png,288.86087828911116,65.38910488442309,10.933477371898107,-1.1642330586878415,,,1762834138469,1762834138520,51,1762834138522
VCURIOSITY_33,Set_11_elong_glossy_3.glb,0,1762834138544-156806_before.png,1762834138544-156806_after.png,298.43017912451404,63.37563595765903,9.569300835402828,-2.0134689267640624,,,1762834138544,1762834138597,53,1762834138596
VCURIOSITY_33,Set_11_elong_glossy_3.glb,0,1762834138643-639684_before.png,1762834138643-639684_after.png,306.39109471013774,60.68802488491883,7.960915585623752,-2.6876110727401965,,,1762834138643,1762834138694,51,1762834138695
VCURIOSITY_33,Set_11_elong_glossy_3.glb,0,1762834138730-326902_before.png,1762834138730-326902_after.png,312.8323453088905,57.493873678421494,6.441250598752731,-3.1941512064972812,,,1762834138730,1762834138785,55,1762834138783
VCURIOSITY_33,Set_11_elong_glossy_3.glb,0,1762834138801-752289_before.png,1762834138801-752289_after.png,317.98529478916635,53.928487244825874,5.152949480275765,-3.565386433595677,,,1762834138801,1762834138852,51,1762834138853
VCURIOSITY_33,Set_11_elong_glossy_3.glb,0,1762834138873-966926_before.png,1762834138873-966926_after.png,322.10032326159234,50.09239020535642,4.115028472426047,-3.8360970394694505,,,1762834138873,1762834138928,55,1762834138930
VCURIOSITY_33,Set_11_elong_glossy_3.glb,0,1762834138965-366869_before.png,1762834138965-366869_after.png,325.39528261860386,46.057719332470754,3.294959357011521,-4.034670872885727,,,1762834138965,1762834139015,50,1762834139016
VCURIOSITY_33,Set_11_elong_glossy_3.glb,0,1762834139027-651439_before.png,1762834139027-651439_after.png,328.04367987741045,41.87583483222676,2.6483972588066536,-4.181884500243996,,,1762834139027,1762834139079,52,1762834139079
VCURIOSITY_33,Set_11_elong_glossy_3.glb,0,1762834139106-38274_before.png,1762834139106-38274_after.png,330.17846871208917,37.58355235667983,2.134788834678716,-4.292282475546926,,,1762834139106,1762834139159,53,1762834139160
VCURIOSITY_33,Set_11_elong_glossy_3.glb,0,1762834139167-511449_before.png,1762834139167-511449_after.png,331.899901823688,33.207652880682986,1.7214331115987989,-4.375899475996903,,,1762834139167,1762834139219,52,1762834139220
VCURIOSITY_33,Set_11_elong_glossy_3.glb,0,1762834139226-751817_before.png,1762834139226-751817_after.png,333.28312249157165,28.76799692655112,1.38322066788362,-4.439655954131922,,,1762834139226,1762834139278,52,1762834139281
VCURIOSITY_33,Set_11_elong_glossy_3.glb,0,1762834139294-461232_before.png,1762834139294-461232_after.png,334.3843004116548,24.279646253415763,1.1011779200831597,-4.488350673135301,,,1762834139294,1762834139345,51,1762834139346
VCURIOSITY_33,Set_11_elong_glossy_3.glb,0,1762834139362-742731_before.png,1762834139362-742731_after.png,335.24524721093485,19.754314713562678,0.8609467992801001,-4.525331539853141,,,1762834139362,1762834139413,51,1762834139415
VCURIOSITY_33,Set_11_elong_glossy_3.glb,0,1762834139427-161570_before.png,1762834139427-161570_after.png,335.89676828315015,15.201374620232116,0.651521072215246,-4.552940093330562,,,1762834139427,1762834139480,53,1762834139482
VCURIOSITY_33,Set_11_elong_glossy_3.glb,0,1762834139498-293403_before.png,1762834139498-293403_after.png,336.3610415747075,10.628570890095432,0.4642732915573333,-4.572803730136684,,,1762834139498,1762834139550,52,1762834139552
VCURIOSITY_33,Set_11_elong_glossy_3.glb,0,1762834139568-809982_before.png,1762834139568-809982_after.png,336.6532632483879,6.042544425469487,0.29222167368038754,-4.586026464626002,,,1762834139567,1762834139618,51,1762834139622
VCURIOSITY_33,Set_11_elong_glossy_3.glb,0,1762834139636-910312_before.png,1762834139636-910312_after.png,336.7827355858007,1.4492332472729572,0.12947233741283526,-4.593311178196473,,,1762834139636,1762834139687,51,1762834139688
VCURIOSITY_33,Set_11_elong_glossy_3.glb,0,1762834139723-685455_before.png,1762834139723-685455_after.png,336.7535148302807,356.85419931329994,-0.029220755519986596,-4.5950339339730135,,,1762834139723,1762834139775,52,1762834139778
VCURIOSITY_33,Set_11_elong_glossy_3.glb,0,1762834139791-177902_before.png,1762834139791-177902_after.png,336.5646890339269,352.26291682013874,-0.18882579635373986,-4.591282493161202,,,1762834139791,1762834139842,51,1762834139846
VCURIOSITY_33,Set_11_elong_glossy_3.glb,0,1762834139855-132025_before.png,1762834139855-132025_after.png,336.21031584422144,347.68105164869,-0.35437318970548404,-4.581865171448726,,,1762834139855,1762834139905,50,1762834139905
VCURIOSITY_33,Set_11_elong_glossy_3.glb,0,1762834139936-297512_before.png,1762834139936-297512_after.png,335.67901353582204,343.11476021897903,-0.531302308399404,-4.5662914297109864,,,1762834139936,1762834139989,53,1762834139991
VCURIOSITY_33,Set_11_elong_glossy_3.glb,0,1762834140021-370154_before.png,1762834140021-370154_after.png,334.9531611672041,338.57103908426006,-0.725852368618007,-4.543721134718908,,,1762834140021,1762834140072,51,1762834140074
VCURIOSITY_33,Set_11_elong_glossy_3.glb,0,1762834140084-954466_before.png,1762834140084-954466_after.png,334.0076212714143,334.05816474461255,-0.9455398957898069,-4.51287433964751,,,1762834140084,1762834140135,51,1762834140136
VCURIOSITY_33,Set_11_elong_glossy_3.glb,0,1762834140152-391741_before.png,1762834140152-391741_after.png,332.8078472833804,329.5862780556401,-1.1997739880339395,-4.471886688972518,,,1762834140152,1762834140204,52,1762834140201
VCURIOSITY_33,Set_11_elong_glossy_3.glb,0,1762834140221-359657_before.png,1762834140221-359657_after.png,331.3071767848064,325.1681922087504,-1.5006704985739816,-4.418085846889653,,,1762834140221,1762834140277,56,1762834140279
VCURIOSITY_33,Set_11_elong_glossy_3.glb,0,1762834140293-120362_before.png,1762834140293-120362_after.png,329.44304814904797,320.82054210301027,-1.8641286357584477,-4.347650105740058,,,1762834140293,1762834140344,51,1762834140346
VCURIOSITY_33,Set_11_elong_glossy_3.glb,0,1762834140355-455840_before.png,1762834140355-455840_after.png,327.13184602115444,316.5654518210723,-2.3112021278934662,-4.25509028193801,,,1762834140355,1762834140406,51,1762834140407
VCURIOSITY_33,Set_11_elong_glossy_3.glb,0,1762834140415-607495_before.png,1762834140415-607495_after.png,324.2621861474473,312.4329799878239,-2.869659873707178,-4.132471833248474,,,1762834140415,1762834140466,51,1762834140467
VCURIOSITY_33,Set_11_elong_glossy_3.glb,0,1762834140481-736606_before.png,1762834140481-736606_after.png,320.68698304126957,308.4647004513017,-3.575203106177696,-3.968279536522232,,,1762834140481,1762834140532,51,1762834140534
VCURIOSITY_33,Set_11_elong_glossy_3.glb,0,1762834140547-111343_before.png,1762834140547-111343_after.png,316.21632439364697,304.71882562712057,-4.470658647622599,-3.745874824181101,,,1762834140547,1762834140598,51,1762834140599
VCURIOSITY_33,Set_11_elong_glossy_3.glb,0,1762834140621-934946_before.png,1762834140621-934946_after.png,310.6175341809041,301.2770591345467,-5.59879021274287,-3.4417664925738336,,,1762834140621,1762834140677,56,1762834140679
VCURIOSITY_33,Set_11_elong_glossy_3.glb,0,1762834140723-753964_before.png,1762834140723-753964_after.png,303.6380828037731,298.25225991386134,-6.979451377130999,-3.0247992206852814,,,1762834140723,1762834140773,50,1762834140775
VCURIOSITY_33,Set_11_elong_glossy_3.glb,0,1762834140790-301084_before.png,1762834140790-301084_after.png,295.0803178581693,295.79280821013947,-8.557764945603822,-2.459451703721925,,,1762834140790,1762834140841,51,1762834140846
VCURIOSITY_33,Set_11_elong_glossy_3.glb,0,1762834140882-996025_before.png,1762834140882-996025_after.png,284.9552369914629,294.07358450685444,-10.125080866706412,-1.7192237032850244,,,1762834140882,1762834140934,52,1762834140936
VCURIOSITY_33,Set_11_elong_glossy_3.glb,0,1762834140980-49593_before.png,1762834140980-49593_after.png,273.6719637178652,293.2599528073699,-11.283273273597729,-0.8136316994845174,,,1762834140980,1762834141033,53,1762834141032
VCURIOSITY_33,Set_11_elong_glossy_3.glb,0,1762834141042-82436_before.png,1762834141042-82436_after.png,262.072599082785,293.44666205688776,-11.599364635080178,0.18670924951788948,,,1762834141042,1762834141095,53,1762834141096
VCURIOSITY_33,Set_11_elong_glossy_3.glb,0,1762834141107-862173_before.png,1762834141107-862173_after.png,251.13912171088674,294.6108951155757,-10.933477371898334,1.1642330586879552,,,1762834141107,1762834141158,51,1762834141159
VCURIOSITY_33,Set_11_elong_glossy_3.glb,1,1762834148950-112058_before.png,1762834148950-112058_after.png,354.3229697427589,57.97842602073462,-0.6770302572410856,4.97842602073456,,,1762834148950,1762834149004,54,1762834149005
VCURIOSITY_33,Set_11_elong_glossy_3.glb,1,1762834149452-778567_before.png,1762834149452-778567_after.png,353.37696061981694,62.94985524983275,-0.9460091229419731,4.971429229098135,,,1762834149452,1762834149504,52,1762834149504
VCURIOSITY_33,Set_11_elong_glossy_3.glb,1,1762834149514-293257_before.png,1762834149514-293257_after.png,351.9826504029446,67.90952098429739,-1.3943102168723271,4.959665734464579,,,1762834149514,1762834149568,54,1762834149567
VCURIOSITY_33,Set_11_elong_glossy_3.glb,1,1762834149593-374554_before.png,1762834149593-374554_after.png,349.7554752810487,72.84717258831796,-2.2271751218959253,4.93765160402063,,,1762834149593,1762834149644,51,1762834149645
VCURIOSITY_33,Set_11_elong_glossy_3.glb,1,1762834149653-923908_before.png,1762834149653-923908_after.png,345.70401100471554,77.73614438369634,-4.051464276333149,4.888971795378438,,,1762834149653,1762834149704,51,1762834149704
VCURIOSITY_33,Set_11_elong_glossy_3.glb,1,1762834149719-725303_before.png,1762834149719-725303_after.png,336.3700285519333,82.4808182810624,-9.333982452782266,4.744673897366056,,,1762834149719,1762834149770,51,1762834149766
VCURIOSITY_33,Set_11_elong_glossy_3.glb,1,1762834149821-88941_before.png,1762834149821-88941_after.png,302.19453146698106,86.4464329194625,-34.17549708495221,3.9656146384000976,,,1762834149821,1762834149872,51,1762834149870
VCURIOSITY_33,Set_11_elong_glossy_3.glb,1,1762834149882-998081_before.png,1762834149882-998081_after.png,224.11885202372872,85.6789309876063,-78.07567944325234,-0.767501931856259,,,1762834149882,1762834149933,51,1762834149934
VCURIOSITY_33,Set_11_elong_glossy_3.glb,1,1762834149950-501888_before.png,1762834149950-501888_after.png,200.43266813394484,81.35885105676084,-23.686183889783933,-4.320079930845395,,,1762834149950,1762834150001,51,1762834149997
VCURIOSITY_33,Set_11_elong_glossy_3.glb,1,1762834150017-239070_before.png,1762834150017-239070_after.png,193.0426945661623,76.56046963691807,-7.38997356778259,-4.798381419842826,,,1762834150017,1762834150067,50,1762834150065
VCURIOSITY_33,Set_11_elong_glossy_3.glb,1,1762834150076-237244_before.png,1762834150076-237244_after.png,189.59338630025857,71.65536598299997,-3.44930826590371,-4.905103653918104,,,1762834150076,1762834150128,52,1762834150129
VCURIOSITY_33,Set_11_elong_glossy_3.glb,1,1762834150145-927651_before.png,1762834150145-927651_after.png,187.62358488928405,66.7108950064333,-1.969801410974469,-4.944470976566663,,,1762834150145,1762834150196,51,1762834150197
VCURIOSITY_33,Set_11_elong_glossy_3.glb,0,1762834150773-609399_before.png,1762834150773-609399_after.png,189.59338630025857,71.65536598299991,1.969801410974469,4.944470976566663,,,1762834150773,1762834150828,55,1762834150829
VCURIOSITY_33,Set_11_elong_glossy_3.glb,0,1762834151277-556558_before.png,1762834151277-556558_after.png,193.0426945661623,76.56046963691807,3.44930826590371,4.905103653918104,,,1762834151277,1762834151329,52,1762834151325
VCURIOSITY_33,Set_11_elong_glossy_3.glb,0,1762834151337-364635_before.png,1762834151337-364635_after.png,200.43266813394493,81.35885105676095,7.38997356778259,4.798381419842826,,,1762834151337,1762834151389,52,1762834151386
VCURIOSITY_33,Set_11_elong_glossy_3.glb,0,1762834151405-800889_before.png,1762834151405-800889_after.png,224.1188520237282,85.67893098760646,23.68618388978325,4.320079930845509,,,1762834151405,1762834151456,51,1762834151452
VCURIOSITY_33,Set_11_elong_glossy_3.glb,0,1762834151479-517001_before.png,1762834151479-517001_after.png,302.1945314669799,86.44643291946267,78.07567944325172,0.767501931856259,,,1762834151479,1762834151530,51,1762834151530
VCURIOSITY_33,Set_11_elong_glossy_3.glb,0,1762834151538-855111_before.png,1762834151538-855111_after.png,336.3700285519326,82.48081828106274,34.17549708495267,-3.965614638399984,,,1762834151538,1762834151589,51,1762834151588
VCURIOSITY_33,Set_11_elong_glossy_3.glb,0,1762834151605-477505_before.png,1762834151605-477505_after.png,345.7040110047152,77.73614438369651,9.333982452782607,-4.744673897366283,,,1762834151605,1762834151656,51,1762834151652
VCURIOSITY_33,Set_11_elong_glossy_3.glb,0,1762834151672-425508_before.png,1762834151672-425508_after.png,349.75547528104846,72.84717258831813,4.051464276333263,-4.888971795378438,,,1762834151672,1762834151722,50,1762834151718
VCURIOSITY_33,Set_11_elong_glossy_3.glb,0,1762834151739-246104_before.png,1762834151739-246104_after.png,351.9826504029445,67.90952098429744,2.227175121896039,-4.93765160402063,,,1762834151739,1762834151789,50,1762834151791
VCURIOSITY_33,Set_11_elong_glossy_3.glb,0,1762834151813-868836_before.png,1762834151813-868836_after.png,353.3769606198168,62.949855249832865,1.3943102168723271,-4.959665734464579,,,1762834151813,1762834151864,51,1762834151865
VCURIOSITY_33,Set_11_elong_glossy_3.glb,-1,,,,,,,269.12961532502,4.923849754810817,,,,1762834747217
VCURIOSITY_33,Set_11_elong_glossy_3.glb,-1,,,,,,,269.12961532502,4.923849754810817,,,,1762834769536
VCURIOSITY_33,Set_11_elong_glossy_3.glb,-1,,,,,,,269.12961532502,4.923849754810817,,,,1762834851446
VCURIOSITY_33,Set_11_elong_glossy_3.glb,1,1762834855240-401330_before.png,1762834855240-401330_after.png,268.7028313763686,4.829217342540062,-0.4267839486514049,-0.09463241227081198,,,1762834855240,1762834855293,53,1762834855293
VCURIOSITY_33,Set_11_elong_glossy_3.glb,1,1762834855448-521855_before.png,1762834855448-521855_after.png,268.286056385971,4.697763659989903,-0.4167749903975846,-0.1314536825501591,,,1762834855448,1762834855500,52,1762834855499
VCURIOSITY_33,Set_11_elong_glossy_3.glb,3,1762834855912-829409_before.png,1762834855912-829409_after.png,273.286056385971,4.697763659989903,5,0,,,1762834855912,1762834855963,51,1762834855962
VCURIOSITY_33,Set_11_elong_glossy_3.glb,3,1762834856120-130657_before.png,1762834856120-130657_after.png,278.28605638597094,4.697763659989903,5,0,,,1762834856120,1762834856172,52,1762834856170
VCURIOSITY_33,Set_11_elong_glossy_3.glb,3,1762834856312-322895_before.png,1762834856312-322895_after.png,283.28605638597094,4.697763659989903,5,0,,,1762834856312,1762834856366,54,1762834856365
VCURIOSITY_33,Set_11_elong_glossy_3.glb,3,1762834856472-280819_before.png,1762834856472-280819_after.png,288.28605638597094,4.697763659989903,5,0,,,1762834856472,1762834856528,56,1762834856523
VCURIOSITY_33,Set_11_elong_glossy_3.glb,3,1762834856680-945575_before.png,1762834856680-945575_after.png,293.28605638597094,4.697763659989903,5,0,,,1762834856680,1762834856735,55,1762834856733
VCURIOSITY_33,Set_11_elong_glossy_3.glb,3,1762834857187-171345_before.png,1762834857187-171345_after.png,298.286056385971,4.697763659989903,5,0,,,1762834857187,1762834857239,52,1762834857239
VCURIOSITY_33,Set_11_elong_glossy_3.glb,3,1762834857257-28444_before.png,1762834857257-28444_after.png,303.28605638597094,4.697763659989903,5,0,,,1762834857257,1762834857310,53,1762834857305
VCURIOSITY_33,Set_11_elong_glossy_3.glb,3,1762834857346-414711_before.png,1762834857346-414711_after.png,308.28605638597094,4.697763659989903,5,0,,,1762834857346,1762834857399,53,1762834857397
VCURIOSITY_33,Set_11_elong_glossy_3.glb,3,1762834857411-674276_before.png,1762834857411-674276_after.png,313.28605638597094,4.69776365998996,5,0,,,1762834857411,1762834857464,53,1762834857462
VCURIOSITY_33,Set_11_elong_glossy_3.glb,3,1762834857477-258600_before.png,1762834857477-258600_after.png,318.28605638597094,4.697763659989903,5,0,,,1762834857477,1762834857528,51,1762834857527
VCURIOSITY_33,Set_11_elong_glossy_3.glb,3,1762834857552-546526_before.png,1762834857552-546526_after.png,323.286056385971,4.697763659989903,5,0,,,1762834857552,1762834857604,52,1762834857602
VCURIOSITY_33,Set_11_elong_glossy_3.glb,3,1762834857646-480006_before.png,1762834857646-480006_after.png,328.286056385971,4.697763659989903,5,0,,,1762834857646,1762834857699,53,1762834857697
VCURIOSITY_33,Set_11_elong_glossy_3.glb,3,1762834857716-425054_before.png,1762834857716-425054_after.png,333.286056385971,4.697763659989903,5,0,,,1762834857716,1762834857768,52,1762834857766
VCURIOSITY_33,Set_11_elong_glossy_3.glb,3,1762834857786-598073_before.png,1762834857786-598073_after.png,338.286056385971,4.697763659989903,5,0,,,1762834857786,1762834857838,52,1762834857836
VCURIOSITY_33,Set_11_elong_glossy_3.glb,3,1762834857854-198214_before.png,1762834857854-198214_after.png,343.286056385971,4.697763659989903,5,0,,,1762834857854,1762834857908,54,1762834857907
VCURIOSITY_33,Set_11_elong_glossy_3.glb,3,1762834857939-690003_before.png,1762834857939-690003_after.png,348.286056385971,4.697763659989903,5,0,,,1762834857939,1762834857993,54,1762834857991
VCURIOSITY_33,Set_11_elong_glossy_3.glb,3,1762834858012-978255_before.png,1762834858012-978255_after.png,353.286056385971,4.697763659989903,5,0,,,1762834858012,1762834858064,52,1762834858063
VCURIOSITY_33,Set_11_elong_glossy_3.glb,3,1762834858113-129975_before.png,1762834858113-129975_after.png,358.286056385971,4.697763659989903,5,0,,,1762834858113,1762834858167,54,1762834858166
VCURIOSITY_33,Set_11_elong_glossy_3.glb,3,1762834858213-154692_before.png,1762834858213-154692_after.png,3.286056385971051,4.697763659989903,5.000000000000057,0,,,1762834858213,1762834858267,54,1762834858264
VCURIOSITY_33,Set_11_elong_glossy_3.glb,3,1762834858276-708892_before.png,1762834858276-708892_after.png,8.286056385971051,4.697763659989903,5,0,,,1762834858276,1762834858330,54,1762834858328
VCURIOSITY_33,Set_11_elong_glossy_3.glb,3,1762834858347-100648_before.png,1762834858347-100648_after.png,13.286056385971051,4.697763659989903,5,0,,,1762834858347,1762834858399,52,1762834858397
VCURIOSITY_33,Set_11_elong_glossy_3.glb,3,1762834858448-384298_before.png,1762834858448-384298_after.png,18.28605638597105,4.697763659989903,5,0,,,1762834858448,1762834858498,50,1762834858497
VCURIOSITY_33,Set_11_elong_glossy_3.glb,3,1762834858546-33692_before.png,1762834858546-33692_after.png,23.28605638597105,4.697763659989903,5,0,,,1762834858546,1762834858599,53,1762834858597
VCURIOSITY_33,Set_11_elong_glossy_3.glb,3,1762834858633-653671_before.png,1762834858633-653671_after.png,28.28605638597105,4.697763659989903,5,0,,,1762834858633,1762834858683,50,1762834858680
VCURIOSITY_33,Set_11_elong_glossy_3.glb,3,1762834858698-470969_before.png,1762834858698-470969_after.png,33.28605638597111,4.697763659989846,5,0,,,1762834858698,1762834858750,52,1762834858748
VCURIOSITY_33,Set_11_elong_glossy_3.glb,3,1762834858776-848147_before.png,1762834858776-848147_after.png,38.28605638597111,4.697763659989846,5,0,,,1762834858776,1762834858832,56,1762834858830
VCURIOSITY_33,Set_11_elong_glossy_3.glb,3,1762834858871-989548_before.png,1762834858871-989548_after.png,43.28605638597111,4.697763659989846,5,0,,,1762834858871,1762834858925,54,1762834858923
VCURIOSITY_33,Set_11_elong_glossy_3.glb,3,1762834858933-715157_before.png,1762834858933-715157_after.png,48.286056385971165,4.697763659989846,5,0,,,1762834858933,1762834858985,52,1762834858984
VCURIOSITY_33,Set_11_elong_glossy_3.glb,3,1762834858995-261343_before.png,1762834858995-261343_after.png,53.286056385971165,4.697763659989846,5,0,,,1762834858995,1762834859046,51,1762834859044
VCURIOSITY_33,Set_11_elong_glossy_3.glb,3,1762834859062-435706_before.png,1762834859062-435706_after.png,58.286056385971165,4.697763659989846,5,0,,,1762834859062,1762834859114,52,1762834859111
VCURIOSITY_33,Set_11_elong_glossy_3.glb,3,1762834859137-832539_before.png,1762834859137-832539_after.png,63.286056385971165,4.697763659989846,5,0,,,1762834859137,1762834859190,53,1762834859188
VCURIOSITY_33,Set_11_elong_glossy_3.glb,3,1762834859203-299107_before.png,1762834859203-299107_after.png,68.28605638597122,4.697763659989789,5,0,,,1762834859203,1762834859259,56,1762834859259
VCURIOSITY_33,Set_11_elong_glossy_3.glb,3,1762834859294-471482_before.png,1762834859294-471482_after.png,73.28605638597122,4.697763659989789,5,0,,,1762834859294,1762834859350,56,1762834859348
VCURIOSITY_33,Set_11_elong_glossy_3.glb,3,1762834859359-782677_before.png,1762834859359-782677_after.png,78.28605638597128,4.697763659989789,5,0,,,1762834859359,1762834859410,51,1762834859408
VCURIOSITY_33,Set_11_elong_glossy_3.glb,3,1762834859426-280750_before.png,1762834859426-280750_after.png,83.28605638597134,4.697763659989789,5,0,,,1762834859426,1762834859477,51,1762834859474
VCURIOSITY_33,Set_11_elong_glossy_3.glb,3,1762834859495-205860_before.png,1762834859495-205860_after.png,88.28605638597134,4.697763659989789,5,0,,,1762834859495,1762834859545,50,1762834859543
VCURIOSITY_33,Set_11_elong_glossy_3.glb,3,1762834859570-143976_before.png,1762834859570-143976_after.png,93.28605638597139,4.697763659989789,5,0,,,1762834859570,1762834859622,52,1762834859620
VCURIOSITY_33,Set_11_elong_glossy_3.glb,3,1762834859673-499095_before.png,1762834859673-499095_after.png,98.28605638597145,4.697763659989732,5,0,,,1762834859673,1762834859728,55,1762834859721
VCURIOSITY_33,Set_11_elong_glossy_3.glb,3,1762834859767-211572_before.png,1762834859767-211572_after.png,103.2860563859715,4.697763659989732,5,0,,,1762834859767,1762834859819,52,1762834859813
VCURIOSITY_33,Set_11_elong_glossy_3.glb,3,1762834859858-998950_before.png,1762834859858-998950_after.png,108.28605638597105,4.697763659989789,4.999999999999545,0,,,1762834859858,1762834859910,52,1762834859904
VCURIOSITY_33,Set_11_elong_glossy_3.glb,3,1762834859921-381943_before.png,1762834859921-381943_after.png,113.28605638597111,4.697763659989789,5,0,,,1762834859921,1762834859972,51,1762834859970
VCURIOSITY_33,Set_11_elong_glossy_3.glb,3,1762834859996-684522_before.png,1762834859996-684522_after.png,118.28605638597111,4.697763659989789,5,0,,,1762834859996,1762834860048,52,1762834860046
VCURIOSITY_33,Set_11_elong_glossy_3.glb,3,1762834860091-917976_before.png,1762834860091-917976_after.png,123.28605638597105,4.697763659989789,5,0,,,1762834860091,1762834860142,51,1762834860140
VCURIOSITY_33,Set_11_elong_glossy_3.glb,3,1762834860159-939477_before.png,1762834860159-939477_after.png,128.28605638597105,4.697763659989846,5,0,,,1762834860159,1762834860212,53,1762834860210
VCURIOSITY_33,Set_11_elong_glossy_3.glb,3,1762834860258-48063_before.png,1762834860258-48063_after.png,133.28605638597105,4.697763659989846,5,0,,,1762834860258,1762834860311,53,1762834860305
VCURIOSITY_33,Set_11_elong_glossy_3.glb,3,1762834860320-609177_before.png,1762834860320-609177_after.png,138.28605638597105,4.697763659989846,5,0,,,1762834860320,1762834860372,52,1762834860371
VCURIOSITY_33,Set_11_elong_glossy_3.glb,3,1762834860389-943641_before.png,1762834860389-943641_after.png,143.28605638597105,4.697763659989846,5,0,,,1762834860389,1762834860439,50,1762834860438
VCURIOSITY_32,Set_11_elong_glossy_3.glb,-1,,,,,,,269.12961532502,4.923849754810817,,,,1763684699148
VCURIOSITY_32,Set_12_orig_matte_0.glb,-1,,,,,,,238.76748145852997,16.665768674058143,,,,1763684827358
VCURIOSITY_32,Set_12_orig_matte_0.glb,3,1763684919097-831772_before.png,1763684919097-831772_after.png,243.76748145853003,16.665768674058143,5,0,,,1763684919097,1763684919153,56,1763684919162
VCURIOSITY_32,Set_12_orig_matte_0.glb,3,1763684919406-560806_before.png,1763684919406-560806_after.png,248.76748145852997,16.665768674058143,5,0,,,1763684919406,1763684919460,54,1763684919466
VCURIOSITY_32,Set_12_orig_matte_0.glb,3,1763684919704-790289_before.png,1763684919704-790289_after.png,253.76748145852997,16.665768674058143,5,0,,,1763684919704,1763684919761,57,1763684919753
VCURIOSITY_32,Set_12_orig_matte_0.glb,3,1763684920055-277576_before.png,1763684920055-277576_after.png,258.76748145852997,16.665768674058143,5,0,,,1763684920055,1763684920113,58,1763684920111
VCURIOSITY_32,Set_12_orig_matte_0.glb,3,1763684920471-770503_before.png,1763684920471-770503_after.png,263.76748145852997,16.665768674058143,5,0,,,1763684920471,1763684920523,52,1763684920533
VCURIOSITY_32,Set_12_orig_matte_0.glb,3,1763684921164-70453_before.png,1763684921164-70453_after.png,268.76748145853,16.665768674058143,5,0,,,1763684921164,1763684921220,56,1763684921222
VCURIOSITY_32,Set_12_orig_matte_0.glb,3,1763684921730-441064_before.png,1763684921730-441064_after.png,273.76748145852997,16.665768674058143,5,0,,,1763684921730,1763684921786,56,1763684921790
VCURIOSITY_32,Set_12_orig_matte_0.glb,3,1763684922092-244260_before.png,1763684922092-244260_after.png,278.76748145852997,16.665768674058143,5,0,,,1763684922092,1763684922146,54,1763684922152
VCURIOSITY_32,Set_12_orig_matte_0.glb,3,1763684922435-826818_before.png,1763684922435-826818_after.png,283.76748145852997,16.665768674058143,5,0,,,1763684922435,1763684922495,60,1763684922491
VCURIOSITY_32,Set_12_orig_matte_0.glb,3,1763684922947-514866_before.png,1763684922947-514866_after.png,288.76748145853,16.665768674058143,5,0,,,1763684922947,1763684923003,56,1763684922999
VCURIOSITY_32,Set_12_orig_matte_0.glb,3,1763684923372-967655_before.png,1763684923372-967655_after.png,293.76748145852997,16.6657686740582,5,0,,,1763684923372,1763684923429,57,1763684923421
VCURIOSITY_32,Set_12_orig_matte_0.glb,3,1763684923755-969346_before.png,1763684923755-969346_after.png,298.76748145852997,16.6657686740582,5,0,,,1763684923755,1763684923820,65,1763684923813
VCURIOSITY_32,Set_12_orig_matte_0.glb,3,1763684924080-130920_before.png,1763684924080-130920_after.png,303.76748145852997,16.6657686740582,5,0,,,1763684924080,1763684924135,55,1763684924139
VCURIOSITY_32,Set_12_orig_matte_0.glb,3,1763684924428-377733_before.png,1763684924428-377733_after.png,308.76748145852997,16.6657686740582,5,0,,,1763684924428,1763684924486,58,1763684924483
VCURIOSITY_32,Set_12_orig_matte_0.glb,3,1763684924787-240654_before.png,1763684924787-240654_after.png,313.76748145852997,16.6657686740582,5,0,,,1763684924787,1763684924837,50,1763684924828
VCURIOSITY_32,Set_12_orig_matte_0.glb,3,1763684925097-299063_before.png,1763684925097-299063_after.png,318.76748145852997,16.6657686740582,5,0,,,1763684925097,1763684925153,56,1763684925155
VCURIOSITY_32,Set_12_orig_matte_0.glb,3,1763684925418-792271_before.png,1763684925418-792271_after.png,323.76748145852997,16.6657686740582,5,0,,,1763684925418,1763684925470,52,1763684925467
VCURIOSITY_32,Set_12_orig_matte_0.glb,3,1763684925723-179882_before.png,1763684925723-179882_after.png,328.76748145852997,16.6657686740582,5,0,,,1763684925723,1763684925786,63,1763684925780
VCURIOSITY_32,Set_12_orig_matte_0.glb,3,1763684926129-112458_before.png,1763684926129-112458_after.png,333.76748145852997,16.6657686740582,5,0,,,1763684926129,1763684926180,51,1763684926184
VCURIOSITY_32,Set_12_orig_matte_0.glb,3,1763684926531-752365_before.png,1763684926531-752365_after.png,338.76748145852997,16.6657686740582,5,0,,,1763684926531,1763684926587,56,1763684926581
VCURIOSITY_32,Set_12_orig_matte_0.glb,3,1763684927389-447484_before.png,1763684927389-447484_after.png,343.76748145852997,16.6657686740582,5,0,,,1763684927388,1763684927445,57,1763684927446
VCURIOSITY_32,Set_12_orig_matte_0.glb,3,1763684927814-952258_before.png,1763684927814-952258_after.png,348.76748145852997,16.6657686740582,5,0,,,1763684927813,1763684927872,59,1763684927884
VCURIOSITY_32,Set_12_orig_matte_0.glb,3,1763684928239-483864_before.png,1763684928239-483864_after.png,353.76748145853,16.6657686740582,5,0,,,1763684928239,1763684928304,65,1763684928309
VCURIOSITY_32,Set_12_orig_matte_0.glb,2,1763684973100-482510_before.png,1763684973100-482510_after.png,348.76748145852997,16.6657686740582,-5,0,,,1763684973100,1763684973154,54,1763684973161
VCURIOSITY_32,Set_12_orig_matte_0.glb,2,1763684973504-109843_before.png,1763684973504-109843_after.png,343.76748145852997,16.6657686740582,-5,0,,,1763684973504,1763684973559,55,1763684973556
VCURIOSITY_32,Set_12_orig_matte_0.glb,0,1763685001972-127148_before.png,1763685001972-127148_after.png,344.1192647383608,11.8605688176346,0.3517832798308973,-4.805199856423542,,,1763685001972,1763685002024,52,1763685002035
VCURIOSITY_32,Set_12_orig_matte_0.glb,0,1763685010084-221414_before.png,1763685010084-221414_after.png,344.34566428937546,7.048473436193433,0.22639955101465148,-4.812095381441168,,,1763685010084,1763685010136,52,1763685010143
VCURIOSITY_32,Set_12_orig_matte_0.glb,0,1763685011778-437351_before.png,1763685011778-437351_after.png,344.4548711899098,2.232431189029512,0.10920690053433191,-4.816042247163978,,,1763685011778,1763685011829,51,1763685011842
VCURIOSITY_32,Set_12_orig_matte_0.glb,0,1763685013486-487495_before.png,1763685013486-487495_after.png,344.4507471207908,357.4151615368723,-0.004124069118915941,-4.817269652157165,,,1763685013486,1763685013545,59,1763685013546
VCURIOSITY_32,Set_12_orig_matte_0.glb,-1,,,,,,,238.76748145852997,16.665768674058143,,,,1763685036895
VCURIOSITY_32,Set_12_orig_matte_0.glb,3,1763685060795-287483_before.png,1763685060795-287483_after.png,243.76748145853003,16.665768674058143,5,0,,,1763685060794,1763685060847,53,1763685060854
VCURIOSITY_32,Set_12_orig_matte_0.glb,3,1763685061068-965267_before.png,1763685061068-965267_after.png,248.76748145852997,16.665768674058143,5,0,,,1763685061068,1763685061119,51,1763685061124
VCURIOSITY_32,Set_12_orig_matte_0.glb,3,1763685061317-658247_before.png,1763685061317-658247_after.png,253.76748145852997,16.665768674058143,5,0,,,1763685061316,1763685061369,53,1763685061371
VCURIOSITY_32,Set_12_orig_matte_0.glb,3,1763685061656-383480_before.png,1763685061656-383480_after.png,258.76748145852997,16.665768674058143,5,0,,,1763685061656,1763685061713,57,1763685061716
VCURIOSITY_32,Set_12_orig_matte_0.glb,3,1763685061963-340184_before.png,1763685061963-340184_after.png,263.76748145852997,16.665768674058143,5,0,,,1763685061963,1763685062021,58,1763685062026
VCURIOSITY_32,Set_12_orig_matte_0.glb,3,1763685062305-746916_before.png,1763685062305-746916_after.png,268.76748145853,16.665768674058143,5,0,,,1763685062305,1763685062362,57,1763685062372
VCURIOSITY_32,Set_12_orig_matte_0.glb,3,1763685062679-278538_before.png,1763685062679-278538_after.png,273.76748145852997,16.665768674058143,5,0,,,1763685062679,1763685062737,58,1763685062742
VCURIOSITY_32,Set_12_orig_matte_0.glb,3,1763685062996-787271_before.png,1763685062996-787271_after.png,278.76748145852997,16.665768674058143,5,0,,,1763685062996,1763685063054,58,1763685063059
VCURIOSITY_32,Set_12_orig_matte_0.glb,3,1763685063325-856752_before.png,1763685063325-856752_after.png,283.76748145852997,16.665768674058143,5,0,,,1763685063325,1763685063376,51,1763685063377
VCURIOSITY_32,Set_12_orig_matte_0.glb,3,1763685063630-346620_before.png,1763685063630-346620_after.png,288.76748145853,16.665768674058143,5,0,,,1763685063630,1763685063680,50,1763685063691
VCURIOSITY_32,Set_12_orig_matte_0.glb,3,1763685065298-972537_before.png,1763685065298-972537_after.png,293.76748145852997,16.6657686740582,5,0,,,1763685065298,1763685065354,56,1763685065359
VCURIOSITY_32,Set_12_orig_matte_0.glb,3,1763685065760-233001_before.png,1763685065760-233001_after.png,298.76748145852997,16.6657686740582,5,0,,,1763685065760,1763685065812,52,1763685065820
VCURIOSITY_32,Set_12_orig_matte_0.glb,3,1763685066784-289748_before.png,1763685066784-289748_after.png,303.76748145852997,16.6657686740582,5,0,,,1763685066784,1763685066837,53,1763685066850
VCURIOSITY_32,Set_12_orig_matte_0.glb,3,1763685067420-634960_before.png,1763685067420-634960_after.png,308.76748145852997,16.6657686740582,5,0,,,1763685067420,1763685067471,51,1763685067476
VCURIOSITY_32,Set_12_orig_matte_0.glb,3,1763685067837-792828_before.png,1763685067837-792828_after.png,313.76748145852997,16.6657686740582,5,0,,,1763685067837,1763685067888,51,1763685067892
VCURIOSITY_32,Set_12_orig_matte_0.glb,3,1763685068178-80015_before.png,1763685068178-80015_after.png,318.76748145852997,16.6657686740582,5,0,,,1763685068178,1763685068229,51,1763685068236
VCURIOSITY_32,Set_12_orig_matte_0.glb,3,1763685068567-760038_before.png,1763685068567-760038_after.png,323.76748145852997,16.6657686740582,5,0,,,1763685068567,1763685068621,54,1763685068625
VCURIOSITY_32,Set_12_orig_matte_0.glb,3,1763685068925-34210_before.png,1763685068925-34210_after.png,328.76748145852997,16.6657686740582,5,0,,,1763685068925,1763685068977,52,1763685068976
VCURIOSITY_32,Set_12_orig_matte_0.glb,3,1763685069279-161046_before.png,1763685069279-161046_after.png,333.76748145852997,16.6657686740582,5,0,,,1763685069279,1763685069338,59,1763685069342
VCURIOSITY_32,Set_12_orig_matte_0.glb,3,1763685069704-929928_before.png,1763685069704-929928_after.png,338.76748145852997,16.6657686740582,5,0,,,1763685069704,1763685069755,51,1763685069765
VCURIOSITY_32,Set_12_orig_matte_0.glb,3,1763685083043-88765_before.png,1763685083043-88765_after.png,343.76748145852997,16.6657686740582,5,0,,,1763685083043,1763685083095,52,1763685083102
VCURIOSITY_32,Set_12_orig_matte_0.glb,2,1763685085280-450113_before.png,1763685085280-450113_after.png,338.76748145852997,16.6657686740582,-5,0,,,1763685085280,1763685085338,58,1763685085340
VCURIOSITY_32,Set_12_orig_matte_0.glb,2,1763685085527-573145_before.png,1763685085527-573145_after.png,333.76748145852997,16.6657686740582,-5,0,,,1763685085527,1763685085580,53,1763685085589
VCURIOSITY_32,Set_12_orig_matte_0.glb,0,1763685102308-779422_before.png,1763685102308-779422_after.png,334.33034302358584,12.169328470568928,0.5628615650558686,-4.496440203489328,,,1763685102307,1763685102359,52,1763685102363
VCURIOSITY_32,Set_12_orig_matte_0.glb,0,1763685109000-953561_before.png,1763685109000-953561_after.png,334.7064840025367,7.6551561195925615,0.3761409789508434,-4.514172350976423,,,1763685109000,1763685109055,55,1763685109059
VCURIOSITY_32,Set_12_orig_matte_0.glb,0,1763685113926-209456_before.png,1763685113926-209456_after.png,334.9075256017338,3.130233496347671,0.20104159919719677,-4.524922623244947,,,1763685113926,1763685113978,52,1763685114006
VCURIOSITY_32,Set_12_orig_matte_0.glb,1,1763685149824-230512_before.png,1763685149824-230512_after.png,334.7064840025366,7.6551561195925615,-0.20104159919719677,4.524922623244947,,,1763685149824,1763685149875,51,1763685149882
VCURIOSITY_32,Set_12_orig_matte_0.glb,1,1763685150169-455105_before.png,1763685150169-455105_after.png,334.33034302358584,12.169328470568985,-0.3761409789508434,4.514172350976423,,,1763685150169,1763685150221,52,1763685150228
VCURIOSITY_32,Set_12_orig_matte_0.glb,2,1763685153150-637280_before.png,1763685153150-637280_after.png,329.33034302358584,12.169328470568985,-5,0,,,1763685153150,1763685153202,52,1763685153208
VCURIOSITY_32,Set_12_orig_matte_0.glb,0,1763685167169-19090_before.png,1763685167169-19090_after.png,329.7779976069165,7.858050123081114,0.4476545833306318,-4.311278347487814,,,1763685167169,1763685167224,55,1763685167227
VCURIOSITY_32,Set_12_orig_matte_0.glb,1,1763685168140-555984_before.png,1763685168140-555984_after.png,329.33034302358584,12.169328470568985,-0.4476545833306318,4.311278347487814,,,1763685168140,1763685168192,52,1763685168192
VCURIOSITY_32,Set_12_orig_matte_0.glb,1,1763685168857-205023_before.png,1763685168857-205023_after.png,328.67293873577125,16.456030572668624,-0.6574042878146429,4.286702102099639,,,1763685168857,1763685168912,55,1763685168914
VCURIOSITY_32,Set_12_orig_matte_0.glb,-1,,,,,,,238.76748145852997,16.665768674058143,,,,1763685178180
VCURIOSITY_32,Set_12_orig_matte_0.glb,3,1763685206597-898648_before.png,1763685206597-898648_after.png,243.76748145853003,16.665768674058143,5,0,,,1763685206597,1763685206653,56,1763685206663
VCURIOSITY_32,Set_12_orig_matte_0.glb,3,1763685206791-668299_before.png,1763685206791-668299_after.png,248.76748145852997,16.665768674058143,5,0,,,1763685206791,1763685206853,62,1763685206861
VCURIOSITY_32,Set_12_orig_matte_0.glb,3,1763685207043-344808_before.png,1763685207043-344808_after.png,253.76748145852997,16.665768674058143,5,0,,,1763685207042,1763685207103,61,1763685207103
VCURIOSITY_32,Set_12_orig_matte_0.glb,3,1763685207299-102316_before.png,1763685207299-102316_after.png,258.76748145852997,16.665768674058143,5,0,,,1763685207299,1763685207354,55,1763685207359
VCURIOSITY_32,Set_12_orig_matte_0.glb,3,1763685207747-603685_before.png,1763685207747-603685_after.png,263.76748145852997,16.665768674058143,5,0,,,1763685207747,1763685207798,51,1763685207799
VCURIOSITY_32,Set_12_orig_matte_0.glb,3,1763685208107-112518_before.png,1763685208107-112518_after.png,268.76748145853,16.665768674058143,5,0,,,1763685208107,1763685208170,63,1763685208175
VCURIOSITY_32,Set_12_orig_matte_0.glb,3,1763685208391-140644_before.png,1763685208391-140644_after.png,273.76748145852997,16.665768674058143,5,0,,,1763685208391,1763685208453,62,1763685208459
VCURIOSITY_32,Set_12_orig_matte_0.glb,3,1763685208663-403181_before.png,1763685208663-403181_after.png,278.76748145852997,16.665768674058143,5,0,,,1763685208663,1763685208721,58,1763685208724
VCURIOSITY_32,Set_12_orig_matte_0.glb,3,1763685208978-221551_before.png,1763685208978-221551_after.png,283.76748145852997,16.665768674058143,5,0,,,1763685208978,1763685209038,60,1763685209033
VCURIOSITY_32,Set_12_orig_matte_0.glb,3,1763685209249-47910_before.png,1763685209249-47910_after.png,288.76748145853,16.665768674058143,5,0,,,1763685209248,1763685209304,56,1763685209299
VCURIOSITY_32,Set_12_orig_matte_0.glb,3,1763685210518-415672_before.png,1763685210518-415672_after.png,293.76748145852997,16.6657686740582,5,0,,,1763685210517,1763685210569,52,1763685210571
VCURIOSITY_32,Set_12_orig_matte_0.glb,3,1763685210759-312562_before.png,1763685210759-312562_after.png,298.76748145852997,16.6657686740582,5,0,,,1763685210759,1763685210818,59,1763685210824
VCURIOSITY_32,Set_12_orig_matte_0.glb,3,1763685210997-407846_before.png,1763685210997-407846_after.png,303.76748145852997,16.6657686740582,5,0,,,1763685210997,1763685211053,56,1763685211058
VCURIOSITY_32,Set_12_orig_matte_0.glb,3,1763685211243-953320_before.png,1763685211243-953320_after.png,308.76748145852997,16.6657686740582,5,0,,,1763685211243,1763685211301,58,1763685211301
VCURIOSITY_32,Set_12_orig_matte_0.glb,3,1763685211707-75115_before.png,1763685211707-75115_after.png,313.76748145852997,16.6657686740582,5,0,,,1763685211707,1763685211770,63,1763685211777
VCURIOSITY_32,Set_12_orig_matte_0.glb,3,1763685212043-509826_before.png,1763685212043-509826_after.png,318.76748145852997,16.6657686740582,5,0,,,1763685212043,1763685212103,60,1763685212109
VCURIOSITY_32,Set_12_orig_matte_0.glb,3,1763685212366-436479_before.png,1763685212366-436479_after.png,323.76748145852997,16.6657686740582,5,0,,,1763685212366,1763685212420,54,1763685212425
VCURIOSITY_32,Set_12_orig_matte_0.glb,3,1763685212585-576246_before.png,1763685212585-576246_after.png,328.76748145852997,16.6657686740582,5,0,,,1763685212585,1763685212637,52,1763685212636
VCURIOSITY_32,Set_12_orig_matte_0.glb,3,1763685212846-40656_before.png,1763685212846-40656_after.png,333.76748145852997,16.6657686740582,5,0,,,1763685212846,1763685212903,57,1763685212905
VCURIOSITY_32,Set_12_orig_matte_0.glb,3,1763685213110-113004_before.png,1763685213110-113004_after.png,338.76748145852997,16.6657686740582,5,0,,,1763685213110,1763685213171,61,1763685213165
VCURIOSITY_32,Set_12_orig_matte_0.glb,3,1763685213827-625121_before.png,1763685213827-625121_after.png,343.76748145852997,16.6657686740582,5,0,,,1763685213827,1763685213887,60,1763685213894
VCURIOSITY_32,Set_12_orig_matte_0.glb,2,1763685218061-387128_before.png,1763685218061-387128_after.png,338.76748145852997,16.6657686740582,-5,0,,,1763685218061,1763685218120,59,1763685218116
VCURIOSITY_32,Set_12_orig_matte_0.glb,2,1763685218297-299162_before.png,1763685218297-299162_after.png,333.76748145852997,16.6657686740582,-5,0,,,1763685218297,1763685218354,57,1763685218358
VCURIOSITY_32,Set_12_orig_matte_0.glb,2,1763685218535-881401_before.png,1763685218535-881401_after.png,328.76748145852997,16.6657686740582,-5,0,,,1763685218535,1763685218588,53,1763685218581
VCURIOSITY_32,Set_12_orig_matte_0.glb,0,1763685254522-359238_before.png,1763685254522-359238_after.png,329.4329238312802,12.374644793495975,0.665442372750249,-4.291123880562282,,,1763685254522,1763685254573,51,1763685254577
VCURIOSITY_32,Set_12_orig_matte_0.glb,0,1763685256717-220028_before.png,1763685256717-220028_after.png,329.88839956230277,8.058667330407161,0.4554757310224886,-4.315977463088757,,,1763685256717,1763685256777,60,1763685256785
VCURIOSITY_32,Set_12_orig_matte_0.glb,0,1763685259193-961127_before.png,1763685259193-961127_after.png,330.14646325390106,3.7270826226753115,0.258063691598295,-4.3315847077318494,,,1763685259193,1763685259249,56,1763685259256
VCURIOSITY_32,Set_12_orig_matte_0.glb,0,1763685261122-183548_before.png,1763685261122-183548_after.png,330.21412198999855,359.3884288642335,0.06765873609742812,-4.338653758441751,,,1763685261122,1763685261183,61,1763685261188
VCURIOSITY_32,Set_12_orig_matte_0.glb,0,1763685261734-609405_before.png,1763685261734-609405_after.png,330.0931999122224,355.05092868107386,-0.12092207777618569,-4.337500183159591,,,1763685261734,1763685261794,60,1763685261797
VCURIOSITY_32,Set_12_orig_matte_0.glb,0,1763685262149-897427_before.png,1763685262149-897427_after.png,329.7804330413433,350.7228559722421,-0.3127668708791589,-4.328072708831769,,,1763685262149,1763685262201,52,1763685262208
VCURIOSITY_32,Set_12_orig_matte_0.glb,0,1763685262369-233061_before.png,1763685262369-233061_after.png,329.267299579501,346.4129069192796,-0.5131334618422443,-4.3099490529625655,,,1763685262369,1763685262433,64,1763685262440
VCURIOSITY_32,Set_12_orig_matte_0.glb,0,1763685262587-70105_before.png,1763685262587-70105_after.png,328.53957640301365,342.13060551545755,-0.7277231764874159,-4.282301403821975,,,1763685262587,1763685262642,55,1763685262650
VCURIOSITY_32,Set_12_orig_matte_0.glb,0,1763685262808-852717_before.png,1763685262808-852717_after.png,327.5765992490065,337.88677764445094,-0.9629771540071488,-4.2438278710066015,,,1763685262807,1763685262867,60,1763685262875
VCURIOSITY_32,Set_12_orig_matte_0.glb,0,1763685263008-731940_before.png,1763685263008-731940_after.png,326.3501955389911,333.6941348527371,-1.2264037100153473,-4.192642791713865,,,1763685263008,1763685263060,52,1763685263069
VCURIOSITY_32,Set_12_orig_matte_0.glb,0,1763685263202-839750_before.png,1763685263202-839750_after.png,324.82326222479816,329.56801968178394,-1.526933314193002,-4.126115170953199,,,1763685263202,1763685263269,67,1763685263274
VCURIOSITY_32,Set_12_orig_matte_0.glb,0,1763685263598-746881_before.png,1763685263598-746881_after.png,322.947992687435,325.5273782840404,-1.8752695373632378,-4.040641397743457,,,1763685263598,1763685263658,60,1763685263657
VCURIOSITY_32,Set_12_orig_matte_0.glb,-1,,,,,,,238.76748145852997,16.665768674058143,,,,1763686934184
VCURIOSITY_32,Set_12_orig_matte_0.glb,3,1763689131588-731742_before.png,1763689131588-731742_after.png,243.76748145853003,16.665768674058143,5,0,,,1763689131588,1763689131664,76,1763689131680
VCURIOSITY_32,Set_12_orig_matte_0.glb,3,1763689131929-838984_before.png,1763689131929-838984_after.png,248.76748145852997,16.665768674058143,5,0,,,1763689131929,1763689131981,52,1763689131995
VCURIOSITY_32,Set_12_orig_matte_0.glb,3,1763689132078-158169_before.png,1763689132078-158169_after.png,253.76748145852997,16.665768674058143,5,0,,,1763689132078,1763689132130,52,1763689132129
VCURIOSITY_32,Set_12_orig_matte_0.glb,3,1763689132609-795004_before.png,1763689132609-795004_after.png,258.76748145852997,16.665768674058143,5,0,,,1763689132609,1763689132660,51,1763689132666
VCURIOSITY_32,Set_12_orig_matte_0.glb,3,1763689132712-413216_before.png,1763689132712-413216_after.png,263.76748145852997,16.665768674058143,5,0,,,1763689132712,1763689132763,51,1763689132762
VCURIOSITY_32,Set_12_orig_matte_0.glb,3,1763689132802-12924_before.png,1763689132802-12924_after.png,268.76748145853,16.665768674058143,5,0,,,1763689132802,1763689132862,60,1763689132863
VCURIOSITY_32,Set_12_orig_matte_0.glb,3,1763689132895-770907_before.png,1763689132895-770907_after.png,273.76748145852997,16.665768674058143,5,0,,,1763689132895,1763689132946,51,1763689132956
VCURIOSITY_32,Set_12_orig_matte_0.glb,3,1763689132994-797659_before.png,1763689132994-797659_after.png,278.76748145852997,16.665768674058143,5,0,,,1763689132994,1763689133046,52,1763689133047
VCURIOSITY_32,Set_12_orig_matte_0.glb,3,1763689133088-601111_before.png,1763689133088-601111_after.png,283.76748145852997,16.665768674058143,5,0,,,1763689133088,1763689133146,58,1763689133147
VCURIOSITY_32,Set_12_orig_matte_0.glb,3,1763689133187-133103_before.png,1763689133187-133103_after.png,288.76748145853,16.665768674058143,5,0,,,1763689133187,1763689133245,58,1763689133247
VCURIOSITY_32,Set_12_orig_matte_0.glb,3,1763689133283-28987_before.png,1763689133283-28987_after.png,293.76748145852997,16.6657686740582,5,0,,,1763689133283,1763689133347,64,1763689133355
VCURIOSITY_32,Set_12_orig_matte_0.glb,3,1763689133377-935377_before.png,1763689133377-935377_after.png,298.76748145852997,16.6657686740582,5,0,,,1763689133377,1763689133427,50,1763689133429
VCURIOSITY_32,Set_12_orig_matte_0.glb,0,1763689133529-915426_before.png,1763689133529-915426_after.png,299.97168016896876,14.212245051696868,1.2041987104387317,-2.453523622361331,,,1763689133529,1763689133580,51,1763689133593
VCURIOSITY_32,Set_12_orig_matte_0.glb,0,1763689134059-198180_before.png,1763689134059-198180_after.png,300.96283325883826,11.675724988654906,0.9911530898694991,-2.536520063041962,,,1763689134058,1763689134113,55,1763689134121
VCURIOSITY_32,Set_12_orig_matte_0.glb,0,1763689134155-611263_before.png,1763689134155-611263_after.png,301.74501866278223,9.07284435694703,0.7821854039439131,-2.602880631707876,,,1763689134155,1763689134212,57,1763689134213
VCURIOSITY_32,Set_12_orig_matte_0.glb,0,1763689134252-713561_before.png,1763689134252-713561_after.png,302.32196039171447,6.419526360653833,0.5769417289322973,-2.6533179962932536,,,1763689134252,1763689134312,60,1763689134326
VCURIOSITY_32,Set_12_orig_matte_0.glb,0,1763689134348-732087_before.png,1763689134348-732087_after.png,302.6966826749772,3.731114626982901,0.37472228326271306,-2.6884117336709323,,,1763689134348,1763689134409,61,1763689134416
VCURIOSITY_32,Set_12_orig_matte_0.glb,0,1763689134444-25637_before.png,1763689134444-25637_after.png,302.87127279716015,1.0225309078460896,0.17459012218296266,-2.7085837191368682,,,1763689134443,1763689134496,53,1763689134497
VCURIOSITY_32,Set_12_orig_matte_0.glb,0,1763689134538-977843_before.png,1763689134538-977843_after.png,302.8467357894151,358.3084477438315,-0.024537007745038864,-2.714083164014596,,,1763689134538,1763689134590,52,1763689134600
VCURIOSITY_32,Set_12_orig_matte_0.glb,0,1763689134637-402186_before.png,1763689134637-402186_after.png,302.62292916572926,355.6034688980607,-0.2238066236858458,-2.704978845770711,,,1763689134637,1763689134695,58,1763689134708
VCURIOSITY_32,Set_12_orig_matte_0.glb,0,1763689134734-986150_before.png,1763689134734-986150_after.png,302.1985719999833,352.92231180132825,-0.4243571657459597,-2.681157096732477,,,1763689134734,1763689134797,63,1763689134796
VCURIOSITY_32,Set_12_orig_matte_0.glb,0,1763689134828-76649_before.png,1763689134828-76649_after.png,301.5713291526217,350.2799866425828,-0.6272428473616856,-2.642325158745507,,,1763689134828,1763689134879,51,1763689134892
VCURIOSITY_32,Set_12_orig_matte_0.glb,0,1763689134925-259113_before.png,1763689134925-259113_after.png,300.73797791506775,347.69196608909203,-0.8333512375538703,-2.5880205534907645,,,1763689134925,1763689134979,54,1763689134991
VCURIOSITY_32,Set_12_orig_matte_0.glb,0,1763689135021-209636_before.png,1763689135021-209636_after.png,299.69467025533186,345.17433793138616,-1.0433076597358877,-2.5176281577058717,,,1763689135021,1763689135079,58,1763689135090
VCURIOSITY_32,Set_12_orig_matte_0.glb,0,1763689135119-48073_before.png,1763689135119-48073_after.png,298.4373084659477,342.7439302501108,-1.2573617893841629,-2.430407681275369,,,1763689135119,1763689135178,59,1763689135191
VCURIOSITY_32,Set_12_orig_matte_0.glb,0,1763689135212-454186_before.png,1763689135212-454186_after.png,296.9620540942214,340.4183951190213,-1.4752543717263507,-2.3255351310895094,,,1763689135212,1763689135263,51,1763689135271
VCURIOSITY_32,Set_12_orig_matte_0.glb,0,1763689135310-245616_before.png,1763689135310-245616_after.png,295.2659876763586,338.21623271663043,-1.6960664178627667,-2.2021624023908544,,,1763689135310,1763689135362,52,1763689135363
VCURIOSITY_32,Set_12_orig_matte_0.glb,0,1763689135406-764647_before.png,1763689135406-764647_after.png,293.34792744226354,336.156733695925,-1.9180602340950372,-2.0594990207054025,,,1763689135406,1763689135458,52,1763689135462
VCURIOSITY_32,Set_12_orig_matte_0.glb,0,1763689135503-658528_before.png,1763689135503-658528_after.png,291.20939595066784,334.25981494412747,-2.1385314915956997,-1.896918751797557,,,1763689135503,1763689135564,61,1763689135576
VCURIOSITY_32,Set_12_orig_matte_0.glb,0,1763689135598-389987_before.png,1763689135598-389987_after.png,288.85569239862315,332.5457242385441,-2.353703552044635,-1.7140907055834305,,,1763689135598,1763689135649,51,1763689135659
VCURIOSITY_32,Set_12_orig_matte_0.glb,0,1763689135693-714755_before.png,1763689135693-714755_after.png,286.2969854925613,331.03459503145405,-2.5587069060618433,-1.5111292070901072,,,1763689135693,1763689135747,54,1763689135762
VCURIOSITY_32,Set_12_orig_matte_0.glb,0,1763689135792-520571_before.png,1763689135792-520571_after.png,283.54929262039667,329.7458458895709,-2.7476928721646345,-1.2887491418831587,,,1763689135791,1763689135844,53,1763689135845
VCURIOSITY_32,Set_12_orig_matte_0.glb,0,1763689135888-564705_before.png,1763689135888-564705_after.png,280.63516804869283,328.69744108021223,-2.9141245717038373,-1.048404809358658,,,1763689135888,1763689135945,57,1763689135956
VCURIOSITY_32,Set_12_orig_matte_0.glb,0,1763689135987-512525_before.png,1763689135987-512525_after.png,277.58390517528926,327.90505798446384,-3.05126287340363,-0.7923830957483915,,,1763689135987,1763689136048,61,1763689136061
VCURIOSITY_32,Set_12_orig_matte_0.glb,0,1763689136082-574448_before.png,1763689136082-574448_after.png,274.4310863972146,327.38123817555436,-3.152818778074675,-0.5238198089094794,,,1763689136082,1763689136144,62,1763689136145
VCURIOSITY_32,Set_12_orig_matte_0.glb,0,1763689136178-316054_before.png,1763689136178-316054_after.png,271.2174011197001,327.13462314697057,-3.2136852775145144,-0.24661502858384665,,,1763689136178,1763689136229,51,1763689136231
VCURIOSITY_32,Set_12_orig_matte_0.glb,0,1763689136273-743099_before.png,1763689136273-743099_after.png,267.9867893664582,327.1693824730055,-3.230611753241874,0.034759326034873084,,,1763689136273,1763689136329,56,1763689136329
VCURIOSITY_32,Set_12_orig_matte_0.glb,0,1763689136371-227352_before.png,1763689136371-227352_after.png,264.7841209138817,327.4849244643212,-3.2026684525765177,0.31554199131574023,,,1763689136371,1763689136430,59,1763689136429
VCURIOSITY_32,Set_12_orig_matte_0.glb,2,1763689136721-924923_before.png,1763689136721-924923_after.png,259.7841209138817,327.4849244643212,-5,0,,,1763689136721,1763689136778,57,1763689136786
VCURIOSITY_32,Set_12_orig_matte_0.glb,2,1763689137254-271986_before.png,1763689137254-271986_after.png,254.7841209138817,327.4849244643212,-5,0,,,1763689137254,1763689137313,59,1763689137320
VCURIOSITY_32,Set_12_orig_matte_0.glb,2,1763689137348-27157_before.png,1763689137348-27157_after.png,249.78412091388174,327.4849244643212,-5,0,,,1763689137348,1763689137413,65,1763689137420
VCURIOSITY_32,Set_12_orig_matte_0.glb,2,1763689137444-637394_before.png,1763689137444-637394_after.png,244.78412091388168,327.48492446432124,-5,0,,,1763689137444,1763689137494,50,1763689137503
VCURIOSITY_32,Set_12_orig_matte_0.glb,2,1763689137541-525267_before.png,1763689137541-525267_after.png,239.7841209138817,327.4849244643212,-5,0,,,1763689137540,1763689137597,57,1763689137609
VCURIOSITY_32,Set_12_orig_matte_0.glb,2,1763689137637-874934_before.png,1763689137637-874934_after.png,234.78412091388168,327.48492446432124,-5,0,,,1763689137637,1763689137696,59,1763689137698
VCURIOSITY_32,Set_12_orig_matte_0.glb,2,1763689137735-799109_before.png,1763689137735-799109_after.png,229.7841209138817,327.48492446432124,-5,0,,,1763689137735,1763689137798,63,1763689137796
VCURIOSITY_32,Set_12_orig_matte_0.glb,2,1763689137828-943647_before.png,1763689137828-943647_after.png,224.78412091388174,327.48492446432124,-5,0,,,1763689137828,1763689137881,53,1763689137880
VCURIOSITY_32,Set_12_orig_matte_0.glb,2,1763689137927-796920_before.png,1763689137927-796920_after.png,219.78412091388174,327.4849244643212,-5,0,,,1763689137926,1763689137980,54,1763689137995
VCURIOSITY_32,Set_12_orig_matte_0.glb,2,1763689138027-26226_before.png,1763689138027-26226_after.png,214.7841209138817,327.48492446432124,-5,0,,,1763689138027,1763689138080,53,1763689138096
VCURIOSITY_32,Set_12_orig_matte_0.glb,2,1763689138153-245785_before.png,1763689138153-245785_after.png,209.7841209138817,327.48492446432124,-5,0,,,1763689138153,1763689138203,50,1763689138208
VCURIOSITY_32,Set_12_orig_matte_0.glb,2,1763689138250-403356_before.png,1763689138250-403356_after.png,204.7841209138817,327.48492446432124,-5,0,,,1763689138250,1763689138316,66,1763689138322
VCURIOSITY_32,Set_12_orig_matte_0.glb,2,1763689138343-869960_before.png,1763689138343-869960_after.png,199.7841209138817,327.48492446432124,-5,0,,,1763689138343,1763689138397,54,1763689138396
VCURIOSITY_32,Set_12_orig_matte_0.glb,2,1763689138441-341806_before.png,1763689138441-341806_after.png,194.7841209138817,327.48492446432124,-5,0,,,1763689138441,1763689138495,54,1763689138501
VCURIOSITY_32,Set_12_orig_matte_0.glb,2,1763689138538-454212_before.png,1763689138538-454212_after.png,189.7841209138817,327.48492446432124,-5,0,,,1763689138538,1763689138597,59,1763689138613
VCURIOSITY_32,Set_12_orig_matte_0.glb,2,1763689138634-531976_before.png,1763689138634-531976_after.png,184.7841209138817,327.48492446432124,-5,0,,,1763689138634,1763689138693,59,1763689138695
VCURIOSITY_32,Set_12_orig_matte_0.glb,2,1763689138726-541233_before.png,1763689138726-541233_after.png,179.78412091388168,327.48492446432124,-5,0,,,1763689138726,1763689138780,54,1763689138793
VCURIOSITY_32,Set_12_orig_matte_0.glb,2,1763689138826-680178_before.png,1763689138826-680178_after.png,174.78412091388168,327.48492446432124,-5,0,,,1763689138825,1763689138879,54,1763689138879
VCURIOSITY_32,Set_12_orig_matte_0.glb,2,1763689138920-848688_before.png,1763689138920-848688_after.png,169.78412091388168,327.48492446432124,-5,0,,,1763689138920,1763689138979,59,1763689138983
VCURIOSITY_32,Set_12_orig_matte_0.glb,2,1763689139022-256037_before.png,1763689139022-256037_after.png,164.78412091388168,327.4849244643212,-5,0,,,1763689139022,1763689139079,57,1763689139096
VCURIOSITY_32,Set_12_orig_matte_0.glb,2,1763689139144-984177_before.png,1763689139144-984177_after.png,159.78412091388168,327.4849244643212,-5,0,,,1763689139144,1763689139195,51,1763689139195
VCURIOSITY_32,Set_12_orig_matte_0.glb,2,1763689139243-557098_before.png,1763689139243-557098_after.png,154.78412091388168,327.4849244643212,-5,0,,,1763689139242,1763689139296,54,1763689139295
VCURIOSITY_32,Set_12_orig_matte_0.glb,2,1763689139486-639197_before.png,1763689139486-639197_after.png,149.7841209138818,327.4849244643212,-4.999999999999886,0,,,1763689139486,1763689139545,59,1763689139551
VCURIOSITY_32,Set_12_orig_matte_0.glb,2,1763689140019-129859_before.png,1763689140019-129859_after.png,144.7841209138818,327.4849244643212,-5,0,,,1763689140019,1763689140079,60,1763689140082
VCURIOSITY_32,Set_12_orig_matte_0.glb,1,1763689140588-504451_before.png,1763689140588-504451_after.png,142.74908612814636,323.45031494334535,-2.0350347857354336,-4.034609520975891,,,1763689140588,1763689140646,58,1763689140660
VCURIOSITY_32,Set_12_orig_matte_0.glb,1,1763689140683-921112_before.png,1763689140683-921112_after.png,140.27136544746884,319.53484207675126,-2.477720680677521,-3.9154728665940866,,,1763689140683,1763689140747,64,1763689140745
VCURIOSITY_32,Set_12_orig_matte_0.glb,1,1763689140776-301554_before.png,1763689140776-301554_after.png,137.2655344311196,315.77225142871123,-3.005831016349248,-3.7625906480400317,,,1763689140776,1763689140827,51,1763689140832
VCURIOSITY_32,Set_12_orig_matte_0.glb,1,1763689140843-154659_before.png,1763689140843-154659_after.png,133.62878871960402,312.2063249589949,-3.636745711515573,-3.56592646971626,,,1763689140843,1763689140894,51,1763689140899
VCURIOSITY_32,Set_12_orig_matte_0.glb,1,1763689140937-877258_before.png,1763689140937-877258_after.png,129.24380990686905,308.89378599096597,-4.384978812734971,-3.3125389680290027,,,1763689140937,1763689140997,60,1763689141015
VCURIOSITY_32,Set_12_orig_matte_0.glb,1,1763689141037-330464_before.png,1763689141037-330464_after.png,123.9896531523039,305.90713232216757,-5.2541567545652015,-2.9866536687984535,,,1763689141037,1763689141096,59,1763689141098
VCURIOSITY_32,Set_12_orig_matte_0.glb,1,1763689141131-178669_before.png,1763689141131-178669_after.png,117.7670767712068,303.33605766821034,-6.222576381097042,-2.5710746539572256,,,1763689141131,1763689141183,52,1763689141178
VCURIOSITY_32,Set_12_orig_matte_0.glb,0,1763689141273-641973_before.png,1763689141273-641973_after.png,123.9896531523039,305.90713232216757,6.222576381097042,2.5710746539572256,,,1763689141273,1763689141330,57,1763689141332
VCURIOSITY_32,Set_12_orig_matte_0.glb,0,1763689141806-556445_before.png,1763689141806-556445_after.png,129.24380990686905,308.89378599096597,5.2541567545652015,2.9866536687984535,,,1763689141806,1763689141862,56,1763689141866
VCURIOSITY_32,Set_12_orig_matte_0.glb,0,1763689141903-513082_before.png,1763689141903-513082_after.png,133.62878871960402,312.2063249589949,4.384978812734971,3.3125389680290027,,,1763689141903,1763689141959,56,1763689141967
VCURIOSITY_32,Set_12_orig_matte_0.glb,0,1763689141999-683986_before.png,1763689141999-683986_after.png,137.2655344311196,315.77225142871123,3.636745711515573,3.56592646971626,,,1763689141999,1763689142061,62,1763689142072
VCURIOSITY_32,Set_12_orig_matte_0.glb,0,1763689142100-561630_before.png,1763689142100-561630_after.png,140.2713654474689,319.53484207675126,3.005831016349248,3.7625906480400317,,,1763689142100,1763689142164,64,1763689142174
VCURIOSITY_32,Set_12_orig_matte_0.glb,0,1763689142193-692439_before.png,1763689142193-692439_after.png,142.74908612814636,323.4503149433454,2.477720680677521,3.9154728665942002,,,1763689142192,1763689142246,54,1763689142257
VCURIOSITY_32,Set_12_orig_matte_0.glb,0,1763689142287-330505_before.png,1763689142287-330505_after.png,144.7841209138818,327.4849244643212,2.0350347857354336,4.034609520975778,,,1763689142287,1763689142346,59,1763689142345
VCURIOSITY_32,Set_12_orig_matte_0.glb,0,1763689142384-69416_before.png,1763689142384-69416_after.png,146.44533208924008,331.61248640356087,1.6612111753582894,4.12756193923974,,,1763689142384,1763689142448,64,1763689142446
VCURIOSITY_32,Set_12_orig_matte_0.glb,0,1763689142477-918914_before.png,1763689142477-918914_after.png,147.7871593694619,335.81242875918326,1.341827280221878,4.199942355622397,,,1763689142477,1763689142528,51,1763689142530
VCURIOSITY_32,Set_12_orig_matte_0.glb,0,1763689142576-164906_before.png,1763689142576-164906_after.png,148.85196564097532,340.0683094121242,1.064806271513362,4.255880652940959,,,1763689142576,1763689142630,54,1763689142631
VCURIOSITY_32,Set_12_orig_matte_0.glb,0,1763689142671-722461_before.png,1763689142671-722461_after.png,149.67213310433578,344.3667014112644,0.8201674633604625,4.298391999140222,,,1763689142671,1763689142729,58,1763689142731
VCURIOSITY_32,Set_12_orig_matte_0.glb,0,1763689142769-204577_before.png,1763689142769-204577_after.png,150.27176627542627,348.6963511079679,0.5996331710905451,4.329649696703541,,,1763689142769,1763689142829,60,1763689142840
VCURIOSITY_32,Set_12_orig_matte_0.glb,0,1763689142862-856449_before.png,1763689142862-856449_after.png,150.66799024791624,353.0475312203313,0.3962239724899064,4.351180112363409,,,1763689142862,1763689142913,51,1763689142912
VCURIOSITY_32,Set_12_orig_matte_0.glb,0,1763689142959-947534_before.png,1763689142959-947534_after.png,150.87187846970693,357.411528119561,0.2038882217907485,4.363996899229733,,,1763689142959,1763689143013,54,1763689143021
VCURIOSITY_32,Set_12_orig_matte_0.glb,0,1763689143057-310695_before.png,1763689143057-310695_after.png,150.8890516528358,1.7802163314305517,0.01717318312887528,4.368688211869539,,,1763689143057,1763689143111,54,1763689143120
VCURIOSITY_32,Set_12_orig_matte_0.glb,0,1763689143154-852827_before.png,1763689143154-852827_after.png,150.7199807830561,6.1456827428135625,-0.1690708697797163,4.365466411383068,,,1763689143154,1763689143213,59,1763689143224
VCURIOSITY_32,Set_12_orig_matte_0.glb,0,1763689143250-2554_before.png,1763689143250-2554_after.png,150.36001246936075,10.499868569604075,-0.35996831369538995,4.354185826790513,,,1763689143250,1763689143302,52,1763689143310
VCURIOSITY_32,Set_12_orig_matte_0.glb,0,1763689143344-233768_before.png,1763689143344-233768_after.png,149.79911820310423,14.834199152144777,-0.5608942662565823,4.3343305825407015,,,1763689143344,1763689143396,52,1763689143402
VCURIOSITY_32,Set_12_orig_matte_0.glb,0,1763689143443-772152_before.png,1763689143443-772152_after.png,149.02135229518944,19.13917026585125,-0.777765907914727,4.304971113706415,,,1763689143443,1763689143496,53,1763689143496
VCURIOSITY_32,Set_12_orig_matte_0.glb,0,1763689143538-789647_before.png,1763689143538-789647_after.png,148.00398796693378,23.403854750851963,-1.0173643282556668,4.264684485000771,,,1763689143538,1763689143595,57,1763689143595
VCURIOSITY_32,Set_12_orig_matte_0.glb,0,1763689143635-674073_before.png,1763689143635-674073_after.png,146.71629078188084,27.615284525324284,-1.2876971850529344,4.211429774472322,,,1763689143635,1763689143697,62,1763689143697
VCURIOSITY_32,Set_12_orig_matte_0.glb,0,1763689143733-688107_before.png,1763689143733-688107_after.png,145.11789181397273,31.75765011971123,-1.5983989679081105,4.142365594387002,,,1763689143733,1763689143793,60,1763689143796
VCURIOSITY_32,Set_12_orig_matte_0.glb,0,1763689143826-238933_before.png,1763689143826-238933_after.png,143.1567590674086,35.81124315622674,-1.9611327465640898,4.053593036515508,,,1763689143826,1763689143879,53,1763689143880
VCURIOSITY_32,Set_12_orig_matte_0.glb,0,1763689143924-709398_before.png,1763689143924-709398_after.png,140.76687632716687,39.75104970016366,-2.3898827402417737,3.9398065439369248,,,1763689143923,1763689143979,56,1763689143988
VCURIOSITY_32,Set_12_orig_matte_0.glb,0,1763689144021-233842_before.png,1763689144021-233842_after.png,137.86600735357547,43.54489417487923,-2.9008689735914004,3.79384447471557,,,1763689144020,1763689144079,59,1763689144087
VCURIOSITY_32,Set_12_orig_matte_0.glb,2,1763689144487-723557_before.png,1763689144487-723557_after.png,132.86600735357547,43.54489417487923,-5,0,,,1763689144487,1763689144546,59,1763689144545
VCURIOSITY_32,Set_12_orig_matte_0.glb,2,1763689145020-235269_before.png,1763689145020-235269_after.png,127.86600735357592,43.54489417487895,-4.999999999999545,-2.2737367544323206e-13,,,1763689145020,1763689145078,58,1763689145087
VCURIOSITY_32,Set_12_orig_matte_0.glb,2,1763689145119-587754_before.png,1763689145119-587754_after.png,122.86600735357592,43.54489417487895,-5,0,,,1763689145119,1763689145179,60,1763689145187
VCURIOSITY_32,Set_12_orig_matte_0.glb,2,1763689145212-788904_before.png,1763689145212-788904_after.png,117.86600735357587,43.54489417487895,-5,0,,,1763689145211,1763689145263,52,1763689145275
VCURIOSITY_32,Set_12_orig_matte_0.glb,2,1763689145309-740212_before.png,1763689145309-740212_after.png,112.86600735357587,43.544894174879005,-5,0,,,1763689145309,1763689145362,53,1763689145364
VCURIOSITY_32,Set_12_orig_matte_0.glb,2,1763689145405-945361_before.png,1763689145405-945361_after.png,107.86600735357592,43.544894174879005,-5,0,,,1763689145405,1763689145462,57,1763689145462
VCURIOSITY_32,Set_12_orig_matte_0.glb,2,1763689145503-212215_before.png,1763689145503-212215_after.png,102.86600735357592,43.54489417487906,-5,0,,,1763689145503,1763689145563,60,1763689145561
VCURIOSITY_32,Set_12_orig_matte_0.glb,2,1763689145597-978453_before.png,1763689145597-978453_after.png,97.86600735357587,43.54489417487906,-5,0,,,1763689145597,1763689145663,66,1763689145666
VCURIOSITY_32,Set_12_orig_matte_0.glb,2,1763689145694-376325_before.png,1763689145694-376325_after.png,92.86600735357592,43.54489417487906,-5,0,,,1763689145694,1763689145746,52,1763689145745
VCURIOSITY_32,Set_12_orig_matte_0.glb,2,1763689145791-955211_before.png,1763689145791-955211_after.png,87.86600735357592,43.54489417487912,-5,0,,,1763689145790,1763689145846,56,1763689145857
VCURIOSITY_32,Set_12_orig_matte_0.glb,2,1763689145888-262320_before.png,1763689145888-262320_after.png,82.86600735357598,43.54489417487912,-5,0,,,1763689145887,1763689145944,57,1763689145953
VCURIOSITY_32,Set_12_orig_matte_0.glb,2,1763689145985-630004_before.png,1763689145985-630004_after.png,77.86600735357598,43.544894174879175,-5,0,,,1763689145985,1763689146046,61,1763689146055
VCURIOSITY_32,Set_12_orig_matte_0.glb,2,1763689146079-490439_before.png,1763689146079-490439_after.png,72.86600735357598,43.54489417487923,-5,0,,,1763689146079,1763689146130,51,1763689146142
VCURIOSITY_32,Set_12_orig_matte_0.glb,2,1763689146177-776394_before.png,1763689146177-776394_after.png,67.86600735357604,43.54489417487923,-5,0,,,1763689146177,1763689146229,52,1763689146238
VCURIOSITY_32,Set_12_orig_matte_0.glb,2,1763689146273-668098_before.png,1763689146273-668098_after.png,62.86600735357604,43.54489417487929,-5,0,,,1763689146273,1763689146330,57,1763689146341
VCURIOSITY_32,Set_12_orig_matte_0.glb,2,1763689146371-933324_before.png,1763689146371-933324_after.png,57.86600735357604,43.544894174879346,-5,0,,,1763689146371,1763689146429,58,1763689146437
VCURIOSITY_32,Set_12_orig_matte_0.glb,2,1763689146468-695981_before.png,1763689146468-695981_after.png,52.866007353575924,43.544894174879346,-5.000000000000114,0,,,1763689146468,1763689146529,61,1763689146539
VCURIOSITY_32,Set_12_orig_matte_0.glb,2,1763689146564-936862_before.png,1763689146564-936862_after.png,47.86600735357598,43.5448941748794,-5,0,,,1763689146564,1763689146617,53,1763689146631
VCURIOSITY_32,Set_12_orig_matte_0.glb,2,1763689146658-475257_before.png,1763689146658-475257_after.png,42.86600735357598,43.54489417487946,-5,0,,,1763689146657,1763689146710,53,1763689146716
VCURIOSITY_32,Set_12_orig_matte_0.glb,2,1763689146754-418112_before.png,1763689146754-418112_after.png,37.86600735357598,43.54489417487946,-5,0,,,1763689146754,1763689146810,56,1763689146811
VCURIOSITY_32,Set_12_orig_matte_0.glb,2,1763689146853-782704_before.png,1763689146853-782704_after.png,32.86600735357598,43.544894174879516,-5,0,,,1763689146853,1763689146912,59,1763689146915
VCURIOSITY_32,Set_12_orig_matte_0.glb,2,1763689146944-32773_before.png,1763689146944-32773_after.png,27.866007353575924,43.54489417487957,-5,0,,,1763689146944,1763689146996,52,1763689146996
VCURIOSITY_32,Set_12_orig_matte_0.glb,3,1763689147236-323212_before.png,1763689147236-323212_after.png,32.86600735357598,43.54489417487957,5,0,,,1763689147236,1763689147297,61,1763689147295
VCURIOSITY_32,Set_12_orig_matte_0.glb,3,1763689147765-525736_before.png,1763689147765-525736_after.png,37.86600735357598,43.544894174879516,5,0,,,1763689147765,1763689147830,65,1763689147841
VCURIOSITY_32,Set_12_orig_matte_0.glb,3,1763689147861-269338_before.png,1763689147861-269338_after.png,42.86600735357604,43.54489417487946,5,0,,,1763689147861,1763689147911,50,1763689147911
VCURIOSITY_32,Set_12_orig_matte_0.glb,3,1763689147959-294469_before.png,1763689147959-294469_after.png,47.86600735357604,43.5448941748794,5,0,,,1763689147959,1763689148013,54,1763689148025
VCURIOSITY_32,Set_12_orig_matte_0.glb,3,1763689148057-900480_before.png,1763689148057-900480_after.png,52.86600735357604,43.544894174879346,5,0,,,1763689148057,1763689148113,56,1763689148111
VCURIOSITY_32,Set_12_orig_matte_0.glb,3,1763689148153-198504_before.png,1763689148153-198504_after.png,57.866007353576094,43.544894174879346,5,0,,,1763689148153,1763689148210,57,1763689148220
VCURIOSITY_32,Set_12_orig_matte_0.glb,-1,,,,,,,238.76748145852997,16.665768674058143,,,,1764033180273
VCURIOSITY_32,Set_11_elong_glossy_3.glb,-1,,,,,,,269.12961532502,4.923849754810817,,,,1764113199572
VCURIOSITY_32,Set_11_elong_glossy_3.glb,3,1764113286519-286687_before.png,1764113286519-286687_after.png,5,15,5,0,,,1764113286519,1764113286575,56,1764113286584
VCURIOSITY_32,Set_11_elong_glossy_3.glb,3,1764113286678-13636_before.png,1764113286678-13636_after.png,10,15,5,0,,,1764113286678,1764113286741,63,1764113286752
VCURIOSITY_32,Set_11_elong_glossy_3.glb,3,1764113286842-487681_before.png,1764113286842-487681_after.png,15,15,5,0,,,1764113286842,1764113286908,66,1764113286918
VCURIOSITY_32,Set_11_elong_glossy_3.glb,3,1764113287166-602603_before.png,1764113287166-602603_after.png,20,15,5,0,,,1764113287165,1764113287224,59,1764113287235
VCURIOSITY_32,Set_11_elong_glossy_3.glb,3,1764113287698-608267_before.png,1764113287698-608267_after.png,25,15,5,0,,,1764113287698,1764113287757,59,1764113287752
VCURIOSITY_32,Set_11_elong_glossy_3.glb,3,1764113287795-515538_before.png,1764113287795-515538_after.png,30,15,5,0,,,1764113287795,1764113287845,50,1764113287851
VCURIOSITY_32,Set_11_elong_glossy_3.glb,3,1764113287893-369766_before.png,1764113287893-369766_after.png,35,15,5,0,,,1764113287893,1764113287957,64,1764113287955
VCURIOSITY_32,Set_11_elong_glossy_3.glb,3,1764113287991-989680_before.png,1764113287991-989680_after.png,40.00000000000006,15,5,0,,,1764113287991,1764113288073,82,1764113288069
VCURIOSITY_32,Set_11_elong_glossy_3.glb,3,1764113288115-485414_before.png,1764113288115-485414_after.png,45.00000000000006,15,5,0,,,1764113288115,1764113288166,51,1764113288168
VCURIOSITY_32,Set_11_elong_glossy_3.glb,0,1764113514962-110254_before.png,1764113514962-110254_after.png,44.17498422254073,11.437897340259155,-0.8250157774593845,-3.5621026597408445,,,1764113514962,1764113515013,51,1764113515020
VCURIOSITY_32,Set_11_elong_glossy_3.glb,0,1764113515149-125554_before.png,1764113515149-125554_after.png,43.58621332508187,7.832821378433209,-0.5887708974588577,-3.6050759618259463,,,1764113515149,1764113515201,52,1764113515211
VCURIOSITY_32,Set_11_elong_glossy_3.glb,0,1764113515297-239958_before.png,1764113515297-239958_after.png,43.22390098916787,4.199144429757098,-0.36231233591399814,-3.6336769486761114,,,1764113515297,1764113515378,81,1764113515379
VCURIOSITY_32,Set_11_elong_glossy_3.glb,0,1764113515448-570932_before.png,1764113515448-570932_after.png,43.081989451686695,0.5504057384222278,-0.14191153748117813,-3.64873869133487,,,1764113515448,1764113515510,62,1764113515515
VCURIOSITY_32,Set_11_elong_glossy_3.glb,0,1764113515599-825836_before.png,1764113515599-825836_after.png,43.15809966164704,356.89970668469107,0.07611020996034767,-3.6506990537311594,,,1764113515599,1764113515660,61,1764113515661
VCURIOSITY_32,Set_11_elong_glossy_3.glb,0,1764113515732-991532_before.png,1764113515732-991532_after.png,43.45350796937072,353.260091712435,0.29540830772361915,-3.6396149722561404,,,1764113515732,1764113515793,61,1764113515795
VCURIOSITY_32,Set_11_elong_glossy_3.glb,0,1764113515944-304249_before.png,1764113515944-304249_after.png,43.97315888881718,349.6449273569474,0.5196509194464625,-3.61516435548765,,,1764113515944,1764113515994,50,1764113515996
VCURIOSITY_32,Set_11_elong_glossy_3.glb,0,1764113516102-552114_before.png,1764113516102-552114_after.png,44.72570887176903,346.0682918901669,0.7525499829519049,-3.5766354667805444,,,1764113516102,1764113516159,57,1764113516161
VCURIOSITY_32,Set_11_elong_glossy_3.glb,3,1764113516643-327295_before.png,1764113516643-327295_after.png,49.72570887176903,346.0682918901669,5,0,,,1764113516643,1764113516696,53,1764113516696
VCURIOSITY_32,Set_11_elong_glossy_3.glb,3,1764113517170-660135_before.png,1764113517170-660135_after.png,54.72570887176903,346.0682918901669,5,0,,,1764113517170,1764113517227,57,1764113517228
VCURIOSITY_32,Set_11_elong_glossy_3.glb,3,1764113517270-731372_before.png,1764113517270-731372_after.png,59.725708871769086,346.0682918901669,5,0,,,1764113517270,1764113517328,58,1764113517341
VCURIOSITY_32,Set_11_elong_glossy_3.glb,3,1764113517396-871199_before.png,1764113517396-871199_after.png,64.72570887176909,346.0682918901669,5,0,,,1764113517396,1764113517459,63,1764113517462
VCURIOSITY_32,Set_11_elong_glossy_3.glb,3,1764113517493-88939_before.png,1764113517493-88939_after.png,69.72570887176909,346.0682918901669,5,0,,,1764113517493,1764113517544,51,1764113517545
VCURIOSITY_32,Set_11_elong_glossy_3.glb,3,1764113517587-24970_before.png,1764113517587-24970_after.png,74.72570887176909,346.0682918901669,5,0,,,1764113517586,1764113517644,58,1764113517646
VCURIOSITY_32,Set_11_elong_glossy_3.glb,3,1764113517684-987886_before.png,1764113517684-987886_after.png,79.72570887176914,346.0682918901669,5,0,,,1764113517684,1764113517744,60,1764113517745
VCURIOSITY_32,Set_11_elong_glossy_3.glb,3,1764113517780-365640_before.png,1764113517780-365640_after.png,84.72570887176914,346.0682918901669,5,0,,,1764113517780,1764113517844,64,1764113517846
VCURIOSITY_32,Set_11_elong_glossy_3.glb,3,1764113517879-865724_before.png,1764113517879-865724_after.png,89.72570887176914,346.0682918901669,5,0,,,1764113517879,1764113517929,50,1764113517928
VCURIOSITY_32,Set_11_elong_glossy_3.glb,3,1764113517976-665237_before.png,1764113517976-665237_after.png,94.72570887176914,346.0682918901669,5,0,,,1764113517976,1764113518029,53,1764113518039
VCURIOSITY_32,Set_11_elong_glossy_3.glb,3,1764113518068-732069_before.png,1764113518068-732069_after.png,99.72570887176914,346.0682918901669,5,0,,,1764113518068,1764113518127,59,1764113518128
VCURIOSITY_32,Set_11_elong_glossy_3.glb,3,1764113518165-901257_before.png,1764113518165-901257_after.png,104.72570887176909,346.0682918901669,5,0,,,1764113518165,1764113518227,62,1764113518229
VCURIOSITY_32,Set_11_elong_glossy_3.glb,3,1764113518263-974359_before.png,1764113518263-974359_after.png,109.72570887176909,346.0682918901669,5,0,,,1764113518263,1764113518314,51,1764113518321
VCURIOSITY_32,Set_11_elong_glossy_3.glb,3,1764113518362-494452_before.png,1764113518362-494452_after.png,114.72570887176914,346.06829189016685,5,0,,,1764113518362,1764113518414,52,1764113518415
VCURIOSITY_32,Set_11_elong_glossy_3.glb,3,1764113518455-264484_before.png,1764113518455-264484_after.png,119.72570887176914,346.06829189016685,5,0,,,1764113518455,1764113518510,55,1764113518512
VCURIOSITY_32,Set_11_elong_glossy_3.glb,3,1764113518550-11420_before.png,1764113518550-11420_after.png,124.72570887176909,346.06829189016696,5,1.1368683772161603e-13,,,1764113518550,1764113518610,60,1764113518615
VCURIOSITY_32,Set_11_elong_glossy_3.glb,3,1764113518647-3269_before.png,1764113518647-3269_after.png,129.7257088717691,346.06829189016696,5,0,,,1764113518647,1764113518699,52,1764113518706
VCURIOSITY_32,Set_11_elong_glossy_3.glb,3,1764113518746-118588_before.png,1764113518746-118588_after.png,134.72570887176914,346.06829189016696,5,0,,,1764113518746,1764113518797,51,1764113518805
VCURIOSITY_32,Set_11_elong_glossy_3.glb,3,1764113518844-968001_before.png,1764113518844-968001_after.png,139.7257088717691,346.06829189016696,5,0,,,1764113518844,1764113518895,51,1764113518895
VCURIOSITY_32,Set_11_elong_glossy_3.glb,3,1764113518935-752476_before.png,1764113518935-752476_after.png,144.72570887176914,346.06829189016696,5,0,,,1764113518935,1764113518993,58,1764113518995
VCURIOSITY_32,Set_11_elong_glossy_3.glb,3,1764113519034-691714_before.png,1764113519034-691714_after.png,149.72570887176903,346.06829189016696,4.999999999999886,0,,,1764113519034,1764113519093,59,1764113519095
VCURIOSITY_32,Set_11_elong_glossy_3.glb,3,1764113519130-159021_before.png,1764113519130-159021_after.png,154.72570887176903,346.06829189016696,5,0,,,1764113519130,1764113519210,80,1764113519212
VCURIOSITY_32,Set_11_elong_glossy_3.glb,3,1764113519260-681428_before.png,1764113519260-681428_after.png,159.72570887176903,346.06829189016696,5,0,,,1764113519260,1764113519311,51,1764113519312
VCURIOSITY_32,Set_11_elong_glossy_3.glb,3,1764113519353-726718_before.png,1764113519353-726718_after.png,164.72570887176903,346.06829189016696,5,0,,,1764113519353,1764113519410,57,1764113519412
VCURIOSITY_32,Set_11_elong_glossy_3.glb,3,1764113519450-91803_before.png,1764113519450-91803_after.png,169.72570887176903,346.06829189016696,5,0,,,1764113519450,1764113519529,79,1764113519529
VCURIOSITY_32,Set_11_elong_glossy_3.glb,3,1764113527511-203996_before.png,1764113527511-203996_after.png,174.72570887176903,346.06829189016696,5,0,,,1764113527511,1764113527561,50,1764113527574
VCURIOSITY_32,Set_11_elong_glossy_3.glb,3,1764113527778-13945_before.png,1764113527778-13945_after.png,179.72570887176903,346.06829189016696,5,0,,,1764113527778,1764113527829,51,1764113527822
VCURIOSITY_32,Set_11_elong_glossy_3.glb,3,1764113527979-638516_before.png,1764113527979-638516_after.png,184.72570887176894,346.06829189016696,4.999999999999886,0,,,1764113527979,1764113528044,65,1764113528040
VCURIOSITY_32,Set_11_elong_glossy_3.glb,3,1764113528513-619097_before.png,1764113528513-619097_after.png,189.72570887176892,346.0682918901669,5,0,,,1764113528513,1764113528576,63,1764113528579
VCURIOSITY_32,Set_11_elong_glossy_3.glb,3,1764113528612-803580_before.png,1764113528612-803580_after.png,194.72570887176892,346.0682918901669,5,0,,,1764113528612,1764113528664,52,1764113528672
VCURIOSITY_32,Set_11_elong_glossy_3.glb,3,1764113528710-154031_before.png,1764113528710-154031_after.png,199.7257088717689,346.0682918901669,5,0,,,1764113528710,1764113528761,51,1764113528755
VCURIOSITY_32,Set_11_elong_glossy_3.glb,3,1764113528801-674627_before.png,1764113528801-674627_after.png,204.7257088717689,346.0682918901669,5,0,,,1764113528801,1764113528853,52,1764113528855
VCURIOSITY_32,Set_11_elong_glossy_3.glb,3,1764113529129-311756_before.png,1764113529129-311756_after.png,209.72570887176883,346.0682918901669,5,0,,,1764113529129,1764113529188,59,1764113529195
VCURIOSITY_32,Set_11_elong_glossy_3.glb,3,1764113529345-368249_before.png,1764113529345-368249_after.png,214.72570887176883,346.0682918901669,5,0,,,1764113529345,1764113529404,59,1764113529408
VCURIOSITY_32,Set_11_elong_glossy_3.glb,3,1764113529535-244492_before.png,1764113529535-244492_after.png,219.7257088717688,346.0682918901669,5,0,,,1764113529535,1764113529587,52,1764113529595
VCURIOSITY_32,Set_11_elong_glossy_3.glb,3,1764113535798-393570_before.png,1764113535798-393570_after.png,224.7257088717688,346.0682918901669,5,0,,,1764113535798,1764113535854,56,1764113535858
VCURIOSITY_32,Set_11_elong_glossy_3.glb,2,1764113536781-830249_before.png,1764113536781-830249_after.png,219.72570887176877,346.0682918901669,-5,0,,,1764113536781,1764113536845,64,1764113536842
VCURIOSITY_32,Set_11_elong_glossy_3.glb,2,1764113537315-170791_before.png,1764113537315-170791_after.png,214.72570887176883,346.0682918901669,-5,0,,,1764113537315,1764113537371,56,1764113537375
VCURIOSITY_32,Set_11_elong_glossy_3.glb,2,1764113537412-969495_before.png,1764113537412-969495_after.png,209.72570887176883,346.0682918901669,-5,0,,,1764113537412,1764113537464,52,1764113537473
VCURIOSITY_32,Set_11_elong_glossy_3.glb,2,1764113537504-660550_before.png,1764113537504-660550_after.png,204.7257088717689,346.0682918901669,-5,0,,,1764113537503,1764113537554,51,1764113537563
VCURIOSITY_32,Set_11_elong_glossy_3.glb,2,1764113537601-635619_before.png,1764113537601-635619_after.png,199.7257088717689,346.0682918901669,-5,0,,,1764113537601,1764113537660,59,1764113537663
VCURIOSITY_32,Set_11_elong_glossy_3.glb,2,1764113537698-864706_before.png,1764113537698-864706_after.png,194.7257088717689,346.0682918901669,-5,0,,,1764113537698,1764113537761,63,1764113537763
VCURIOSITY_32,Set_11_elong_glossy_3.glb,2,1764113537796-620105_before.png,1764113537796-620105_after.png,189.72570887176892,346.0682918901669,-5,0,,,1764113537796,1764113537854,58,1764113537863
VCURIOSITY_32,Set_11_elong_glossy_3.glb,2,1764113537895-597846_before.png,1764113537895-597846_after.png,184.72570887176894,346.0682918901669,-5,0,,,1764113537895,1764113537953,58,1764113537963
VCURIOSITY_32,Set_11_elong_glossy_3.glb,2,1764113537986-100254_before.png,1764113537986-100254_after.png,179.72570887176903,346.0682918901669,-4.999999999999886,0,,,1764113537986,1764113538047,61,1764113538064
VCURIOSITY_32,Set_11_elong_glossy_3.glb,2,1764113538083-516441_before.png,1764113538083-516441_after.png,174.72570887176903,346.06829189016696,-5,0,,,1764113538083,1764113538144,61,1764113538138
VCURIOSITY_32,Set_11_elong_glossy_3.glb,2,1764113538181-9517_before.png,1764113538181-9517_after.png,169.72570887176903,346.06829189016696,-5,0,,,1764113538181,1764113538245,64,1764113538258
VCURIOSITY_32,Set_11_elong_glossy_3.glb,2,1764113538281-149670_before.png,1764113538281-149670_after.png,164.72570887176903,346.06829189016696,-5,0,,,1764113538281,1764113538344,63,1764113538339
VCURIOSITY_32,Set_11_elong_glossy_3.glb,2,1764113538378-632113_before.png,1764113538378-632113_after.png,159.72570887176903,346.06829189016696,-5,0,,,1764113538378,1764113538436,58,1764113538442
VCURIOSITY_32,Set_11_elong_glossy_3.glb,2,1764113538468-779792_before.png,1764113538468-779792_after.png,154.72570887176914,346.06829189016696,-4.999999999999886,0,,,1764113538468,1764113538520,52,1764113538522
VCURIOSITY_32,Set_11_elong_glossy_3.glb,2,1764113538564-155400_before.png,1764113538564-155400_after.png,149.72570887176914,346.06829189016696,-5,0,,,1764113538564,1764113538629,65,1764113538638
VCURIOSITY_32,Set_11_elong_glossy_3.glb,2,1764113538665-856406_before.png,1764113538665-856406_after.png,144.72570887176914,346.06829189016696,-5,0,,,1764113538665,1764113538746,81,1764113538758
VCURIOSITY_32,Set_11_elong_glossy_3.glb,2,1764113538797-453579_before.png,1764113538797-453579_after.png,139.7257088717692,346.06829189016696,-5,0,,,1764113538797,1764113538848,51,1764113538858
VCURIOSITY_32,Set_11_elong_glossy_3.glb,2,1764113538886-103062_before.png,1764113538886-103062_after.png,134.72570887176926,346.06829189016696,-5,0,,,1764113538886,1764113538944,58,1764113538938
VCURIOSITY_32,Set_11_elong_glossy_3.glb,2,1764113538982-679784_before.png,1764113538982-679784_after.png,129.72570887176926,346.06829189016696,-5,0,,,1764113538982,1764113539045,63,1764113539057
VCURIOSITY_32,Set_11_elong_glossy_3.glb,2,1764113539114-310926_before.png,1764113539114-310926_after.png,124.72570887176926,346.06829189016696,-5,0,,,1764113539114,1764113539178,64,1764113539191
VCURIOSITY_32,Set_11_elong_glossy_3.glb,2,1764113539247-100558_before.png,1764113539247-100558_after.png,119.72570887176937,346.06829189016685,-4.999999999999886,-1.1368683772161603e-13,,,1764113539247,1764113539303,56,1764113539305
VCURIOSITY_32,Set_11_elong_glossy_3.glb,2,1764113539335-228316_before.png,1764113539335-228316_after.png,114.72570887176937,346.06829189016685,-5,0,,,1764113539335,1764113539395,60,1764113539391
VCURIOSITY_32,Set_11_elong_glossy_3.glb,2,1764113539431-147125_before.png,1764113539431-147125_after.png,109.72570887176937,346.06829189016685,-5,0,,,1764113539431,1764113539494,63,1764113539503
VCURIOSITY_32,Set_11_elong_glossy_3.glb,3,1764113562498-665785_before.png,1764113562498-665785_after.png,114.72570887176943,346.06829189016685,5,0,,,1764113562498,1764113562558,60,1764113562573
VCURIOSITY_32,Set_11_elong_glossy_3.glb,3,1764113563031-32716_before.png,1764113563031-32716_after.png,119.72570887176943,346.0682918901668,5,0,,,1764113563031,1764113563091,60,1764113563092
VCURIOSITY_32,Set_11_elong_glossy_3.glb,3,1764113563126-947980_before.png,1764113563126-947980_after.png,124.72570887176931,346.06829189016696,4.999999999999886,2.2737367544323206e-13,,,1764113563126,1764113563176,50,1764113563175
VCURIOSITY_32,Set_11_elong_glossy_3.glb,3,1764113563224-647767_before.png,1764113563224-647767_after.png,129.72570887176926,346.06829189016696,5,0,,,1764113563224,1764113563275,51,1764113563274
VCURIOSITY_32,Set_11_elong_glossy_3.glb,3,1764113563318-696748_before.png,1764113563318-696748_after.png,134.72570887176926,346.06829189016696,5,0,,,1764113563318,1764113563374,56,1764113563374
VCURIOSITY_32,Set_11_elong_glossy_3.glb,3,1764113563415-740993_before.png,1764113563415-740993_after.png,139.72570887176926,346.06829189016696,5,0,,,1764113563415,1764113563475,60,1764113563489
VCURIOSITY_32,Set_11_elong_glossy_3.glb,3,1764113563512-425984_before.png,1764113563512-425984_after.png,144.72570887176926,346.06829189016696,5,0,,,1764113563512,1764113563574,62,1764113563575
VCURIOSITY_32,Set_11_elong_glossy_3.glb,3,1764113563609-391855_before.png,1764113563609-391855_after.png,149.7257088717692,346.06829189016696,5,0,,,1764113563609,1764113563659,50,1764113563659
VCURIOSITY_32,Set_11_elong_glossy_3.glb,3,1764113563704-693109_before.png,1764113563704-693109_after.png,154.72570887176926,346.06829189016696,5,0,,,1764113563704,1764113563757,53,1764113563758
VCURIOSITY_32,Set_11_elong_glossy_3.glb,3,1764113563801-959563_before.png,1764113563801-959563_after.png,159.72570887176914,346.06829189016696,4.999999999999886,0,,,1764113563800,1764113563858,58,1764113563859
VCURIOSITY_32,Set_11_elong_glossy_3.glb,3,1764113563898-81222_before.png,1764113563898-81222_after.png,164.72570887176914,346.06829189016696,5,0,,,1764113563898,1764113563955,57,1764113563958
VCURIOSITY_32,Set_11_elong_glossy_3.glb,3,1764113563993-109270_before.png,1764113563993-109270_after.png,169.72570887176903,346.06829189016696,4.999999999999886,0,,,1764113563993,1764113564058,65,1764113564058
VCURIOSITY_32,Set_11_elong_glossy_3.glb,3,1764113564091-601641_before.png,1764113564091-601641_after.png,174.72570887176903,346.06829189016696,5,0,,,1764113564091,1764113564142,51,1764113564141
VCURIOSITY_32,Set_11_elong_glossy_3.glb,3,1764113564186-58716_before.png,1764113564186-58716_after.png,179.72570887176903,346.06829189016696,5,0,,,1764113564186,1764113564242,56,1764113564243
VCURIOSITY_32,Set_11_elong_glossy_3.glb,3,1764113564284-869667_before.png,1764113564284-869667_after.png,184.72570887176897,346.06829189016696,5,0,,,1764113564284,1764113564342,58,1764113564343
VCURIOSITY_32,Set_11_elong_glossy_3.glb,3,1764113564377-617454_before.png,1764113564377-617454_after.png,189.72570887176894,346.06829189016696,5,0,,,1764113564377,1764113564441,64,1764113564442
VCURIOSITY_32,Set_11_elong_glossy_3.glb,3,1764113564477-487923_before.png,1764113564477-487923_after.png,194.7257088717689,346.0682918901669,5,0,,,1764113564477,1764113564558,81,1764113564559
VCURIOSITY_32,Set_11_elong_glossy_3.glb,3,1764113564604-574554_before.png,1764113564604-574554_after.png,199.72570887176886,346.0682918901669,5,0,,,1764113564604,1764113564657,53,1764113564658
VCURIOSITY_32,Set_11_elong_glossy_3.glb,3,1764113564699-435840_before.png,1764113564699-435840_after.png,204.72570887176883,346.0682918901669,5,0,,,1764113564699,1764113564757,58,1764113564758
VCURIOSITY_32,Set_11_elong_glossy_3.glb,3,1764113564797-167674_before.png,1764113564797-167674_after.png,209.7257088717688,346.0682918901669,5,0,,,1764113564797,1764113564859,62,1764113564860
VCURIOSITY_32,Set_11_elong_glossy_3.glb,3,1764113564892-954666_before.png,1764113564892-954666_after.png,214.72570887176877,346.0682918901669,5,0,,,1764113564892,1764113564944,52,1764113564945
VCURIOSITY_32,Set_11_elong_glossy_3.glb,3,1764113564993-905388_before.png,1764113564993-905388_after.png,219.72570887176875,346.0682918901669,5,0,,,1764113564993,1764113565043,50,1764113565044
VCURIOSITY_32,Set_11_elong_glossy_3.glb,3,1764113565086-953193_before.png,1764113565086-953193_after.png,224.7257088717687,346.0682918901669,5,0,,,1764113565086,1764113565144,58,1764113565160
VCURIOSITY_32,Set_11_elong_glossy_3.glb,3,1764113565182-637753_before.png,1764113565182-637753_after.png,229.72570887176872,346.0682918901669,5,0,,,1764113565182,1764113565241,59,1764113565243
VCURIOSITY_32,Set_11_elong_glossy_3.glb,3,1764113565279-509722_before.png,1764113565279-509722_after.png,234.72570887176863,346.0682918901669,4.999999999999886,0,,,1764113565279,1764113565341,62,1764113565342
VCURIOSITY_32,Set_11_elong_glossy_3.glb,3,1764113565378-579018_before.png,1764113565378-579018_after.png,239.72570887176863,346.0682918901669,5,0,,,1764113565378,1764113565459,81,1764113565460
VCURIOSITY_32,Set_11_elong_glossy_3.glb,3,1764113565503-499771_before.png,1764113565503-499771_after.png,244.72570887176852,346.06829189016685,4.999999999999886,0,,,1764113565503,1764113565557,54,1764113565558
VCURIOSITY_32,Set_11_elong_glossy_3.glb,3,1764113565600-680158_before.png,1764113565600-680158_after.png,249.72570887176852,346.06829189016685,5,0,,,1764113565600,1764113565657,57,1764113565658
VCURIOSITY_32,Set_11_elong_glossy_3.glb,3,1764113565698-400497_before.png,1764113565698-400497_after.png,254.7257088717685,346.06829189016685,5,0,,,1764113565697,1764113565757,60,1764113565758
VCURIOSITY_32,Set_11_elong_glossy_3.glb,3,1764113565792-592573_before.png,1764113565792-592573_after.png,259.72570887176846,346.06829189016685,5,0,,,1764113565792,1764113565843,51,1764113565843
VCURIOSITY_32,Set_11_elong_glossy_3.glb,3,1764113565891-545722_before.png,1764113565891-545722_after.png,264.72570887176846,346.0682918901668,5,0,,,1764113565891,1764113565941,50,1764113565943
VCURIOSITY_32,Set_11_elong_glossy_3.glb,3,1764113565984-73707_before.png,1764113565984-73707_after.png,269.72570887176846,346.0682918901668,5,0,,,1764113565984,1764113566034,50,1764113566041
VCURIOSITY_32,Set_11_elong_glossy_3.glb,3,1764113566082-774022_before.png,1764113566082-774022_after.png,274.72570887176846,346.0682918901668,5,0,,,1764113566082,1764113566143,61,1764113566155
VCURIOSITY_32,Set_11_elong_glossy_3.glb,3,1764113566447-188187_before.png,1764113566447-188187_after.png,279.72570887176846,346.0682918901668,5,0,,,1764113566446,1764113566510,64,1764113566511
VCURIOSITY_32,Set_11_elong_glossy_3.glb,3,1764113566819-501827_before.png,1764113566819-501827_after.png,284.7257088717685,346.0682918901668,5,0,,,1764113566819,1764113566876,57,1764113566878
VCURIOSITY_32,Set_11_elong_glossy_3.glb,3,1764113567058-937706_before.png,1764113567058-937706_after.png,289.7257088717685,346.0682918901668,5,0,,,1764113567058,1764113567108,50,1764113567109
VCURIOSITY_32,Set_11_elong_glossy_3.glb,3,1764113568552-120336_before.png,1764113568552-120336_after.png,294.7257088717685,346.0682918901668,5,0,,,1764113568552,1764113568603,51,1764113568611
VCURIOSITY_32,Set_11_elong_glossy_3.glb,2,1764113569567-520455_before.png,1764113569567-520455_after.png,289.7257088717685,346.0682918901668,-5,0,,,1764113569567,1764113569625,58,1764113569627
VCURIOSITY_32,Set_11_elong_glossy_3.glb,2,1764113569905-755134_before.png,1764113569905-755134_after.png,284.72570887176846,346.0682918901668,-5,0,,,1764113569904,1764113569959,55,1764113569974
VCURIOSITY_32,Set_11_elong_glossy_3.glb,3,1764113570212-900127_before.png,1764113570212-900127_after.png,289.72570887176846,346.0682918901668,5,0,,,1764113570212,1764113570263,51,1764113570276
VCURIOSITY_32,Set_11_elong_glossy_3.glb,2,1764113571433-895016_before.png,1764113571433-895016_after.png,284.72570887176846,346.0682918901668,-5,0,,,1764113571433,1764113571492,59,1764113571493
VCURIOSITY_32,Set_11_elong_glossy_3.glb,2,1764113571972-699311_before.png,1764113571972-699311_after.png,279.72570887176846,346.0682918901668,-5,0,,,1764113571972,1764113572027,55,1764113572038
VCURIOSITY_32,Set_11_elong_glossy_3.glb,2,1764113572369-37545_before.png,1764113572369-37545_after.png,274.7257088717684,346.0682918901668,-5,0,,,1764113572369,1764113572427,58,1764113572439
VCURIOSITY_32,Set_11_elong_glossy_3.glb,3,1764113573066-783532_before.png,1764113573066-783532_after.png,279.72570887176846,346.0682918901668,5,0,,,1764113573066,1764113573126,60,1764113573127
VCURIOSITY_32,Set_11_elong_glossy_3.glb,3,1764113573320-435410_before.png,1764113573320-435410_after.png,284.72570887176846,346.0682918901668,5,0,,,1764113573320,1764113573375,55,1764113573376
VCURIOSITY_32,Set_11_elong_glossy_3.glb,3,1764113573510-199033_before.png,1764113573510-199033_after.png,289.72570887176846,346.0682918901668,5,0,,,1764113573510,1764113573560,50,1764113573562
VCURIOSITY_32,Set_11_elong_glossy_3.glb,3,1764113573697-834487_before.png,1764113573697-834487_after.png,294.72570887176846,346.0682918901668,5,0,,,1764113573697,1764113573759,62,1764113573760
VCURIOSITY_32,Set_11_elong_glossy_3.glb,3,1764113573877-33995_before.png,1764113573877-33995_after.png,299.7257088717685,346.0682918901668,5,0,,,1764113573877,1764113573928,51,1764113573939
VCURIOSITY_32,Set_11_elong_glossy_3.glb,3,1764113574077-851146_before.png,1764113574077-851146_after.png,304.7257088717686,346.0682918901668,5,0,,,1764113574077,1764113574142,65,1764113574155
VCURIOSITY_32,Set_11_elong_glossy_3.glb,2,1764113574657-944988_before.png,1764113574657-944988_after.png,299.7257088717685,346.0682918901668,-5,0,,,1764113574657,1764113574709,52,1764113574710
VCURIOSITY_32,Set_11_elong_glossy_3.glb,2,1764113574908-591394_before.png,1764113574908-591394_after.png,294.7257088717685,346.0682918901668,-5,0,,,1764113574908,1764113574959,51,1764113574960
VCURIOSITY_32,Set_11_elong_glossy_3.glb,2,1764113575276-537244_before.png,1764113575276-537244_after.png,289.72570887176846,346.0682918901668,-5,0,,,1764113575276,1764113575327,51,1764113575325
VCURIOSITY_32,Set_11_elong_glossy_3.glb,2,1764113576638-790578_before.png,1764113576638-790578_after.png,284.72570887176846,346.0682918901668,-5,0,,,1764113576638,1764113576693,55,1764113576705
VCURIOSITY_32,Set_11_elong_glossy_3.glb,3,1764113577281-273315_before.png,1764113577281-273315_after.png,289.72570887176846,346.0682918901668,5,0,,,1764113577281,1764113577341,60,1764113577342
VCURIOSITY_32,Set_11_elong_glossy_3.glb,3,1764113577811-229134_before.png,1764113577811-229134_after.png,294.72570887176846,346.0682918901668,5,0,,,1764113577811,1764113577892,81,1764113577893
VCURIOSITY_32,Set_11_elong_glossy_3.glb,3,1764113577941-532762_before.png,1764113577941-532762_after.png,299.7257088717685,346.0682918901668,5,0,,,1764113577941,1764113577992,51,1764113577993
VCURIOSITY_32,Set_11_elong_glossy_3.glb,3,1764113578035-435137_before.png,1764113578035-435137_after.png,304.7257088717686,346.0682918901668,5,0,,,1764113578035,1764113578090,55,1764113578091
VCURIOSITY_32,Set_11_elong_glossy_3.glb,3,1764113578131-667223_before.png,1764113578131-667223_after.png,309.7257088717686,346.0682918901668,5,0,,,1764113578131,1764113578192,61,1764113578194
VCURIOSITY_32,Set_11_elong_glossy_3.glb,3,1764113578226-491874_before.png,1764113578226-491874_after.png,314.72570887176863,346.0682918901668,5,0,,,1764113578226,1764113578291,65,1764113578292
VCURIOSITY_32,Set_11_elong_glossy_3.glb,3,1764113578324-7225_before.png,1764113578324-7225_after.png,319.7257088717687,346.0682918901668,5,0,,,1764113578324,1764113578375,51,1764113578375
VCURIOSITY_32,Set_11_elong_glossy_3.glb,3,1764113578420-607706_before.png,1764113578420-607706_after.png,324.7257088717687,346.0682918901668,5,0,,,1764113578420,1764113578475,55,1764113578474
VCURIOSITY_32,Set_11_elong_glossy_3.glb,1,1764113578912-420165_before.png,1764113578912-420165_after.png,325.32913464416697,350.166335220171,0.6034257723982819,4.098043330004202,,,1764113578912,1764113578977,65,1764113578977
VCURIOSITY_32,Set_11_elong_glossy_3.glb,1,1764113579481-882295_before.png,1764113579481-882295_after.png,325.7157091087773,354.28893576285157,0.38657446461024847,4.12260054268063,,,1764113579481,1764113579541,60,1764113579542
VCURIOSITY_32,Set_11_elong_glossy_3.glb,0,1764113581633-853118_before.png,1764113581633-853118_after.png,325.32913464416697,350.166335220171,-0.38657446461024847,-4.12260054268063,,,1764113581633,1764113581692,59,1764113581694
VCURIOSITY_32,Set_11_elong_glossy_3.glb,3,1764113582326-758404_before.png,1764113582326-758404_after.png,330.32913464416697,350.166335220171,5,0,,,1764113582326,1764113582377,51,1764113582390
VCURIOSITY_32,Set_11_elong_glossy_3.glb,3,1764113582847-730756_before.png,1764113582847-730756_after.png,335.329134644167,350.166335220171,5,0,,,1764113582847,1764113582908,61,1764113582909
VCURIOSITY_32,Set_11_elong_glossy_3.glb,3,1764113582943-419732_before.png,1764113582943-419732_after.png,340.3291346441671,350.166335220171,5,0,,,1764113582943,1764113582994,51,1764113582994
VCURIOSITY_32,Set_11_elong_glossy_3.glb,3,1764113583043-290383_before.png,1764113583043-290383_after.png,345.32913464416714,350.166335220171,5,0,,,1764113583043,1764113583094,51,1764113583094
VCURIOSITY_32,Set_11_elong_glossy_3.glb,3,1764113583136-288915_before.png,1764113583136-288915_after.png,350.3291346441672,350.166335220171,5,0,,,1764113583136,1764113583192,56,1764113583194
VCURIOSITY_32,Set_11_elong_glossy_3.glb,3,1764113583233-354853_before.png,1764113583233-354853_after.png,355.32913464416725,350.166335220171,5,0,,,1764113583233,1764113583292,59,1764113583294
VCURIOSITY_32,Set_11_elong_glossy_3.glb,3,1764113583331-510080_before.png,1764113583331-510080_after.png,0.3291346441673113,350.166335220171,5.000000000000057,0,,,1764113583331,1764113583392,61,1764113583393
VCURIOSITY_32,Set_11_elong_glossy_3.glb,3,1764113583425-344310_before.png,1764113583425-344310_after.png,5.329134644167425,350.166335220171,5.000000000000114,0,,,1764113583425,1764113583475,50,1764113583476
VCURIOSITY_32,Set_11_elong_glossy_3.glb,3,1764113583521-22430_before.png,1764113583521-22430_after.png,10.329134644167482,350.16633522017105,5,0,,,1764113583521,1764113583574,53,1764113583579
VCURIOSITY_32,Set_11_elong_glossy_3.glb,3,1764113583618-1811_before.png,1764113583618-1811_after.png,15.329134644167539,350.16633522017105,5,0,,,1764113583618,1764113583675,57,1764113583678
VCURIOSITY_32,Set_11_elong_glossy_3.glb,3,1764113583717-137096_before.png,1764113583717-137096_after.png,20.329134644167596,350.16633522017105,5,0,,,1764113583717,1764113583774,57,1764113583777
VCURIOSITY_32,Set_11_elong_glossy_3.glb,3,1764113583811-501269_before.png,1764113583811-501269_after.png,25.329134644167652,350.16633522017105,5,0,,,1764113583811,1764113583875,64,1764113583878
VCURIOSITY_32,Set_11_elong_glossy_3.glb,3,1764113583908-511483_before.png,1764113583908-511483_after.png,30.32913464416771,350.16633522017105,5,0,,,1764113583908,1764113583958,50,1764113583958
VCURIOSITY_32,Set_11_elong_glossy_3.glb,3,1764113584003-189232_before.png,1764113584003-189232_after.png,35.329134644167766,350.16633522017105,5,0,,,1764113584003,1764113584058,55,1764113584064
VCURIOSITY_32,Set_11_elong_glossy_3.glb,3,1764113584100-387800_before.png,1764113584100-387800_after.png,40.32913464416782,350.16633522017105,5,0,,,1764113584100,1764113584151,51,1764113584160
VCURIOSITY_32,Set_11_elong_glossy_3.glb,3,1764113584198-923356_before.png,1764113584198-923356_after.png,45.32913464416788,350.16633522017105,5,0,,,1764113584198,1764113584258,60,1764113584259
VCURIOSITY_32,Set_11_elong_glossy_3.glb,3,1764113584292-525724_before.png,1764113584292-525724_after.png,50.32913464416788,350.16633522017105,5,0,,,1764113584292,1764113584342,50,1764113584343
VCURIOSITY_32,Set_11_elong_glossy_3.glb,3,1764113584391-618921_before.png,1764113584391-618921_after.png,55.32913464416794,350.16633522017105,5,0,,,1764113584391,1764113584442,51,1764113584443
VCURIOSITY_32,Set_11_elong_glossy_3.glb,3,1764113584486-467855_before.png,1764113584486-467855_after.png,60.32913464416799,350.16633522017105,5,0,,,1764113584486,1764113584542,56,1764113584543
VCURIOSITY_32,Set_11_elong_glossy_3.glb,3,1764113584583-91044_before.png,1764113584583-91044_after.png,65.329134644168,350.16633522017105,5,0,,,1764113584583,1764113584644,61,1764113584657
VCURIOSITY_32,Set_11_elong_glossy_3.glb,3,1764113584678-133163_before.png,1764113584678-133163_after.png,70.32913464416805,350.16633522017105,5,0,,,1764113584678,1764113584742,64,1764113584743
VCURIOSITY_32,Set_11_elong_glossy_3.glb,3,1764113584776-582605_before.png,1764113584776-582605_after.png,75.32913464416811,350.16633522017105,5,0,,,1764113584776,1764113584827,51,1764113584826
VCURIOSITY_32,Set_11_elong_glossy_3.glb,3,1764113584876-748332_before.png,1764113584876-748332_after.png,80.32913464416811,350.16633522017105,5,0,,,1764113584876,1764113584926,50,1764113584927
VCURIOSITY_32,Set_11_elong_glossy_3.glb,3,1764113584968-358946_before.png,1764113584968-358946_after.png,85.32913464416811,350.166335220171,5,0,,,1764113584968,1764113585025,57,1764113585026
VCURIOSITY_32,Set_11_elong_glossy_3.glb,3,1764113585066-265194_before.png,1764113585066-265194_after.png,90.32913464416822,350.166335220171,5.000000000000114,0,,,1764113585066,1764113585125,59,1764113585127
VCURIOSITY_32,Set_11_elong_glossy_3.glb,3,1764113585161-203830_before.png,1764113585161-203830_after.png,95.32913464416816,350.166335220171,5,0,,,1764113585161,1764113585211,50,1764113585211
VCURIOSITY_32,Set_11_elong_glossy_3.glb,3,1764113585260-884949_before.png,1764113585260-884949_after.png,100.32913464416816,350.166335220171,5,0,,,1764113585260,1764113585311,51,1764113585324
VCURIOSITY_32,Set_11_elong_glossy_3.glb,3,1764113585352-863830_before.png,1764113585352-863830_after.png,105.32913464416816,350.166335220171,5,0,,,1764113585352,1764113585409,57,1764113585411
VCURIOSITY_32,Set_11_elong_glossy_3.glb,3,1764113585451-852192_before.png,1764113585451-852192_after.png,110.32913464416822,350.16633522017094,5,0,,,1764113585451,1764113585508,57,1764113585510
VCURIOSITY_32,Set_11_elong_glossy_3.glb,3,1764113585548-730125_before.png,1764113585548-730125_after.png,115.32913464416816,350.16633522017094,5,0,,,1764113585548,1764113585608,60,1764113585609
VCURIOSITY_32,Set_11_elong_glossy_3.glb,3,1764113585644-29040_before.png,1764113585644-29040_after.png,120.329134644168,350.1663352201712,4.999999999999773,2.2737367544323206e-13,,,1764113585644,1764113585708,64,1764113585709
VCURIOSITY_32,Set_11_elong_glossy_3.glb,2,1764113665070-70271_before.png,1764113665070-70271_after.png,115.32913464416816,350.16633522017094,-4.999999999999773,-2.2737367544323206e-13,,,1764113665070,1764113665128,58,1764113665143
VCURIOSITY_32,Set_11_elong_glossy_3.glb,2,1764113666442-366668_before.png,1764113666442-366668_after.png,110.32913464416816,350.16633522017094,-5,0,,,1764113666442,1764113666493,51,1764113666493
VCURIOSITY_32,Set_11_elong_glossy_3.glb,2,1764113666806-642561_before.png,1764113666806-642561_after.png,105.32913464416822,350.166335220171,-5,0,,,1764113666806,1764113666860,54,1764113666861
VCURIOSITY_32,Set_11_elong_glossy_3.glb,2,1764113667042-374760_before.png,1764113667042-374760_after.png,100.32913464416822,350.166335220171,-5,0,,,1764113667042,1764113667092,50,1764113667093
VCURIOSITY_32,Set_11_elong_glossy_3.glb,1,1764113669011-921890_before.png,1764113669011-921890_after.png,99.43667201314219,349.30760450757276,-0.8924626310260919,-0.8587307125982306,,,1764113669011,1764113669062,51,1764113669076
VCURIOSITY_32,Set_11_elong_glossy_3.glb,1,1764113669321-55080_before.png,1764113669321-55080_after.png,98.46867436810919,348.5290016768886,-0.9679976450329377,-0.7786028306841217,,,1764113669321,1764113669377,56,1764113669381
VCURIOSITY_32,Set_11_elong_glossy_3.glb,1,1764113669819-524857_before.png,1764113669819-524857_after.png,97.4319529394241,347.83697105994366,-1.0367214286850412,-0.6920306169449759,,,1764113669819,1764113669879,60,1764113669893
VCURIOSITY_32,Set_11_elong_glossy_3.glb,2,1764113670277-781710_before.png,1764113670277-781710_after.png,92.4319529394241,347.83697105994366,-5,0,,,1764113670277,1764113670328,51,1764113670328
VCURIOSITY_32,Set_11_elong_glossy_3.glb,2,1764113670671-301339_before.png,1764113670671-301339_after.png,87.4319529394241,347.83697105994366,-5,0,,,1764113670671,1764113670727,56,1764113670737
VCURIOSITY_32,Set_11_elong_glossy_3.glb,2,1764113671256-623962_before.png,1764113671256-623962_after.png,82.43195293942415,347.8369710599436,-5,0,,,1764113671256,1764113671310,54,1764113671311
VCURIOSITY_32,Set_11_elong_glossy_3.glb,2,1764113684055-654618_before.png,1764113684055-654618_after.png,77.43195293942415,347.8369710599436,-5,0,,,1764113684055,1764113684112,57,1764113684124
VCURIOSITY_32,Set_11_elong_glossy_3.glb,2,1764113684380-430978_before.png,1764113684380-430978_after.png,72.43195293942415,347.8369710599436,-5,0,,,1764113684380,1764113684430,50,1764113684460
VCURIOSITY_32,Set_11_elong_glossy_3.glb,2,1764113684914-450647_before.png,1764113684914-450647_after.png,67.4319529394241,347.8369710599436,-5,0,,,1764113684914,1764113684966,52,1764113684977
VCURIOSITY_32,Set_11_elong_glossy_3.glb,2,1764113685011-93884_before.png,1764113685011-93884_after.png,62.431952939424036,347.8369710599436,-5,0,,,1764113685011,1764113685063,52,1764113685078
VCURIOSITY_32,Set_11_elong_glossy_3.glb,2,1764113685106-817913_before.png,1764113685106-817913_after.png,57.431952939424036,347.8369710599436,-5,0,,,1764113685106,1764113685163,57,1764113685178
VCURIOSITY_32,Set_11_elong_glossy_3.glb,2,1764113694988-466410_before.png,1764113694988-466410_after.png,52.43195293942398,347.8369710599436,-5,0,,,1764113694988,1764113695042,54,1764113695047
VCURIOSITY_32,Set_11_elong_glossy_3.glb,3,1764113696069-96250_before.png,1764113696069-96250_after.png,57.431952939424036,347.8369710599436,5,0,,,1764113696069,1764113696128,59,1764113696130
VCURIOSITY_32,Set_11_elong_glossy_3.glb,3,1764113696335-741918_before.png,1764113696335-741918_after.png,62.43195293942409,347.8369710599436,5,0,,,1764113696335,1764113696393,58,1764113696396
VCURIOSITY_32,Set_11_elong_glossy_3.glb,3,1764113696870-616399_before.png,1764113696870-616399_after.png,67.4319529394241,347.8369710599436,5,0,,,1764113696870,1764113696924,54,1764113696930
VCURIOSITY_32,Set_11_elong_glossy_3.glb,3,1764113696968-364064_before.png,1764113696968-364064_after.png,72.43195293942415,347.8369710599436,5,0,,,1764113696968,1764113697028,60,1764113697040
VCURIOSITY_32,Set_11_elong_glossy_3.glb,3,1764113697065-39973_before.png,1764113697065-39973_after.png,77.4319529394242,347.8369710599436,5,0,,,1764113697065,1764113697127,62,1764113697128
VCURIOSITY_32,Set_11_elong_glossy_3.glb,3,1764113697160-603632_before.png,1764113697160-603632_after.png,82.4319529394242,347.8369710599436,5,0,,,1764113697160,1764113697210,50,1764113697211
VCURIOSITY_32,Set_11_elong_glossy_3.glb,3,1764113697256-74970_before.png,1764113697256-74970_after.png,87.43195293942426,347.8369710599436,5,0,,,1764113697256,1764113697313,57,1764113697326
VCURIOSITY_32,Set_11_elong_glossy_3.glb,3,1764113697354-916865_before.png,1764113697354-916865_after.png,92.43195293942426,347.8369710599436,5,0,,,1764113697354,1764113697411,57,1764113697413
VCURIOSITY_32,Set_11_elong_glossy_3.glb,3,1764113697449-423808_before.png,1764113697449-423808_after.png,97.43195293942426,347.8369710599436,5,0,,,1764113697449,1764113697509,60,1764113697510
VCURIOSITY_32,Set_11_elong_glossy_3.glb,3,1764113697545-370773_before.png,1764113697545-370773_after.png,102.43195293942426,347.83697105994366,5,0,,,1764113697545,1764113697611,66,1764113697612
VCURIOSITY_32,Set_11_elong_glossy_3.glb,3,1764113699089-537636_before.png,1764113699089-537636_after.png,107.43195293942426,347.83697105994366,5,0,,,1764113699089,1764113699145,56,1764113699161
VCURIOSITY_32,Set_11_elong_glossy_3.glb,3,1764113699380-496339_before.png,1764113699380-496339_after.png,112.43195293942426,347.83697105994366,5,0,,,1764113699380,1764113699432,52,1764113699446
VCURIOSITY_32,Set_11_elong_glossy_3.glb,2,1764113703471-931486_before.png,1764113703471-931486_after.png,107.43195293942426,347.83697105994366,-5,0,,,1764113703471,1764113703528,57,1764113703530
VCURIOSITY_32,Set_11_elong_glossy_3.glb,2,1764113703797-663047_before.png,1764113703797-663047_after.png,102.43195293942426,347.83697105994366,-5,0,,,1764113703797,1764113703862,65,1764113703870
VCURIOSITY_32,Set_11_elong_glossy_3.glb,2,1764113704111-177801_before.png,1764113704111-177801_after.png,97.43195293942432,347.8369710599436,-5,0,,,1764113704111,1764113704162,51,1764113704176
VCURIOSITY_32,Set_11_elong_glossy_3.glb,2,1764113704535-383309_before.png,1764113704535-383309_after.png,92.43195293942426,347.8369710599436,-5,0,,,1764113704535,1764113704595,60,1764113704596
VCURIOSITY_32,Set_11_elong_glossy_3.glb,3,1764113712880-6586_before.png,1764113712880-6586_after.png,97.43195293942432,347.8369710599436,5,0,,,1764113712880,1764113712944,64,1764113712946
VCURIOSITY_32,Set_11_elong_glossy_3.glb,3,1764113713416-627782_before.png,1764113713416-627782_after.png,102.43195293942432,347.83697105994366,5,0,,,1764113713415,1764113713467,52,1764113713478
VCURIOSITY_32,Set_11_elong_glossy_3.glb,3,1764113713511-227106_before.png,1764113713511-227106_after.png,107.43195293942432,347.83697105994366,5,0,,,1764113713511,1764113713561,50,1764113713563
VCURIOSITY_32,Set_11_elong_glossy_3.glb,3,1764113713608-457105_before.png,1764113713608-457105_after.png,112.43195293942432,347.83697105994366,5,0,,,1764113713608,1764113713661,53,1764113713662
VCURIOSITY_32,Set_11_elong_glossy_3.glb,3,1764113713704-265849_before.png,1764113713704-265849_after.png,117.43195293942432,347.83697105994366,5,0,,,1764113713704,1764113713762,58,1764113713763
VCURIOSITY_32,Set_11_elong_glossy_3.glb,3,1764113713803-847717_before.png,1764113713803-847717_after.png,122.43195293942415,347.8369710599437,4.999999999999773,0,,,1764113713803,1764113713861,58,1764113713864
VCURIOSITY_32,Set_11_elong_glossy_3.glb,3,1764113713896-416473_before.png,1764113713896-416473_after.png,127.43195293942404,347.8369710599437,4.999999999999886,0,,,1764113713896,1764113713947,51,1764113713957
VCURIOSITY_32,Set_11_elong_glossy_3.glb,3,1764113713995-729029_before.png,1764113713995-729029_after.png,132.43195293942404,347.8369710599437,5,0,,,1764113713995,1764113714045,50,1764113714049
VCURIOSITY_32,Set_11_elong_glossy_3.glb,3,1764113714088-603171_before.png,1764113714088-603171_after.png,137.43195293942398,347.8369710599437,5,0,,,1764113714088,1764113714145,57,1764113714146
VCURIOSITY_32,Set_11_elong_glossy_3.glb,3,1764113714186-617635_before.png,1764113714186-617635_after.png,142.43195293942392,347.8369710599438,5,0,,,1764113714186,1764113714245,59,1764113714246
VCURIOSITY_32,Set_11_elong_glossy_3.glb,3,1764113714281-293504_before.png,1764113714281-293504_after.png,147.43195293942387,347.8369710599438,5,0,,,1764113714281,1764113714344,63,1764113714346
VCURIOSITY_32,Set_11_elong_glossy_3.glb,3,1764113714379-852157_before.png,1764113714379-852157_after.png,152.4319529394238,347.8369710599438,5,0,,,1764113714379,1764113714430,51,1764113714433
VCURIOSITY_32,Set_11_elong_glossy_3.glb,3,1764113714713-609884_before.png,1764113714713-609884_after.png,157.4319529394237,347.8369710599438,4.999999999999886,0,,,1764113714713,1764113714764,51,1764113714767
VCURIOSITY_32,Set_11_elong_glossy_3.glb,3,1764113714957-302170_before.png,1764113714957-302170_after.png,162.43195293942358,347.8369710599438,4.999999999999886,0,,,1764113714956,1764113715011,55,1764113715016
VCURIOSITY_32,Set_11_elong_glossy_3.glb,3,1764113715211-851097_before.png,1764113715211-851097_after.png,167.43195293942358,347.8369710599438,5,0,,,1764113715211,1764113715262,51,1764113715263
VCURIOSITY_32,Set_11_elong_glossy_3.glb,0,1764113717319-450296_before.png,1764113717319-450296_after.png,167.61712320995593,352.7190650172912,0.18517027053235324,4.882093957347479,,,1764113717319,1764113717379,60,1764113717392
VCURIOSITY_32,Set_11_elong_glossy_3.glb,3,1764113718027-880137_before.png,1764113718027-880137_after.png,172.61712320995593,352.71906501729126,5,0,,,1764113718027,1764113718078,51,1764113718079
VCURIOSITY_32,Set_11_elong_glossy_3.glb,3,1764113718561-701767_before.png,1764113718561-701767_after.png,177.61712320995582,352.71906501729126,4.999999999999886,0,,,1764113718561,1764113718612,51,1764113718611
VCURIOSITY_32,Set_11_elong_glossy_3.glb,3,1764113718660-328885_before.png,1764113718660-328885_after.png,182.6171232099557,352.71906501729126,4.999999999999886,0,,,1764113718660,1764113718710,50,1764113718710
VCURIOSITY_32,Set_11_elong_glossy_3.glb,3,1764113718754-541761_before.png,1764113718754-541761_after.png,187.61712320995562,352.71906501729126,4.999999999999886,0,,,1764113718754,1764113718811,57,1764113718812
VCURIOSITY_32,Set_11_elong_glossy_3.glb,3,1764113718852-64311_before.png,1764113718852-64311_after.png,192.6171232099555,352.71906501729126,4.999999999999886,0,,,1764113718852,1764113718910,58,1764113718910
VCURIOSITY_32,Set_11_elong_glossy_3.glb,3,1764113718945-840173_before.png,1764113718945-840173_after.png,197.61712320995542,352.71906501729126,4.999999999999886,0,,,1764113718945,1764113718996,51,1764113718996
VCURIOSITY_32,Set_11_elong_glossy_3.glb,3,1764113719045-14388_before.png,1764113719045-14388_after.png,202.61712320995534,352.71906501729126,4.999999999999886,0,,,1764113719045,1764113719108,63,1764113719111
VCURIOSITY_32,Set_11_elong_glossy_3.glb,3,1764113719139-975453_before.png,1764113719139-975453_after.png,207.61712320995528,352.7190650172913,5,0,,,1764113719139,1764113719194,55,1764113719211
VCURIOSITY_32,Set_11_elong_glossy_3.glb,3,1764113719236-379526_before.png,1764113719236-379526_after.png,212.6171232099552,352.7190650172913,4.999999999999886,0,,,1764113719236,1764113719286,50,1764113719295
VCURIOSITY_32,Set_11_elong_glossy_3.glb,3,1764113719332-43057_before.png,1764113719332-43057_after.png,217.61712320995514,352.7190650172913,5,0,,,1764113719332,1764113719382,50,1764113719396
VCURIOSITY_32,Set_11_elong_glossy_3.glb,3,1764113719429-976106_before.png,1764113719429-976106_after.png,222.61712320995503,352.7190650172913,4.999999999999886,0,,,1764113719429,1764113719512,83,1764113719513
VCURIOSITY_32,Set_11_elong_glossy_3.glb,3,1764113719561-734040_before.png,1764113719561-734040_after.png,227.61712320995497,352.7190650172913,5,0,,,1764113719561,1764113719614,53,1764113719610
VCURIOSITY_32,Set_11_elong_glossy_3.glb,3,1764113719653-957150_before.png,1764113719653-957150_after.png,232.6171232099549,352.7190650172913,5,0,,,1764113719653,1764113719711,58,1764113719713
VCURIOSITY_32,Set_11_elong_glossy_3.glb,2,1764113745789-8406_before.png,1764113745789-8406_after.png,227.617123209955,352.7190650172913,-4.999999999999886,0,,,1764113745789,1764113745844,55,1764113745846
VCURIOSITY_32,Set_11_elong_glossy_3.glb,2,1764113746049-838116_before.png,1764113746049-838116_after.png,222.61712320995503,352.7190650172913,-5,0,,,1764113746049,1764113746113,64,1764113746130
VCURIOSITY_32,Set_11_elong_glossy_3.glb,3,1764113746647-881492_before.png,1764113746647-881492_after.png,227.61712320995497,352.7190650172913,5,0,,,1764113746647,1764113746697,50,1764113746712
VCURIOSITY_32,Set_11_elong_glossy_3.glb,3,1764113747180-92572_before.png,1764113747180-92572_after.png,232.6171232099549,352.7190650172913,5,0,,,1764113747180,1764113747231,51,1764113747243
VCURIOSITY_32,Set_11_elong_glossy_3.glb,3,1764113747278-185727_before.png,1764113747278-185727_after.png,237.6171232099548,352.7190650172913,4.999999999999886,0,,,1764113747278,1764113747329,51,1764113747330
VCURIOSITY_32,Set_11_elong_glossy_3.glb,3,1764113747371-579654_before.png,1764113747371-579654_after.png,242.61712320995468,352.71906501729103,4.999999999999886,-2.2737367544323206e-13,,,1764113747371,1764113747428,57,1764113747430
VCURIOSITY_32,Set_11_elong_glossy_3.glb,3,1764113747469-310971_before.png,1764113747469-310971_after.png,247.61712320995468,352.71906501729103,5,0,,,1764113747469,1764113747525,56,1764113747531
VCURIOSITY_32,Set_11_elong_glossy_3.glb,3,1764113747565-452265_before.png,1764113747565-452265_after.png,252.61712320995463,352.7190650172911,5,0,,,1764113747565,1764113747616,51,1764113747623
VCURIOSITY_32,Set_11_elong_glossy_3.glb,3,1764113747662-660804_before.png,1764113747662-660804_after.png,257.6171232099546,352.7190650172911,5,0,,,1764113747662,1764113747713,51,1764113747713
VCURIOSITY_32,Set_11_elong_glossy_3.glb,3,1764113747760-174103_before.png,1764113747760-174103_after.png,262.6171232099546,352.7190650172911,5,0,,,1764113747760,1764113747811,51,1764113747813
VCURIOSITY_32,Set_11_elong_glossy_3.glb,3,1764113747855-138120_before.png,1764113747855-138120_after.png,267.61712320995457,352.7190650172911,5,0,,,1764113747855,1764113747911,56,1764113747913
VCURIOSITY_32,Set_11_elong_glossy_3.glb,3,1764113747953-337977_before.png,1764113747953-337977_after.png,272.6171232099546,352.7190650172911,5,0,,,1764113747953,1764113748010,57,1764113748011
VCURIOSITY_32,Set_11_elong_glossy_3.glb,3,1764113748047-838259_before.png,1764113748047-838259_after.png,277.6171232099546,352.71906501729114,5,0,,,1764113748046,1764113748113,67,1764113748112
VCURIOSITY_32,Set_11_elong_glossy_3.glb,3,1764113748595-28868_before.png,1764113748595-28868_after.png,282.6171232099547,352.71906501729114,5,0,,,1764113748595,1764113748646,51,1764113748659
VCURIOSITY_32,Set_11_elong_glossy_3.glb,3,1764113749129-85212_before.png,1764113749129-85212_after.png,287.6171232099547,352.71906501729114,5,0,,,1764113749129,1764113749193,64,1764113749195
VCURIOSITY_32,Set_11_elong_glossy_3.glb,3,1764113749227-731412_before.png,1764113749227-731412_after.png,292.6171232099547,352.71906501729114,5,0,,,1764113749227,1764113749281,54,1764113749295
VCURIOSITY_32,Set_11_elong_glossy_3.glb,3,1764113749322-812060_before.png,1764113749322-812060_after.png,297.61712320995474,352.71906501729114,5,0,,,1764113749322,1764113749378,56,1764113749378
VCURIOSITY_32,Set_11_elong_glossy_3.glb,3,1764113749725-659748_before.png,1764113749725-659748_after.png,302.6171232099548,352.71906501729114,5,0,,,1764113749725,1764113749780,55,1764113749797
VCURIOSITY_32,Set_11_elong_glossy_3.glb,1,1764113751148-629036_before.png,1764113751148-629036_after.png,303.0533839530047,355.43142637056525,0.43626074304984286,2.7123613532741047,,,1764113751148,1764113751212,64,1764113751213
VCURIOSITY_32,Set_11_elong_glossy_3.glb,1,1764113751479-856384_before.png,1764113751479-856384_after.png,303.28753330762663,358.1683075870149,0.23414935462187714,2.7368812164496603,,,1764113751479,1764113751530,51,1764113751529
VCURIOSITY_32,Set_11_elong_glossy_3.glb,1,1764113752000-449417_before.png,1764113752000-449417_after.png,303.320986278017,0.9149500015788021,0.03345297039038542,2.746642414563894,,,1764113752000,1764113752061,61,1764113752062
VCURIOSITY_32,Set_11_elong_glossy_3.glb,3,1764113754779-1406_before.png,1764113754779-1406_after.png,308.320986278017,0.9149500015788021,5,0,,,1764113754779,1764113754830,51,1764113754839
VCURIOSITY_32,Set_11_elong_glossy_3.glb,2,1764113755526-813840_before.png,1764113755526-813840_after.png,303.320986278017,0.9149500015788021,-5,0,,,1764113755526,1764113755578,52,1764113755580
VCURIOSITY_32,Set_11_elong_glossy_3.glb,2,1764113755761-125603_before.png,1764113755761-125603_after.png,298.3209862780169,0.9149500015788021,-5.000000000000114,0,,,1764113755761,1764113755812,51,1764113755813
VCURIOSITY_32,Set_11_elong_glossy_3.glb,2,1764113756154-250997_before.png,1764113756154-250997_after.png,293.3209862780169,0.9149500015788021,-5,0,,,1764113756154,1764113756212,58,1764113756216
VCURIOSITY_32,Set_11_elong_glossy_3.glb,2,1764113756511-215005_before.png,1764113756511-215005_after.png,288.32098627801685,0.9149500015788021,-5,0,,,1764113756511,1764113756562,51,1764113756564
VCURIOSITY_32,Set_11_elong_glossy_3.glb,3,1764113757234-252933_before.png,1764113757234-252933_after.png,293.3209862780169,0.9149500015788021,5,0,,,1764113757234,1764113757286,52,1764113757296
VCURIOSITY_32,Set_11_elong_glossy_3.glb,3,1764113757439-469072_before.png,1764113757439-469072_after.png,298.3209862780169,0.9149500015788021,5,0,,,1764113757439,1764113757496,57,1764113757498
VCURIOSITY_32,Set_11_elong_glossy_3.glb,3,1764113759896-31766_before.png,1764113759896-31766_after.png,303.32098627801696,0.9149500015788021,5,0,,,1764113759896,1764113759951,55,1764113759962
VCURIOSITY_32,Set_11_elong_glossy_3.glb,3,1764113760429-772488_before.png,1764113760429-772488_after.png,308.320986278017,0.9149500015788021,5,0,,,1764113760429,1764113760494,65,1764113760494
VCURIOSITY_32,Set_11_elong_glossy_3.glb,3,1764113760523-139955_before.png,1764113760523-139955_after.png,313.3209862780171,0.9149500015788021,5,0,,,1764113760523,1764113760574,51,1764113760578
VCURIOSITY_32,Set_11_elong_glossy_3.glb,3,1764113760621-469122_before.png,1764113760621-469122_after.png,318.3209862780172,0.9149500015788021,5.000000000000114,0,,,1764113760621,1764113760677,56,1764113760678
VCURIOSITY_32,Set_11_elong_glossy_3.glb,3,1764113760718-252765_before.png,1764113760718-252765_after.png,323.32098627801724,0.9149500015788021,5,0,,,1764113760718,1764113760794,76,1764113760795
VCURIOSITY_32,Set_11_elong_glossy_3.glb,3,1764113760845-384026_before.png,1764113760845-384026_after.png,328.3209862780173,0.9149500015788021,5,0,,,1764113760845,1764113760896,51,1764113760896
VCURIOSITY_32,Set_11_elong_glossy_3.glb,3,1764113760940-54947_before.png,1764113760940-54947_after.png,333.3209862780174,0.9149500015788021,5.000000000000114,0,,,1764113760940,1764113760994,54,1764113760995
VCURIOSITY_32,Set_11_elong_glossy_3.glb,3,1764113761037-321656_before.png,1764113761037-321656_after.png,338.32098627801753,0.9149500015788021,5.000000000000114,0,,,1764113761037,1764113761094,57,1764113761095
VCURIOSITY_32,Set_11_elong_glossy_3.glb,3,1764113761134-416285_before.png,1764113761134-416285_after.png,343.3209862780176,0.9149500015788021,5,0,,,1764113761134,1764113761194,60,1764113761196
VCURIOSITY_32,Set_11_elong_glossy_3.glb,3,1764113761230-700221_before.png,1764113761230-700221_after.png,348.3209862780177,0.9149500015788021,5.000000000000114,0,,,1764113761230,1764113761281,51,1764113761277
VCURIOSITY_32,Set_11_elong_glossy_3.glb,3,1764113761329-745833_before.png,1764113761329-745833_after.png,353.3209862780178,0.9149500015788021,5.000000000000114,0,,,1764113761329,1764113761379,50,1764113761379
VCURIOSITY_32,Set_11_elong_glossy_3.glb,3,1764113761423-729581_before.png,1764113761423-729581_after.png,358.3209862780179,0.9149500015788021,5.000000000000114,0,,,1764113761423,1764113761477,54,1764113761478
VCURIOSITY_32,Set_11_elong_glossy_3.glb,3,1764113761518-817306_before.png,1764113761518-817306_after.png,3.32098627801804,0.9149500015788021,5.000000000000114,0,,,1764113761518,1764113761569,51,1764113761576
VCURIOSITY_32,Set_11_elong_glossy_3.glb,3,1764113761618-308954_before.png,1764113761618-308954_after.png,8.320986278018154,0.914950001578859,5.000000000000114,0,,,1764113761618,1764113761679,61,1764113761680
VCURIOSITY_32,Set_11_elong_glossy_3.glb,3,1764113761713-276904_before.png,1764113761713-276904_after.png,13.320986278018268,0.914950001578859,5.000000000000114,0,,,1764113761713,1764113761763,50,1764113761774
VCURIOSITY_32,Set_11_elong_glossy_3.glb,3,1764113761811-655260_before.png,1764113761811-655260_after.png,18.32098627801838,0.914950001578859,5.000000000000114,0,,,1764113761811,1764113761862,51,1764113761862
VCURIOSITY_32,Set_11_elong_glossy_3.glb,3,1764113761905-956081_before.png,1764113761905-956081_after.png,23.320986278018495,0.914950001578859,5.000000000000114,0,,,1764113761905,1764113761958,53,1764113761962
VCURIOSITY_32,Set_11_elong_glossy_3.glb,3,1764113762002-565290_before.png,1764113762002-565290_after.png,28.32098627801855,0.914950001578859,5,0,,,1764113762002,1764113762062,60,1764113762063
VCURIOSITY_32,Set_11_elong_glossy_3.glb,3,1764113762097-992277_before.png,1764113762097-992277_after.png,33.320986278018665,0.914950001578859,5.000000000000114,0,,,1764113762097,1764113762161,64,1764113762161
VCURIOSITY_32,Set_11_elong_glossy_3.glb,3,1764113762195-262929_before.png,1764113762195-262929_after.png,38.32098627801872,0.914950001578859,5,0,,,1764113762195,1764113762245,50,1764113762245
VCURIOSITY_32,Set_11_elong_glossy_3.glb,3,1764113762289-522287_before.png,1764113762289-522287_after.png,43.320986278018836,0.914950001578859,5.000000000000114,0,,,1764113762289,1764113762341,52,1764113762345
VCURIOSITY_32,Set_11_elong_glossy_3.glb,3,1764113762387-249103_before.png,1764113762387-249103_after.png,48.32098627801895,0.914950001578859,5.000000000000114,0,,,1764113762387,1764113762447,60,1764113762460
VCURIOSITY_32,Set_11_elong_glossy_3.glb,3,1764113762484-476694_before.png,1764113762484-476694_after.png,53.32098627801901,0.914950001578859,5,0,,,1764113762484,1764113762544,60,1764113762559
VCURIOSITY_32,Set_11_elong_glossy_3.glb,3,1764113762581-227694_before.png,1764113762581-227694_after.png,58.32098627801906,0.914950001578859,5,0,,,1764113762581,1764113762634,53,1764113762644
VCURIOSITY_32,Set_11_elong_glossy_3.glb,3,1764113762679-379044_before.png,1764113762679-379044_after.png,63.32098627801912,0.914950001578859,5,0,,,1764113762679,1764113762730,51,1764113762743
VCURIOSITY_32,Set_11_elong_glossy_3.glb,3,1764113762773-18207_before.png,1764113762773-18207_after.png,68.32098627801918,0.914950001578859,5,0,,,1764113762773,1764113762830,57,1764113762846
VCURIOSITY_32,Set_11_elong_glossy_3.glb,3,1764113762872-899764_before.png,1764113762872-899764_after.png,73.32098627801923,0.914950001578859,5,0,,,1764113762872,1764113762927,55,1764113762928
VCURIOSITY_32,Set_11_elong_glossy_3.glb,3,1764113762967-550635_before.png,1764113762967-550635_after.png,78.32098627801929,0.914950001578859,5,0,,,1764113762967,1764113763029,62,1764113763030
VCURIOSITY_32,Set_11_elong_glossy_3.glb,3,1764113763065-144190_before.png,1764113763065-144190_after.png,83.32098627801929,0.914950001578859,5,0,,,1764113763065,1764113763116,51,1764113763111
VCURIOSITY_32,Set_11_elong_glossy_3.glb,3,1764113763157-23926_before.png,1764113763157-23926_after.png,88.32098627801929,0.914950001578859,5,0,,,1764113763157,1764113763212,55,1764113763214
VCURIOSITY_32,Set_11_elong_glossy_3.glb,3,1764113763256-772343_before.png,1764113763256-772343_after.png,93.32098627801929,0.9149500015788021,5,0,,,1764113763256,1764113763312,56,1764113763313
VCURIOSITY_32,Set_11_elong_glossy_3.glb,3,1764113763352-924354_before.png,1764113763352-924354_after.png,98.32098627801929,0.9149500015788021,5,0,,,1764113763352,1764113763412,60,1764113763413
VCURIOSITY_32,Set_11_elong_glossy_3.glb,3,1764113763449-157247_before.png,1764113763449-157247_after.png,103.32098627801929,0.9149500015788021,5,0,,,1764113763449,1764113763528,79,1764113763529
